state,zip,plan,gender,company,rate_type,rate_min,rate_max,hhd_std_min,hhd_std_max,hhd_rm_min,hhd_rm_max,phone,website,address
NC,27101,G,MALE,Atlantic Capital Life Assurance Company (Preferred),ATTAINED_AGE,131.94,131.94,,,122.7,122.7,866-458-1430,https://bankersfidelity.com/,"4370 Peachtree Road, NE Atlanta, GA  30319"
NC,27101,G,MALE,"Physicians Mutual Insurance Company, Inc. (Innovative)",ATTAINED_AGE,147.79,147.79,,,131.37,131.37,800-325-6300,https://www.physiciansmutual.com/cs/products/medsup/medsup.html,"2600 Dodge Street, Omaha, Nebraska 68131"
NC,27101,G,MALE,Nassau Life Insurance Company,ATTAINED_AGE,151.2,151.2,,,,,860-403-5000,https://www.nsre.com/,"One American Row, Hartford, CT  06103"
NC,27101,G,MALE,Old Surety Life Insurance Company,ISSUE_AGE,162.85,162.85,,,,,800-272-5466,http://www.oldsurety.com/,"5201 N Lincoln Blvd, Oklahoma City, OK 73105"
NC,27101,G,MALE,Atlantic Capital Life Assurance Company (Standard),ATTAINED_AGE,164.56,164.56,,,153.04,153.04,866-458-1430,https://bankersfidelity.com/,"4370 Peachtree Road, NE Atlanta, GA  30319"
NC,27101,G,MALE,Lumos Insurance,ATTAINED_AGE,165.54,165.54,,,153.95,153.95,800-752-8328,https://www.lumosinsurance.com/life-health,"2701 North Main Street, Crossville, TN 38555"
NC,27101,G,MALE,Insurance Company of North America,ATTAINED_AGE,166.75,166.75,,,155.08,155.08,215-640-1000,https://www.chubb.com/microsites/ace-medicare-supplement.html,436 Walnut Street
NC,27101,G,MALE,Globe Life and Accident Insurance Company,ATTAINED_AGE,168,168,,,156.24,156.24,888-678-3403,https://www.globelifeinsurance.com/globecaremedsupp,"3700 S. Stonebridge Drive McKinney, TX 75070"
NC,27101,G,MALE,LifeShield National Insurance Company,ATTAINED_AGE,170.56,170.56,,,158.62,158.62,800-851-5041,https://www.lifeshieldnational.com/,"5500 N Western Avenue, Suite 200, Oklahoma City, OK 73118"
NC,27101,G,MALE,HealthSpring Insurance Company,ATTAINED_AGE,171.92,171.92,,,,,877-607-6002,https://www.cigna.com/medicare/shop-plans/supplemental/,"PO Box 5700, Scranton PA 18505-5700"
NC,27101,G,MALE,WoodmenLife,ATTAINED_AGE,175.57,175.57,,,158.01,158.01,1-866-236-0029,https://www.woodmenlife.org/insurance/medicare-supplement-insurance/,"1700 Farnam Street, Omaha, NE 68102"
NC,27101,G,MALE,Erie Family Life Insurance Company,ATTAINED_AGE,177.95,177.95,163.71,163.71,163.71,163.71,800-458-0811,https://www.erieinsurance.com/medicare-supplement,"100 Erie Insurance Place Erie, PA  16530"
NC,27101,G,MALE,American Benefit Life Insurance Company,ATTAINED_AGE,178.74,178.74,,,160.87,160.87,833-504-0331,https://lbig.com/,"1605 LBJ Freeway, Suite 700 Dallas, Texas 75234"
NC,27101,G,MALE,AFLAC,ATTAINED_AGE,179.69,179.69,,,161.72,161.72,866-990-2668,https://www.aflac.com/individuals,"Aflac Tier One, PO Box 14863, Lexington, KY 40512-4863"
NC,27101,G,MALE,Medico Insurance Company (Preferred),ATTAINED_AGE,180.33,180.33,,,158.69,158.69,800-228-6080,https://www.gomedico.com/,"P.O. Box 10386 Des Moines, IA 50306-0386"
NC,27101,G,MALE,State Farm Mutual Automobile Insurance Company,ATTAINED_AGE,181.22,181.22,,,,,800-782-8332,https://www.statefarm.com/insurance/health/medicare-supplemental,"One State Farm Plaza, Bloomington, IL 61710"
NC,27101,G,MALE,Bankers Life (Underwritten by Washington National Insurance Company),ATTAINED_AGE,181.49,181.49,,,,,800-446-5018,https://www.bankerslife.com/medicare-supplement-insurance/?src=medicaregov&medium=listing,"11299 Illinois Street, Suite 200, Carmel, IN 46032"
NC,27101,G,MALE,USAA Life Insurance Company,ATTAINED_AGE,184.28,184.28,,,,,800-531-8722,https://www.usaa.com/inet/wc/insurance-health-medicare,"9800 Fredericksburg Rd. San Antonio, TX 78288"
NC,27101,G,MALE,AARP - UnitedHealthcare Insurance Company (Standard),COMMUNITY_RATED,186.79,186.79,165.12,165.12,,,888-378-0849,https://www.aarpmedicaresupplement.com/,PO Box 9003; Huntingdon Valley PA 19006
NC,27101,G,MALE,"Humana (Humana Benefit Plan of Illinois, Inc.)",ATTAINED_AGE,189.42,189.42,,,166.45,166.45,877-426-1269,https://www.humana.com/medicare/medicare-supplement-plans?kc=0321046030,"P.O. Box 14611 Lexington, KY 40512-4611"
NC,27101,G,MALE,New Era Life Insurance Company of the Midwest,ATTAINED_AGE,190.09,190.09,178.68,178.68,178.68,178.68,877-417-7555,http://www.neweralife.com/,"P.O. Box 4884, Houston, TX 77210-4884"
NC,27101,G,MALE,Medico Insurance Company (Standard I),ATTAINED_AGE,198.37,198.37,,,174.57,174.57,800-228-6080,https://www.gomedico.com/,"P.O. Box 10386 Des Moines, IA 50306-0386"
NC,27101,G,MALE,AARP - UnitedHealthcare Insurance Company of America (Standard),COMMUNITY_RATED,204.57,204.57,173.28,173.28,183.71,183.71,888-378-0849,https://www.aarpmedicaresupplement.com/,PO Box 9003; Huntingdon Valley PA 19006
NC,27101,G,MALE,BlueCross BlueShield of North Carolina,ATTAINED_AGE,205.5,205.5,,,,,800-478-0583,https://www.bluecrossnc.com/,"PO Box 2291 Durham, NC  27702-2291"
NC,27101,G,MALE,Aetna Health Insurance Company,ATTAINED_AGE,208.25,208.25,193.67,193.67,193.67,193.67,800-358-8749 ,https://www.aetnamedicare.com/,"PO Box 14088 Lexington, KY 40513"
NC,27101,G,MALE,Mutual of Omaha (Omaha Insurance Company),ATTAINED_AGE,212.34,212.34,,,186.86,186.86,855-977-6312,https://www.mutualofomaha.com/medicaregov/,"3300 Mutual of Omaha Plaza, Omaha, NE 68175"
NC,27101,G,MALE,Heartland National Life Insurance Company,ATTAINED_AGE,217.98,217.98,,,202.72,202.72,866-916-7971,http://www.heartlandnational.net/medicare.php,"P.O. Box 2878 Salt Lake City , UT 84110-2878"
NC,27101,G,MALE,Humana Achieve (CompBenefits Insurance Company),ATTAINED_AGE,221.35,221.35,,,194.55,194.55,888-602-7443,https://www.humana.com/medicare/medicare-supplement-plans?kc=0321046030,"P.O. Box 14611 Lexington, KY 40512-4614"
NC,27101,G,MALE,Bankers Life (Underwritten by Washington National Insurance Company) (Substandard),ATTAINED_AGE,224.06,224.06,,,,,800-446-5018,https://www.bankerslife.com/medicare-supplement-insurance/?src=medicaregov&medium=listing,"11299 Illinois Street, Suite 200, Carmel, IN 46032"
NC,27101,G,MALE,Medico Insurance Company (Standard II),ATTAINED_AGE,225.41,225.41,,,198.36,198.36,800-228-6080,https://www.gomedico.com/,"P.O. Box 10386 Des Moines, IA 50306-0386"
NC,27101,G,MALE,"Physicians Mutual Insurance Company, Inc.",ATTAINED_AGE,231.45,231.45,,,205.73,205.73,800-325-6300,https://www.physiciansmutual.com/cs/products/medsup/medsup.html,"2600 Dodge Street, Omaha, Nebraska 68131"
NC,27101,G,MALE,HealthSpring Insurance Company (Standard II),ATTAINED_AGE,257.89,257.89,,,,,877-607-6002,https://www.cigna.com/medicare/shop-plans/supplemental/,"PO Box 5700, Scranton PA 18505-5700"
NC,27101,G,MALE,GPM Health and Life Insurance Company,ATTAINED_AGE,312.66,312.66,,,290.77,290.77,866-242-7573,https://www.gpmhealthandlife.com/wps/portal/home/products/medicare-supplement,"2211 N.E. Loop 410 San Antonio, TX 78217-4630"
NC,27101,G,MALE,AARP - UnitedHealthcare Insurance Company (Level 2),COMMUNITY_RATED,318.95,318.95,282.11,282.11,,,888-378-0849,https://www.aarpmedicaresupplement.com/,PO Box 9003; Huntingdon Valley PA 19006
NC,27101,G,MALE,Guarantee Trust Life Insurance Company,ATTAINED_AGE,353.03,353.03,,,328.32,328.32,800-338-7452,https://www.gtlic.com/,"1275 Milwaukee Avenue Glenview, IL 60025"
NC,27101,G,MALE,United American Insurance Company,ATTAINED_AGE,357,357,,,,,800-331-2512,https://www2.unitedamerican.com/,"3700 S Stonebridge Dr, McKinney, TX 75070"
NC,27101,G,MALE,AARP - UnitedHealthcare Insurance Company of America (Level 2),COMMUNITY_RATED,569.58,569.58,483.54,483.54,512.22,512.22,888-378-0849,https://www.aarpmedicaresupplement.com/,PO Box 9003; Huntingdon Valley PA 19006
NC,27101,G,FEMALE,Atlantic Capital Life Assurance Company (Preferred),ATTAINED_AGE,114.97,114.97,,,106.92,106.92,866-458-1430,https://bankersfidelity.com/,"4370 Peachtree Road, NE Atlanta, GA  30319"
NC,27101,G,FEMALE,Nassau Life Insurance Company,ATTAINED_AGE,131.54,131.54,,,,,860-403-5000,https://www.nsre.com/,"One American Row, Hartford, CT  06103"
NC,27101,G,FEMALE,"Physicians Mutual Insurance Company, Inc. (Innovative)",ATTAINED_AGE,133.71,133.71,,,118.85,118.85,800-325-6300,https://www.physiciansmutual.com/cs/products/medsup/medsup.html,"2600 Dodge Street, Omaha, Nebraska 68131"
NC,27101,G,FEMALE,Old Surety Life Insurance Company,ISSUE_AGE,141.61,141.61,,,,,800-272-5466,http://www.oldsurety.com/,"5201 N Lincoln Blvd, Oklahoma City, OK 73105"
NC,27101,G,FEMALE,Atlantic Capital Life Assurance Company (Standard),ATTAINED_AGE,143.35,143.35,,,133.32,133.32,866-458-1430,https://bankersfidelity.com/,"4370 Peachtree Road, NE Atlanta, GA  30319"
NC,27101,G,FEMALE,Insurance Company of North America,ATTAINED_AGE,147.67,147.67,,,137.33,137.33,215-640-1000,https://www.chubb.com/microsites/ace-medicare-supplement.html,436 Walnut Street
NC,27101,G,FEMALE,LifeShield National Insurance Company,ATTAINED_AGE,148.31,148.31,,,137.93,137.93,800-851-5041,https://www.lifeshieldnational.com/,"5500 N Western Avenue, Suite 200, Oklahoma City, OK 73118"
NC,27101,G,FEMALE,HealthSpring Insurance Company,ATTAINED_AGE,149.5,149.5,,,,,877-607-6002,https://www.cigna.com/medicare/shop-plans/supplemental/,"PO Box 5700, Scranton PA 18505-5700"
NC,27101,G,FEMALE,Lumos Insurance,ATTAINED_AGE,150.5,150.5,,,139.96,139.96,800-752-8328,https://www.lumosinsurance.com/life-health,"2701 North Main Street, Crossville, TN 38555"
NC,27101,G,FEMALE,WoodmenLife,ATTAINED_AGE,152.66,152.66,,,137.39,137.39,1-866-236-0029,https://www.woodmenlife.org/insurance/medicare-supplement-insurance/,"1700 Farnam Street, Omaha, NE 68102"
NC,27101,G,FEMALE,Erie Family Life Insurance Company,ATTAINED_AGE,154.71,154.71,142.33,142.33,,,800-458-0811,https://www.erieinsurance.com/medicare-supplement,"100 Erie Insurance Place Erie, PA  16530"
NC,27101,G,FEMALE,American Benefit Life Insurance Company,ATTAINED_AGE,155.43,155.43,,,139.89,139.89,833-504-0331,https://lbig.com/,"1605 LBJ Freeway, Suite 700 Dallas, Texas 75234"
NC,27101,G,FEMALE,Globe Life and Accident Insurance Company,ATTAINED_AGE,156,156,,,145.08,145.08,888-678-3403,https://www.globelifeinsurance.com/globecaremedsupp,"3700 S. Stonebridge Drive McKinney, TX 75070"
NC,27101,G,FEMALE,Medico Insurance Company (Preferred),ATTAINED_AGE,156.81,156.81,,,137.99,137.99,800-228-6080,https://www.gomedico.com/,"P.O. Box 10386 Des Moines, IA 50306-0386"
NC,27101,G,FEMALE,AFLAC,ATTAINED_AGE,156.87,156.87,,,141.18,141.18,866-990-2668,https://www.aflac.com/individuals,"Aflac Tier One, PO Box 14863, Lexington, KY 40512-4863"
NC,27101,G,FEMALE,Bankers Life (Underwritten by Washington National Insurance Company),ATTAINED_AGE,163.34,163.34,,,,,800-446-5018,https://www.bankerslife.com/medicare-supplement-insurance/?src=medicaregov&medium=listing,"11299 Illinois Street, Suite 200, Carmel, IN 46032"
NC,27101,G,FEMALE,AARP - UnitedHealthcare Insurance Company (Standard),COMMUNITY_RATED,165.44,165.44,146.22,146.22,,,888-378-0849,https://www.aarpmedicaresupplement.com/,PO Box 9003; Huntingdon Valley PA 19006
NC,27101,G,FEMALE,"Humana (Humana Benefit Plan of Illinois, Inc.)",ATTAINED_AGE,167.63,167.63,,,147.27,147.27,877-426-1269,https://www.humana.com/medicare/medicare-supplement-plans?kc=0321046030,"P.O. Box 14611 Lexington, KY 40512-4611"
NC,27101,G,FEMALE,Medico Insurance Company (Standard I),ATTAINED_AGE,172.49,172.49,,,151.79,151.79,800-228-6080,https://www.gomedico.com/,"P.O. Box 10386 Des Moines, IA 50306-0386"
NC,27101,G,FEMALE,New Era Life Insurance Company of the Midwest,ATTAINED_AGE,172.8,172.8,162.43,162.43,,,877-417-7555,http://www.neweralife.com/,"P.O. Box 4884, Houston, TX 77210-4884"
NC,27101,G,FEMALE,State Farm Mutual Automobile Insurance Company,ATTAINED_AGE,177.14,177.14,,,,,800-782-8332,https://www.statefarm.com/insurance/health/medicare-supplemental,"One State Farm Plaza, Bloomington, IL 61710"
NC,27101,G,FEMALE,BlueCross BlueShield of North Carolina,ATTAINED_AGE,179.5,179.5,,,,,800-478-0583,https://www.bluecrossnc.com/,"PO Box 2291 Durham, NC  27702-2291"
NC,27101,G,FEMALE,AARP - UnitedHealthcare Insurance Company of America (Standard),COMMUNITY_RATED,180.95,180.95,153.2,153.2,162.45,162.45,888-378-0849,https://www.aarpmedicaresupplement.com/,PO Box 9003; Huntingdon Valley PA 19006
NC,27101,G,FEMALE,Aetna Health Insurance Company,ATTAINED_AGE,181.01,181.01,168.34,168.34,,,800-358-8749 ,https://www.aetnamedicare.com/,"PO Box 14088 Lexington, KY 40513"
NC,27101,G,FEMALE,USAA Life Insurance Company,ATTAINED_AGE,184.28,184.28,,,,,800-531-8722,https://www.usaa.com/inet/wc/insurance-health-medicare,"9800 Fredericksburg Rd. San Antonio, TX 78288"
NC,27101,G,FEMALE,Mutual of Omaha (Omaha Insurance Company),ATTAINED_AGE,184.64,184.64,,,162.48,162.48,855-977-6312,https://www.mutualofomaha.com/medicaregov/,"3300 Mutual of Omaha Plaza, Omaha, NE 68175"
NC,27101,G,FEMALE,Heartland National Life Insurance Company,ATTAINED_AGE,189.55,189.55,,,176.28,176.28,866-916-7971,http://www.heartlandnational.net/medicare.php,"P.O. Box 2878 Salt Lake City , UT 84110-2878"
NC,27101,G,FEMALE,Humana Achieve (CompBenefits Insurance Company),ATTAINED_AGE,192.48,192.48,,,169.14,169.14,888-602-7443,https://www.humana.com/medicare/medicare-supplement-plans?kc=0321046030,"P.O. Box 14611 Lexington, KY 40512-4614"
NC,27101,G,FEMALE,Medico Insurance Company (Standard II),ATTAINED_AGE,196.01,196.01,,,172.49,172.49,800-228-6080,https://www.gomedico.com/,"P.O. Box 10386 Des Moines, IA 50306-0386"
NC,27101,G,FEMALE,Bankers Life (Underwritten by Washington National Insurance Company) (Substandard),ATTAINED_AGE,201.65,201.65,,,,,800-446-5018,https://www.bankerslife.com/medicare-supplement-insurance/?src=medicaregov&medium=listing,"11299 Illinois Street, Suite 200, Carmel, IN 46032"
NC,27101,G,FEMALE,"Physicians Mutual Insurance Company, Inc.",ATTAINED_AGE,209.4,209.4,,,186.13,186.13,800-325-6300,https://www.physiciansmutual.com/cs/products/medsup/medsup.html,"2600 Dodge Street, Omaha, Nebraska 68131"
NC,27101,G,FEMALE,HealthSpring Insurance Company (Standard II),ATTAINED_AGE,224.25,224.25,,,,,877-607-6002,https://www.cigna.com/medicare/shop-plans/supplemental/,"PO Box 5700, Scranton PA 18505-5700"
NC,27101,G,FEMALE,GPM Health and Life Insurance Company,ATTAINED_AGE,271.87,271.87,,,252.84,252.84,866-242-7573,https://www.gpmhealthandlife.com/wps/portal/home/products/medicare-supplement,"2211 N.E. Loop 410 San Antonio, TX 78217-4630"
NC,27101,G,FEMALE,AARP - UnitedHealthcare Insurance Company (Level 2),COMMUNITY_RATED,282.65,282.65,249.98,249.98,,,888-378-0849,https://www.aarpmedicaresupplement.com/,PO Box 9003; Huntingdon Valley PA 19006
NC,27101,G,FEMALE,United American Insurance Company,ATTAINED_AGE,310,310,,,,,800-331-2512,https://www2.unitedamerican.com/,"3700 S Stonebridge Dr, McKinney, TX 75070"
NC,27101,G,FEMALE,Guarantee Trust Life Insurance Company,ATTAINED_AGE,315.2,315.2,,,293.14,293.14,800-338-7452,https://www.gtlic.com/,"1275 Milwaukee Avenue Glenview, IL 60025"
NC,27101,G,FEMALE,AARP - UnitedHealthcare Insurance Company of America (Level 2),COMMUNITY_RATED,504.63,504.63,428.33,428.33,453.76,453.76,888-378-0849,https://www.aarpmedicaresupplement.com/,PO Box 9003; Huntingdon Valley PA 19006
NC,27101,N,MALE,Atlantic Capital Life Assurance Company (Preferred),ATTAINED_AGE,101.7,101.7,,,94.58,94.58,866-458-1430,https://bankersfidelity.com/,"4370 Peachtree Road, NE Atlanta, GA  30319"
NC,27101,N,MALE,Bankers Life (Underwritten by Washington National Insurance Company),ATTAINED_AGE,105.76,105.76,,,,,800-446-5018,https://www.bankerslife.com/medicare-supplement-insurance/?src=medicaregov&medium=listing,"11299 Illinois Street, Suite 200, Carmel, IN 46032"
NC,27101,N,MALE,Insurance Company of North America,ATTAINED_AGE,110.33,110.33,,,102.61,102.61,215-640-1000,https://www.chubb.com/microsites/ace-medicare-supplement.html,436 Walnut Street
NC,27101,N,MALE,Nassau Life Insurance Company,ATTAINED_AGE,112.31,112.31,,,,,860-403-5000,https://www.nsre.com/,"One American Row, Hartford, CT  06103"
NC,27101,N,MALE,Humana Achieve (CompBenefits Insurance Company),ATTAINED_AGE,113.66,113.66,,,99.78,99.78,888-602-7443,https://www.humana.com/medicare/medicare-supplement-plans?kc=0321046030,"P.O. Box 14611 Lexington, KY 40512-4614"
NC,27101,N,MALE,AFLAC,ATTAINED_AGE,116.44,116.44,,,104.8,104.8,866-990-2668,https://www.aflac.com/individuals,"Aflac Tier One, PO Box 14863, Lexington, KY 40512-4863"
NC,27101,N,MALE,Lumos Insurance,ATTAINED_AGE,117.32,117.32,,,109.11,109.11,800-752-8328,https://www.lumosinsurance.com/life-health,"2701 North Main Street, Crossville, TN 38555"
NC,27101,N,MALE,HealthSpring Insurance Company,ATTAINED_AGE,125.5,125.5,,,,,877-607-6002,https://www.cigna.com/medicare/shop-plans/supplemental/,"PO Box 5700, Scranton PA 18505-5700"
NC,27101,N,MALE,Atlantic Capital Life Assurance Company (Standard),ATTAINED_AGE,126.77,126.77,,,117.9,117.9,866-458-1430,https://bankersfidelity.com/,"4370 Peachtree Road, NE Atlanta, GA  30319"
NC,27101,N,MALE,WoodmenLife,ATTAINED_AGE,127,127,,,114.3,114.3,1-866-236-0029,https://www.woodmenlife.org/insurance/medicare-supplement-insurance/,"1700 Farnam Street, Omaha, NE 68102"
NC,27101,N,MALE,LifeShield National Insurance Company,ATTAINED_AGE,127.41,127.41,,,118.49,118.49,800-851-5041,https://www.lifeshieldnational.com/,"5500 N Western Avenue, Suite 200, Oklahoma City, OK 73118"
NC,27101,N,MALE,Bankers Life (Underwritten by Washington National Insurance Company) (Substandard),ATTAINED_AGE,130.57,130.57,,,,,800-446-5018,https://www.bankerslife.com/medicare-supplement-insurance/?src=medicaregov&medium=listing,"11299 Illinois Street, Suite 200, Carmel, IN 46032"
NC,27101,N,MALE,Medico Insurance Company (Preferred),ATTAINED_AGE,132.38,132.38,,,116.49,116.49,800-228-6080,https://www.gomedico.com/,"P.O. Box 10386 Des Moines, IA 50306-0386"
NC,27101,N,MALE,"Humana (Humana Benefit Plan of Illinois, Inc.)",ATTAINED_AGE,134.39,134.39,,,118.02,118.02,877-426-1269,https://www.humana.com/medicare/medicare-supplement-plans?kc=0321046030,"P.O. Box 14611 Lexington, KY 40512-4611"
NC,27101,N,MALE,American Benefit Life Insurance Company,ATTAINED_AGE,135.13,135.13,,,121.62,121.62,833-504-0331,https://lbig.com/,"1605 LBJ Freeway, Suite 700 Dallas, Texas 75234"
NC,27101,N,MALE,Mutual of Omaha (Omaha Insurance Company),ATTAINED_AGE,136.76,136.76,,,120.35,120.35,855-977-6312,https://www.mutualofomaha.com/medicaregov/,"3300 Mutual of Omaha Plaza, Omaha, NE 68175"
NC,27101,N,MALE,State Farm Mutual Automobile Insurance Company,ATTAINED_AGE,140.17,140.17,,,,,800-782-8332,https://www.statefarm.com/insurance/health/medicare-supplemental,"One State Farm Plaza, Bloomington, IL 61710"
NC,27101,N,MALE,Aetna Health Insurance Company,ATTAINED_AGE,143.36,143.36,133.32,133.32,133.32,133.32,800-358-8749 ,https://www.aetnamedicare.com/,"PO Box 14088 Lexington, KY 40513"
NC,27101,N,MALE,New Era Life Insurance Company of the Midwest,ATTAINED_AGE,143.45,143.45,134.84,134.84,134.84,134.84,877-417-7555,http://www.neweralife.com/,"P.O. Box 4884, Houston, TX 77210-4884"
NC,27101,N,MALE,USAA Life Insurance Company,ATTAINED_AGE,144.33,144.33,,,,,800-531-8722,https://www.usaa.com/inet/wc/insurance-health-medicare,"9800 Fredericksburg Rd. San Antonio, TX 78288"
NC,27101,N,MALE,Globe Life and Accident Insurance Company,ATTAINED_AGE,145,145,,,134.85,134.85,888-678-3403,https://www.globelifeinsurance.com/globecaremedsupp,"3700 S. Stonebridge Drive McKinney, TX 75070"
NC,27101,N,MALE,Medico Insurance Company (Standard I),ATTAINED_AGE,145.62,145.62,,,128.15,128.15,800-228-6080,https://www.gomedico.com/,"P.O. Box 10386 Des Moines, IA 50306-0386"
NC,27101,N,MALE,GPM Health and Life Insurance Company,ATTAINED_AGE,147.66,147.66,,,137.32,137.32,866-242-7573,https://www.gpmhealthandlife.com/wps/portal/home/products/medicare-supplement,"2211 N.E. Loop 410 San Antonio, TX 78217-4630"
NC,27101,N,MALE,Erie Family Life Insurance Company,ATTAINED_AGE,147.68,147.68,135.87,135.87,135.87,135.87,800-458-0811,https://www.erieinsurance.com/medicare-supplement,"100 Erie Insurance Place Erie, PA  16530"
NC,27101,N,MALE,AARP - UnitedHealthcare Insurance Company of America (Standard),COMMUNITY_RATED,148.02,148.02,125.21,125.21,132.81,132.81,888-378-0849,https://www.aarpmedicaresupplement.com/,PO Box 9003; Huntingdon Valley PA 19006
NC,27101,N,MALE,Medico Insurance Company (Standard II),ATTAINED_AGE,165.48,165.48,,,145.62,145.62,800-228-6080,https://www.gomedico.com/,"P.O. Box 10386 Des Moines, IA 50306-0386"
NC,27101,N,MALE,Heartland National Life Insurance Company,ATTAINED_AGE,171.53,171.53,,,159.52,159.52,866-916-7971,http://www.heartlandnational.net/medicare.php,"P.O. Box 2878 Salt Lake City , UT 84110-2878"
NC,27101,N,MALE,BlueCross BlueShield of North Carolina,ATTAINED_AGE,172.75,172.75,,,,,800-478-0583,https://www.bluecrossnc.com/,"PO Box 2291 Durham, NC  27702-2291"
NC,27101,N,MALE,AARP - UnitedHealthcare Insurance Company (Standard),COMMUNITY_RATED,176.73,176.73,156.22,156.22,,,888-378-0849,https://www.aarpmedicaresupplement.com/,PO Box 9003; Huntingdon Valley PA 19006
NC,27101,N,MALE,HealthSpring Insurance Company (Standard II),ATTAINED_AGE,188.24,188.24,,,,,877-607-6002,https://www.cigna.com/medicare/shop-plans/supplemental/,"PO Box 5700, Scranton PA 18505-5700"
NC,27101,N,MALE,"Physicians Mutual Insurance Company, Inc.",ATTAINED_AGE,214.51,214.51,,,190.68,190.68,800-325-6300,https://www.physiciansmutual.com/cs/products/medsup/medsup.html,"2600 Dodge Street, Omaha, Nebraska 68131"
NC,27101,N,MALE,Guarantee Trust Life Insurance Company,ATTAINED_AGE,228.33,228.33,,,212.35,212.35,800-338-7452,https://www.gtlic.com/,"1275 Milwaukee Avenue Glenview, IL 60025"
NC,27101,N,MALE,AARP - UnitedHealthcare Insurance Company (Level 2),COMMUNITY_RATED,301.84,301.84,266.97,266.97,,,888-378-0849,https://www.aarpmedicaresupplement.com/,PO Box 9003; Huntingdon Valley PA 19006
NC,27101,N,MALE,United American Insurance Company,ATTAINED_AGE,361,361,,,,,800-331-2512,https://www2.unitedamerican.com/,"3700 S Stonebridge Dr, McKinney, TX 75070"
NC,27101,N,MALE,AARP - UnitedHealthcare Insurance Company of America (Level 2),COMMUNITY_RATED,493.1,493.1,418.53,418.53,443.39,443.39,888-378-0849,https://www.aarpmedicaresupplement.com/,PO Box 9003; Huntingdon Valley PA 19006
NC,27101,N,FEMALE,Atlantic Capital Life Assurance Company (Preferred),ATTAINED_AGE,88.67,88.67,,,82.46,82.46,866-458-1430,https://bankersfidelity.com/,"4370 Peachtree Road, NE Atlanta, GA  30319"
NC,27101,N,FEMALE,Bankers Life (Underwritten by Washington National Insurance Company),ATTAINED_AGE,95.18,95.18,,,,,800-446-5018,https://www.bankerslife.com/medicare-supplement-insurance/?src=medicaregov&medium=listing,"11299 Illinois Street, Suite 200, Carmel, IN 46032"
NC,27101,N,FEMALE,Insurance Company of North America,ATTAINED_AGE,97.5,97.5,,,90.68,90.68,215-640-1000,https://www.chubb.com/microsites/ace-medicare-supplement.html,436 Walnut Street
NC,27101,N,FEMALE,Nassau Life Insurance Company,ATTAINED_AGE,97.71,97.71,,,,,860-403-5000,https://www.nsre.com/,"One American Row, Hartford, CT  06103"
NC,27101,N,FEMALE,Humana Achieve (CompBenefits Insurance Company),ATTAINED_AGE,98.83,98.83,,,86.73,86.73,888-602-7443,https://www.humana.com/medicare/medicare-supplement-plans?kc=0321046030,"P.O. Box 14611 Lexington, KY 40512-4614"
NC,27101,N,FEMALE,AFLAC,ATTAINED_AGE,101.65,101.65,,,91.49,91.49,866-990-2668,https://www.aflac.com/individuals,"Aflac Tier One, PO Box 14863, Lexington, KY 40512-4863"
NC,27101,N,FEMALE,Lumos Insurance,ATTAINED_AGE,106.72,106.72,,,99.25,99.25,800-752-8328,https://www.lumosinsurance.com/life-health,"2701 North Main Street, Crossville, TN 38555"
NC,27101,N,FEMALE,HealthSpring Insurance Company,ATTAINED_AGE,109.13,109.13,,,,,877-607-6002,https://www.cigna.com/medicare/shop-plans/supplemental/,"PO Box 5700, Scranton PA 18505-5700"
NC,27101,N,FEMALE,WoodmenLife,ATTAINED_AGE,110.44,110.44,,,99.4,99.4,1-866-236-0029,https://www.woodmenlife.org/insurance/medicare-supplement-insurance/,"1700 Farnam Street, Omaha, NE 68102"
NC,27101,N,FEMALE,Atlantic Capital Life Assurance Company (Standard),ATTAINED_AGE,110.48,110.48,,,102.75,102.75,866-458-1430,https://bankersfidelity.com/,"4370 Peachtree Road, NE Atlanta, GA  30319"
NC,27101,N,FEMALE,LifeShield National Insurance Company,ATTAINED_AGE,110.79,110.79,,,103.03,103.03,800-851-5041,https://www.lifeshieldnational.com/,"5500 N Western Avenue, Suite 200, Oklahoma City, OK 73118"
NC,27101,N,FEMALE,Medico Insurance Company (Preferred),ATTAINED_AGE,115.12,115.12,,,101.31,101.31,800-228-6080,https://www.gomedico.com/,"P.O. Box 10386 Des Moines, IA 50306-0386"
NC,27101,N,FEMALE,Bankers Life (Underwritten by Washington National Insurance Company) (Substandard),ATTAINED_AGE,117.5,117.5,,,,,800-446-5018,https://www.bankerslife.com/medicare-supplement-insurance/?src=medicaregov&medium=listing,"11299 Illinois Street, Suite 200, Carmel, IN 46032"
NC,27101,N,FEMALE,American Benefit Life Insurance Company,ATTAINED_AGE,117.51,117.51,,,105.76,105.76,833-504-0331,https://lbig.com/,"1605 LBJ Freeway, Suite 700 Dallas, Texas 75234"
NC,27101,N,FEMALE,"Humana (Humana Benefit Plan of Illinois, Inc.)",ATTAINED_AGE,118.93,118.93,,,104.42,104.42,877-426-1269,https://www.humana.com/medicare/medicare-supplement-plans?kc=0321046030,"P.O. Box 14611 Lexington, KY 40512-4611"
NC,27101,N,FEMALE,Mutual of Omaha (Omaha Insurance Company),ATTAINED_AGE,118.93,118.93,,,104.66,104.66,855-977-6312,https://www.mutualofomaha.com/medicaregov/,"3300 Mutual of Omaha Plaza, Omaha, NE 68175"
NC,27101,N,FEMALE,Aetna Health Insurance Company,ATTAINED_AGE,124.53,124.53,115.81,115.81,,,800-358-8749 ,https://www.aetnamedicare.com/,"PO Box 14088 Lexington, KY 40513"
NC,27101,N,FEMALE,Medico Insurance Company (Standard I),ATTAINED_AGE,126.63,126.63,,,111.43,111.43,800-228-6080,https://www.gomedico.com/,"P.O. Box 10386 Des Moines, IA 50306-0386"
NC,27101,N,FEMALE,New Era Life Insurance Company of the Midwest,ATTAINED_AGE,126.95,126.95,119.33,119.33,,,877-417-7555,http://www.neweralife.com/,"P.O. Box 4884, Houston, TX 77210-4884"
NC,27101,N,FEMALE,GPM Health and Life Insurance Company,ATTAINED_AGE,128.39,128.39,,,119.4,119.4,866-242-7573,https://www.gpmhealthandlife.com/wps/portal/home/products/medicare-supplement,"2211 N.E. Loop 410 San Antonio, TX 78217-4630"
NC,27101,N,FEMALE,Erie Family Life Insurance Company,ATTAINED_AGE,128.4,128.4,118.13,118.13,,,800-458-0811,https://www.erieinsurance.com/medicare-supplement,"100 Erie Insurance Place Erie, PA  16530"
NC,27101,N,FEMALE,AARP - UnitedHealthcare Insurance Company of America (Standard),COMMUNITY_RATED,130.81,130.81,110.58,110.58,117.32,117.32,888-378-0849,https://www.aarpmedicaresupplement.com/,PO Box 9003; Huntingdon Valley PA 19006
NC,27101,N,FEMALE,State Farm Mutual Automobile Insurance Company,ATTAINED_AGE,134.39,134.39,,,,,800-782-8332,https://www.statefarm.com/insurance/health/medicare-supplemental,"One State Farm Plaza, Bloomington, IL 61710"
NC,27101,N,FEMALE,Globe Life and Accident Insurance Company,ATTAINED_AGE,135,135,,,125.55,125.55,888-678-3403,https://www.globelifeinsurance.com/globecaremedsupp,"3700 S. Stonebridge Drive McKinney, TX 75070"
NC,27101,N,FEMALE,Medico Insurance Company (Standard II),ATTAINED_AGE,143.9,143.9,,,126.63,126.63,800-228-6080,https://www.gomedico.com/,"P.O. Box 10386 Des Moines, IA 50306-0386"
NC,27101,N,FEMALE,USAA Life Insurance Company,ATTAINED_AGE,144.33,144.33,,,,,800-531-8722,https://www.usaa.com/inet/wc/insurance-health-medicare,"9800 Fredericksburg Rd. San Antonio, TX 78288"
NC,27101,N,FEMALE,Heartland National Life Insurance Company,ATTAINED_AGE,149.16,149.16,,,138.72,138.72,866-916-7971,http://www.heartlandnational.net/medicare.php,"P.O. Box 2878 Salt Lake City , UT 84110-2878"
NC,27101,N,FEMALE,BlueCross BlueShield of North Carolina,ATTAINED_AGE,150.75,150.75,,,,,800-478-0583,https://www.bluecrossnc.com/,"PO Box 2291 Durham, NC  27702-2291"
NC,27101,N,FEMALE,AARP - UnitedHealthcare Insurance Company (Standard),COMMUNITY_RATED,156.6,156.6,138.4,138.4,,,888-378-0849,https://www.aarpmedicaresupplement.com/,PO Box 9003; Huntingdon Valley PA 19006
NC,27101,N,FEMALE,HealthSpring Insurance Company (Standard II),ATTAINED_AGE,163.69,163.69,,,,,877-607-6002,https://www.cigna.com/medicare/shop-plans/supplemental/,"PO Box 5700, Scranton PA 18505-5700"
NC,27101,N,FEMALE,"Physicians Mutual Insurance Company, Inc.",ATTAINED_AGE,194.08,194.08,,,172.52,172.52,800-325-6300,https://www.physiciansmutual.com/cs/products/medsup/medsup.html,"2600 Dodge Street, Omaha, Nebraska 68131"
NC,27101,N,FEMALE,Guarantee Trust Life Insurance Company,ATTAINED_AGE,203.86,203.86,,,189.59,189.59,800-338-7452,https://www.gtlic.com/,"1275 Milwaukee Avenue Glenview, IL 60025"
NC,27101,N,FEMALE,AARP - UnitedHealthcare Insurance Company (Level 2),COMMUNITY_RATED,267.62,267.62,236.68,236.68,,,888-378-0849,https://www.aarpmedicaresupplement.com/,PO Box 9003; Huntingdon Valley PA 19006
NC,27101,N,FEMALE,United American Insurance Company,ATTAINED_AGE,314,314,,,,,800-331-2512,https://www2.unitedamerican.com/,"3700 S Stonebridge Dr, McKinney, TX 75070"
NC,27101,N,FEMALE,AARP - UnitedHealthcare Insurance Company of America (Level 2),COMMUNITY_RATED,436.82,436.82,370.69,370.69,392.73,392.73,888-378-0849,https://www.aarpmedicaresupplement.com/,PO Box 9003; Huntingdon Valley PA 19006
NC,27401,G,MALE,Atlantic Capital Life Assurance Company (Preferred),ATTAINED_AGE,131.94,131.94,,,122.7,122.7,866-458-1430,https://bankersfidelity.com/,"4370 Peachtree Road, NE Atlanta, GA  30319"
NC,27401,G,MALE,"Physicians Mutual Insurance Company, Inc. (Innovative)",ATTAINED_AGE,147.79,147.79,,,131.37,131.37,800-325-6300,https://www.physiciansmutual.com/cs/products/medsup/medsup.html,"2600 Dodge Street, Omaha, Nebraska 68131"
NC,27401,G,MALE,Nassau Life Insurance Company,ATTAINED_AGE,151.2,151.2,,,,,860-403-5000,https://www.nsre.com/,"One American Row, Hartford, CT  06103"
NC,27401,G,MALE,Old Surety Life Insurance Company,ISSUE_AGE,162.85,162.85,,,,,800-272-5466,http://www.oldsurety.com/,"5201 N Lincoln Blvd, Oklahoma City, OK 73105"
NC,27401,G,MALE,Atlantic Capital Life Assurance Company (Standard),ATTAINED_AGE,164.56,164.56,,,153.04,153.04,866-458-1430,https://bankersfidelity.com/,"4370 Peachtree Road, NE Atlanta, GA  30319"
NC,27401,G,MALE,Lumos Insurance,ATTAINED_AGE,165.54,165.54,,,153.95,153.95,800-752-8328,https://www.lumosinsurance.com/life-health,"2701 North Main Street, Crossville, TN 38555"
NC,27401,G,MALE,Insurance Company of North America,ATTAINED_AGE,166.75,166.75,,,155.08,155.08,215-640-1000,https://www.chubb.com/microsites/ace-medicare-supplement.html,436 Walnut Street
NC,27401,G,MALE,Globe Life and Accident Insurance Company,ATTAINED_AGE,168,168,,,156.24,156.24,888-678-3403,https://www.globelifeinsurance.com/globecaremedsupp,"3700 S. Stonebridge Drive McKinney, TX 75070"
NC,27401,G,MALE,LifeShield National Insurance Company,ATTAINED_AGE,170.56,170.56,,,158.62,158.62,800-851-5041,https://www.lifeshieldnational.com/,"5500 N Western Avenue, Suite 200, Oklahoma City, OK 73118"
NC,27401,G,MALE,HealthSpring Insurance Company,ATTAINED_AGE,171.92,171.92,,,,,877-607-6002,https://www.cigna.com/medicare/shop-plans/supplemental/,"PO Box 5700, Scranton PA 18505-5700"
NC,27401,G,MALE,WoodmenLife,ATTAINED_AGE,175.57,175.57,,,158.01,158.01,1-866-236-0029,https://www.woodmenlife.org/insurance/medicare-supplement-insurance/,"1700 Farnam Street, Omaha, NE 68102"
NC,27401,G,MALE,Erie Family Life Insurance Company,ATTAINED_AGE,177.95,177.95,163.71,163.71,163.71,163.71,800-458-0811,https://www.erieinsurance.com/medicare-supplement,"100 Erie Insurance Place Erie, PA  16530"
NC,27401,G,MALE,American Benefit Life Insurance Company,ATTAINED_AGE,178.74,178.74,,,160.87,160.87,833-504-0331,https://lbig.com/,"1605 LBJ Freeway, Suite 700 Dallas, Texas 75234"
NC,27401,G,MALE,AFLAC,ATTAINED_AGE,179.69,179.69,,,161.72,161.72,866-990-2668,https://www.aflac.com/individuals,"Aflac Tier One, PO Box 14863, Lexington, KY 40512-4863"
NC,27401,G,MALE,Medico Insurance Company (Preferred),ATTAINED_AGE,180.33,180.33,,,158.69,158.69,800-228-6080,https://www.gomedico.com/,"P.O. Box 10386 Des Moines, IA 50306-0386"
NC,27401,G,MALE,State Farm Mutual Automobile Insurance Company,ATTAINED_AGE,181.22,181.22,,,,,800-782-8332,https://www.statefarm.com/insurance/health/medicare-supplemental,"One State Farm Plaza, Bloomington, IL 61710"
NC,27401,G,MALE,Bankers Life (Underwritten by Washington National Insurance Company),ATTAINED_AGE,181.49,181.49,,,,,800-446-5018,https://www.bankerslife.com/medicare-supplement-insurance/?src=medicaregov&medium=listing,"11299 Illinois Street, Suite 200, Carmel, IN 46032"
NC,27401,G,MALE,USAA Life Insurance Company,ATTAINED_AGE,184.28,184.28,,,,,800-531-8722,https://www.usaa.com/inet/wc/insurance-health-medicare,"9800 Fredericksburg Rd. San Antonio, TX 78288"
NC,27401,G,MALE,AARP - UnitedHealthcare Insurance Company (Standard),COMMUNITY_RATED,186.79,186.79,165.12,165.12,,,888-378-0849,https://www.aarpmedicaresupplement.com/,PO Box 9003; Huntingdon Valley PA 19006
NC,27401,G,MALE,"Humana (Humana Benefit Plan of Illinois, Inc.)",ATTAINED_AGE,189.42,189.42,,,166.45,166.45,877-426-1269,https://www.humana.com/medicare/medicare-supplement-plans?kc=0321046030,"P.O. Box 14611 Lexington, KY 40512-4611"
NC,27401,G,MALE,New Era Life Insurance Company of the Midwest,ATTAINED_AGE,190.09,190.09,178.68,178.68,178.68,178.68,877-417-7555,http://www.neweralife.com/,"P.O. Box 4884, Houston, TX 77210-4884"
NC,27401,G,MALE,Medico Insurance Company (Standard I),ATTAINED_AGE,198.37,198.37,,,174.57,174.57,800-228-6080,https://www.gomedico.com/,"P.O. Box 10386 Des Moines, IA 50306-0386"
NC,27401,G,MALE,AARP - UnitedHealthcare Insurance Company of America (Standard),COMMUNITY_RATED,204.57,204.57,173.28,173.28,183.71,183.71,888-378-0849,https://www.aarpmedicaresupplement.com/,PO Box 9003; Huntingdon Valley PA 19006
NC,27401,G,MALE,BlueCross BlueShield of North Carolina,ATTAINED_AGE,205.5,205.5,,,,,800-478-0583,https://www.bluecrossnc.com/,"PO Box 2291 Durham, NC  27702-2291"
NC,27401,G,MALE,Aetna Health Insurance Company,ATTAINED_AGE,208.25,208.25,193.67,193.67,193.67,193.67,800-358-8749 ,https://www.aetnamedicare.com/,"PO Box 14088 Lexington, KY 40513"
NC,27401,G,MALE,Mutual of Omaha (Omaha Insurance Company),ATTAINED_AGE,212.34,212.34,,,186.86,186.86,855-977-6312,https://www.mutualofomaha.com/medicaregov/,"3300 Mutual of Omaha Plaza, Omaha, NE 68175"
NC,27401,G,MALE,Heartland National Life Insurance Company,ATTAINED_AGE,217.98,217.98,,,202.72,202.72,866-916-7971,http://www.heartlandnational.net/medicare.php,"P.O. Box 2878 Salt Lake City , UT 84110-2878"
NC,27401,G,MALE,Humana Achieve (CompBenefits Insurance Company),ATTAINED_AGE,221.35,221.35,,,194.55,194.55,888-602-7443,https://www.humana.com/medicare/medicare-supplement-plans?kc=0321046030,"P.O. Box 14611 Lexington, KY 40512-4614"
NC,27401,G,MALE,Bankers Life (Underwritten by Washington National Insurance Company) (Substandard),ATTAINED_AGE,224.06,224.06,,,,,800-446-5018,https://www.bankerslife.com/medicare-supplement-insurance/?src=medicaregov&medium=listing,"11299 Illinois Street, Suite 200, Carmel, IN 46032"
NC,27401,G,MALE,Medico Insurance Company (Standard II),ATTAINED_AGE,225.41,225.41,,,198.36,198.36,800-228-6080,https://www.gomedico.com/,"P.O. Box 10386 Des Moines, IA 50306-0386"
NC,27401,G,MALE,"Physicians Mutual Insurance Company, Inc.",ATTAINED_AGE,231.45,231.45,,,205.73,205.73,800-325-6300,https://www.physiciansmutual.com/cs/products/medsup/medsup.html,"2600 Dodge Street, Omaha, Nebraska 68131"
NC,27401,G,MALE,HealthSpring Insurance Company (Standard II),ATTAINED_AGE,257.89,257.89,,,,,877-607-6002,https://www.cigna.com/medicare/shop-plans/supplemental/,"PO Box 5700, Scranton PA 18505-5700"
NC,27401,G,MALE,GPM Health and Life Insurance Company,ATTAINED_AGE,312.66,312.66,,,290.77,290.77,866-242-7573,https://www.gpmhealthandlife.com/wps/portal/home/products/medicare-supplement,"2211 N.E. Loop 410 San Antonio, TX 78217-4630"
NC,27401,G,MALE,AARP - UnitedHealthcare Insurance Company (Level 2),COMMUNITY_RATED,318.95,318.95,282.11,282.11,,,888-378-0849,https://www.aarpmedicaresupplement.com/,PO Box 9003; Huntingdon Valley PA 19006
NC,27401,G,MALE,Guarantee Trust Life Insurance Company,ATTAINED_AGE,353.03,353.03,,,328.32,328.32,800-338-7452,https://www.gtlic.com/,"1275 Milwaukee Avenue Glenview, IL 60025"
NC,27401,G,MALE,United American Insurance Company,ATTAINED_AGE,357,357,,,,,800-331-2512,https://www2.unitedamerican.com/,"3700 S Stonebridge Dr, McKinney, TX 75070"
NC,27401,G,MALE,AARP - UnitedHealthcare Insurance Company of America (Level 2),COMMUNITY_RATED,569.58,569.58,483.54,483.54,512.22,512.22,888-378-0849,https://www.aarpmedicaresupplement.com/,PO Box 9003; Huntingdon Valley PA 19006
NC,27401,G,FEMALE,Atlantic Capital Life Assurance Company (Preferred),ATTAINED_AGE,114.97,114.97,,,106.92,106.92,866-458-1430,https://bankersfidelity.com/,"4370 Peachtree Road, NE Atlanta, GA  30319"
NC,27401,G,FEMALE,Nassau Life Insurance Company,ATTAINED_AGE,131.54,131.54,,,,,860-403-5000,https://www.nsre.com/,"One American Row, Hartford, CT  06103"
NC,27401,G,FEMALE,"Physicians Mutual Insurance Company, Inc. (Innovative)",ATTAINED_AGE,133.71,133.71,,,118.85,118.85,800-325-6300,https://www.physiciansmutual.com/cs/products/medsup/medsup.html,"2600 Dodge Street, Omaha, Nebraska 68131"
NC,27401,G,FEMALE,Old Surety Life Insurance Company,ISSUE_AGE,141.61,141.61,,,,,800-272-5466,http://www.oldsurety.com/,"5201 N Lincoln Blvd, Oklahoma City, OK 73105"
NC,27401,G,FEMALE,Atlantic Capital Life Assurance Company (Standard),ATTAINED_AGE,143.35,143.35,,,133.32,133.32,866-458-1430,https://bankersfidelity.com/,"4370 Peachtree Road, NE Atlanta, GA  30319"
NC,27401,G,FEMALE,Insurance Company of North America,ATTAINED_AGE,147.67,147.67,,,137.33,137.33,215-640-1000,https://www.chubb.com/microsites/ace-medicare-supplement.html,436 Walnut Street
NC,27401,G,FEMALE,LifeShield National Insurance Company,ATTAINED_AGE,148.31,148.31,,,137.93,137.93,800-851-5041,https://www.lifeshieldnational.com/,"5500 N Western Avenue, Suite 200, Oklahoma City, OK 73118"
NC,27401,G,FEMALE,HealthSpring Insurance Company,ATTAINED_AGE,149.5,149.5,,,,,877-607-6002,https://www.cigna.com/medicare/shop-plans/supplemental/,"PO Box 5700, Scranton PA 18505-5700"
NC,27401,G,FEMALE,Lumos Insurance,ATTAINED_AGE,150.5,150.5,,,139.96,139.96,800-752-8328,https://www.lumosinsurance.com/life-health,"2701 North Main Street, Crossville, TN 38555"
NC,27401,G,FEMALE,WoodmenLife,ATTAINED_AGE,152.66,152.66,,,137.39,137.39,1-866-236-0029,https://www.woodmenlife.org/insurance/medicare-supplement-insurance/,"1700 Farnam Street, Omaha, NE 68102"
NC,27401,G,FEMALE,Erie Family Life Insurance Company,ATTAINED_AGE,154.71,154.71,142.33,142.33,,,800-458-0811,https://www.erieinsurance.com/medicare-supplement,"100 Erie Insurance Place Erie, PA  16530"
NC,27401,G,FEMALE,American Benefit Life Insurance Company,ATTAINED_AGE,155.43,155.43,,,139.89,139.89,833-504-0331,https://lbig.com/,"1605 LBJ Freeway, Suite 700 Dallas, Texas 75234"
NC,27401,G,FEMALE,Globe Life and Accident Insurance Company,ATTAINED_AGE,156,156,,,145.08,145.08,888-678-3403,https://www.globelifeinsurance.com/globecaremedsupp,"3700 S. Stonebridge Drive McKinney, TX 75070"
NC,27401,G,FEMALE,Medico Insurance Company (Preferred),ATTAINED_AGE,156.81,156.81,,,137.99,137.99,800-228-6080,https://www.gomedico.com/,"P.O. Box 10386 Des Moines, IA 50306-0386"
NC,27401,G,FEMALE,AFLAC,ATTAINED_AGE,156.87,156.87,,,141.18,141.18,866-990-2668,https://www.aflac.com/individuals,"Aflac Tier One, PO Box 14863, Lexington, KY 40512-4863"
NC,27401,G,FEMALE,Bankers Life (Underwritten by Washington National Insurance Company),ATTAINED_AGE,163.34,163.34,,,,,800-446-5018,https://www.bankerslife.com/medicare-supplement-insurance/?src=medicaregov&medium=listing,"11299 Illinois Street, Suite 200, Carmel, IN 46032"
NC,27401,G,FEMALE,AARP - UnitedHealthcare Insurance Company (Standard),COMMUNITY_RATED,165.44,165.44,146.22,146.22,,,888-378-0849,https://www.aarpmedicaresupplement.com/,PO Box 9003; Huntingdon Valley PA 19006
NC,27401,G,FEMALE,"Humana (Humana Benefit Plan of Illinois, Inc.)",ATTAINED_AGE,167.63,167.63,,,147.27,147.27,877-426-1269,https://www.humana.com/medicare/medicare-supplement-plans?kc=0321046030,"P.O. Box 14611 Lexington, KY 40512-4611"
NC,27401,G,FEMALE,Medico Insurance Company (Standard I),ATTAINED_AGE,172.49,172.49,,,151.79,151.79,800-228-6080,https://www.gomedico.com/,"P.O. Box 10386 Des Moines, IA 50306-0386"
NC,27401,G,FEMALE,New Era Life Insurance Company of the Midwest,ATTAINED_AGE,172.8,172.8,162.43,162.43,,,877-417-7555,http://www.neweralife.com/,"P.O. Box 4884, Houston, TX 77210-4884"
NC,27401,G,FEMALE,State Farm Mutual Automobile Insurance Company,ATTAINED_AGE,177.14,177.14,,,,,800-782-8332,https://www.statefarm.com/insurance/health/medicare-supplemental,"One State Farm Plaza, Bloomington, IL 61710"
NC,27401,G,FEMALE,BlueCross BlueShield of North Carolina,ATTAINED_AGE,179.5,179.5,,,,,800-478-0583,https://www.bluecrossnc.com/,"PO Box 2291 Durham, NC  27702-2291"
NC,27401,G,FEMALE,AARP - UnitedHealthcare Insurance Company of America (Standard),COMMUNITY_RATED,180.95,180.95,153.2,153.2,162.45,162.45,888-378-0849,https://www.aarpmedicaresupplement.com/,PO Box 9003; Huntingdon Valley PA 19006
NC,27401,G,FEMALE,Aetna Health Insurance Company,ATTAINED_AGE,181.01,181.01,168.34,168.34,,,800-358-8749 ,https://www.aetnamedicare.com/,"PO Box 14088 Lexington, KY 40513"
NC,27401,G,FEMALE,USAA Life Insurance Company,ATTAINED_AGE,184.28,184.28,,,,,800-531-8722,https://www.usaa.com/inet/wc/insurance-health-medicare,"9800 Fredericksburg Rd. San Antonio, TX 78288"
NC,27401,G,FEMALE,Mutual of Omaha (Omaha Insurance Company),ATTAINED_AGE,184.64,184.64,,,162.48,162.48,855-977-6312,https://www.mutualofomaha.com/medicaregov/,"3300 Mutual of Omaha Plaza, Omaha, NE 68175"
NC,27401,G,FEMALE,Heartland National Life Insurance Company,ATTAINED_AGE,189.55,189.55,,,176.28,176.28,866-916-7971,http://www.heartlandnational.net/medicare.php,"P.O. Box 2878 Salt Lake City , UT 84110-2878"
NC,27401,G,FEMALE,Humana Achieve (CompBenefits Insurance Company),ATTAINED_AGE,192.48,192.48,,,169.14,169.14,888-602-7443,https://www.humana.com/medicare/medicare-supplement-plans?kc=0321046030,"P.O. Box 14611 Lexington, KY 40512-4614"
NC,27401,G,FEMALE,Medico Insurance Company (Standard II),ATTAINED_AGE,196.01,196.01,,,172.49,172.49,800-228-6080,https://www.gomedico.com/,"P.O. Box 10386 Des Moines, IA 50306-0386"
NC,27401,G,FEMALE,Bankers Life (Underwritten by Washington National Insurance Company) (Substandard),ATTAINED_AGE,201.65,201.65,,,,,800-446-5018,https://www.bankerslife.com/medicare-supplement-insurance/?src=medicaregov&medium=listing,"11299 Illinois Street, Suite 200, Carmel, IN 46032"
NC,27401,G,FEMALE,"Physicians Mutual Insurance Company, Inc.",ATTAINED_AGE,209.4,209.4,,,186.13,186.13,800-325-6300,https://www.physiciansmutual.com/cs/products/medsup/medsup.html,"2600 Dodge Street, Omaha, Nebraska 68131"
NC,27401,G,FEMALE,HealthSpring Insurance Company (Standard II),ATTAINED_AGE,224.25,224.25,,,,,877-607-6002,https://www.cigna.com/medicare/shop-plans/supplemental/,"PO Box 5700, Scranton PA 18505-5700"
NC,27401,G,FEMALE,GPM Health and Life Insurance Company,ATTAINED_AGE,271.87,271.87,,,252.84,252.84,866-242-7573,https://www.gpmhealthandlife.com/wps/portal/home/products/medicare-supplement,"2211 N.E. Loop 410 San Antonio, TX 78217-4630"
NC,27401,G,FEMALE,AARP - UnitedHealthcare Insurance Company (Level 2),COMMUNITY_RATED,282.65,282.65,249.98,249.98,,,888-378-0849,https://www.aarpmedicaresupplement.com/,PO Box 9003; Huntingdon Valley PA 19006
NC,27401,G,FEMALE,United American Insurance Company,ATTAINED_AGE,310,310,,,,,800-331-2512,https://www2.unitedamerican.com/,"3700 S Stonebridge Dr, McKinney, TX 75070"
NC,27401,G,FEMALE,Guarantee Trust Life Insurance Company,ATTAINED_AGE,315.2,315.2,,,293.14,293.14,800-338-7452,https://www.gtlic.com/,"1275 Milwaukee Avenue Glenview, IL 60025"
NC,27401,G,FEMALE,AARP - UnitedHealthcare Insurance Company of America (Level 2),COMMUNITY_RATED,504.63,504.63,428.33,428.33,453.76,453.76,888-378-0849,https://www.aarpmedicaresupplement.com/,PO Box 9003; Huntingdon Valley PA 19006
NC,27401,N,MALE,Atlantic Capital Life Assurance Company (Preferred),ATTAINED_AGE,101.7,101.7,,,94.58,94.58,866-458-1430,https://bankersfidelity.com/,"4370 Peachtree Road, NE Atlanta, GA  30319"
NC,27401,N,MALE,Bankers Life (Underwritten by Washington National Insurance Company),ATTAINED_AGE,105.76,105.76,,,,,800-446-5018,https://www.bankerslife.com/medicare-supplement-insurance/?src=medicaregov&medium=listing,"11299 Illinois Street, Suite 200, Carmel, IN 46032"
NC,27401,N,MALE,Insurance Company of North America,ATTAINED_AGE,110.33,110.33,,,102.61,102.61,215-640-1000,https://www.chubb.com/microsites/ace-medicare-supplement.html,436 Walnut Street
NC,27401,N,MALE,Nassau Life Insurance Company,ATTAINED_AGE,112.31,112.31,,,,,860-403-5000,https://www.nsre.com/,"One American Row, Hartford, CT  06103"
NC,27401,N,MALE,Humana Achieve (CompBenefits Insurance Company),ATTAINED_AGE,113.66,113.66,,,99.78,99.78,888-602-7443,https://www.humana.com/medicare/medicare-supplement-plans?kc=0321046030,"P.O. Box 14611 Lexington, KY 40512-4614"
NC,27401,N,MALE,AFLAC,ATTAINED_AGE,116.44,116.44,,,104.8,104.8,866-990-2668,https://www.aflac.com/individuals,"Aflac Tier One, PO Box 14863, Lexington, KY 40512-4863"
NC,27401,N,MALE,Lumos Insurance,ATTAINED_AGE,117.32,117.32,,,109.11,109.11,800-752-8328,https://www.lumosinsurance.com/life-health,"2701 North Main Street, Crossville, TN 38555"
NC,27401,N,MALE,HealthSpring Insurance Company,ATTAINED_AGE,125.5,125.5,,,,,877-607-6002,https://www.cigna.com/medicare/shop-plans/supplemental/,"PO Box 5700, Scranton PA 18505-5700"
NC,27401,N,MALE,Atlantic Capital Life Assurance Company (Standard),ATTAINED_AGE,126.77,126.77,,,117.9,117.9,866-458-1430,https://bankersfidelity.com/,"4370 Peachtree Road, NE Atlanta, GA  30319"
NC,27401,N,MALE,WoodmenLife,ATTAINED_AGE,127,127,,,114.3,114.3,1-866-236-0029,https://www.woodmenlife.org/insurance/medicare-supplement-insurance/,"1700 Farnam Street, Omaha, NE 68102"
NC,27401,N,MALE,LifeShield National Insurance Company,ATTAINED_AGE,127.41,127.41,,,118.49,118.49,800-851-5041,https://www.lifeshieldnational.com/,"5500 N Western Avenue, Suite 200, Oklahoma City, OK 73118"
NC,27401,N,MALE,Bankers Life (Underwritten by Washington National Insurance Company) (Substandard),ATTAINED_AGE,130.57,130.57,,,,,800-446-5018,https://www.bankerslife.com/medicare-supplement-insurance/?src=medicaregov&medium=listing,"11299 Illinois Street, Suite 200, Carmel, IN 46032"
NC,27401,N,MALE,Medico Insurance Company (Preferred),ATTAINED_AGE,132.38,132.38,,,116.49,116.49,800-228-6080,https://www.gomedico.com/,"P.O. Box 10386 Des Moines, IA 50306-0386"
NC,27401,N,MALE,"Humana (Humana Benefit Plan of Illinois, Inc.)",ATTAINED_AGE,134.39,134.39,,,118.02,118.02,877-426-1269,https://www.humana.com/medicare/medicare-supplement-plans?kc=0321046030,"P.O. Box 14611 Lexington, KY 40512-4611"
NC,27401,N,MALE,American Benefit Life Insurance Company,ATTAINED_AGE,135.13,135.13,,,121.62,121.62,833-504-0331,https://lbig.com/,"1605 LBJ Freeway, Suite 700 Dallas, Texas 75234"
NC,27401,N,MALE,Mutual of Omaha (Omaha Insurance Company),ATTAINED_AGE,136.76,136.76,,,120.35,120.35,855-977-6312,https://www.mutualofomaha.com/medicaregov/,"3300 Mutual of Omaha Plaza, Omaha, NE 68175"
NC,27401,N,MALE,State Farm Mutual Automobile Insurance Company,ATTAINED_AGE,140.17,140.17,,,,,800-782-8332,https://www.statefarm.com/insurance/health/medicare-supplemental,"One State Farm Plaza, Bloomington, IL 61710"
NC,27401,N,MALE,Aetna Health Insurance Company,ATTAINED_AGE,143.36,143.36,133.32,133.32,133.32,133.32,800-358-8749 ,https://www.aetnamedicare.com/,"PO Box 14088 Lexington, KY 40513"
NC,27401,N,MALE,New Era Life Insurance Company of the Midwest,ATTAINED_AGE,143.45,143.45,134.84,134.84,134.84,134.84,877-417-7555,http://www.neweralife.com/,"P.O. Box 4884, Houston, TX 77210-4884"
NC,27401,N,MALE,USAA Life Insurance Company,ATTAINED_AGE,144.33,144.33,,,,,800-531-8722,https://www.usaa.com/inet/wc/insurance-health-medicare,"9800 Fredericksburg Rd. San Antonio, TX 78288"
NC,27401,N,MALE,Globe Life and Accident Insurance Company,ATTAINED_AGE,145,145,,,134.85,134.85,888-678-3403,https://www.globelifeinsurance.com/globecaremedsupp,"3700 S. Stonebridge Drive McKinney, TX 75070"
NC,27401,N,MALE,Medico Insurance Company (Standard I),ATTAINED_AGE,145.62,145.62,,,128.15,128.15,800-228-6080,https://www.gomedico.com/,"P.O. Box 10386 Des Moines, IA 50306-0386"
NC,27401,N,MALE,GPM Health and Life Insurance Company,ATTAINED_AGE,147.66,147.66,,,137.32,137.32,866-242-7573,https://www.gpmhealthandlife.com/wps/portal/home/products/medicare-supplement,"2211 N.E. Loop 410 San Antonio, TX 78217-4630"
NC,27401,N,MALE,Erie Family Life Insurance Company,ATTAINED_AGE,147.68,147.68,135.87,135.87,135.87,135.87,800-458-0811,https://www.erieinsurance.com/medicare-supplement,"100 Erie Insurance Place Erie, PA  16530"
NC,27401,N,MALE,AARP - UnitedHealthcare Insurance Company of America (Standard),COMMUNITY_RATED,148.02,148.02,125.21,125.21,132.81,132.81,888-378-0849,https://www.aarpmedicaresupplement.com/,PO Box 9003; Huntingdon Valley PA 19006
NC,27401,N,MALE,Medico Insurance Company (Standard II),ATTAINED_AGE,165.48,165.48,,,145.62,145.62,800-228-6080,https://www.gomedico.com/,"P.O. Box 10386 Des Moines, IA 50306-0386"
NC,27401,N,MALE,Heartland National Life Insurance Company,ATTAINED_AGE,171.53,171.53,,,159.52,159.52,866-916-7971,http://www.heartlandnational.net/medicare.php,"P.O. Box 2878 Salt Lake City , UT 84110-2878"
NC,27401,N,MALE,BlueCross BlueShield of North Carolina,ATTAINED_AGE,172.75,172.75,,,,,800-478-0583,https://www.bluecrossnc.com/,"PO Box 2291 Durham, NC  27702-2291"
NC,27401,N,MALE,AARP - UnitedHealthcare Insurance Company (Standard),COMMUNITY_RATED,176.73,176.73,156.22,156.22,,,888-378-0849,https://www.aarpmedicaresupplement.com/,PO Box 9003; Huntingdon Valley PA 19006
NC,27401,N,MALE,HealthSpring Insurance Company (Standard II),ATTAINED_AGE,188.24,188.24,,,,,877-607-6002,https://www.cigna.com/medicare/shop-plans/supplemental/,"PO Box 5700, Scranton PA 18505-5700"
NC,27401,N,MALE,"Physicians Mutual Insurance Company, Inc.",ATTAINED_AGE,214.51,214.51,,,190.68,190.68,800-325-6300,https://www.physiciansmutual.com/cs/products/medsup/medsup.html,"2600 Dodge Street, Omaha, Nebraska 68131"
NC,27401,N,MALE,Guarantee Trust Life Insurance Company,ATTAINED_AGE,228.33,228.33,,,212.35,212.35,800-338-7452,https://www.gtlic.com/,"1275 Milwaukee Avenue Glenview, IL 60025"
NC,27401,N,MALE,AARP - UnitedHealthcare Insurance Company (Level 2),COMMUNITY_RATED,301.84,301.84,266.97,266.97,,,888-378-0849,https://www.aarpmedicaresupplement.com/,PO Box 9003; Huntingdon Valley PA 19006
NC,27401,N,MALE,United American Insurance Company,ATTAINED_AGE,361,361,,,,,800-331-2512,https://www2.unitedamerican.com/,"3700 S Stonebridge Dr, McKinney, TX 75070"
NC,27401,N,MALE,AARP - UnitedHealthcare Insurance Company of America (Level 2),COMMUNITY_RATED,493.1,493.1,418.53,418.53,443.39,443.39,888-378-0849,https://www.aarpmedicaresupplement.com/,PO Box 9003; Huntingdon Valley PA 19006
NC,27401,N,FEMALE,Atlantic Capital Life Assurance Company (Preferred),ATTAINED_AGE,88.67,88.67,,,82.46,82.46,866-458-1430,https://bankersfidelity.com/,"4370 Peachtree Road, NE Atlanta, GA  30319"
NC,27401,N,FEMALE,Bankers Life (Underwritten by Washington National Insurance Company),ATTAINED_AGE,95.18,95.18,,,,,800-446-5018,https://www.bankerslife.com/medicare-supplement-insurance/?src=medicaregov&medium=listing,"11299 Illinois Street, Suite 200, Carmel, IN 46032"
NC,27401,N,FEMALE,Insurance Company of North America,ATTAINED_AGE,97.5,97.5,,,90.68,90.68,215-640-1000,https://www.chubb.com/microsites/ace-medicare-supplement.html,436 Walnut Street
NC,27401,N,FEMALE,Nassau Life Insurance Company,ATTAINED_AGE,97.71,97.71,,,,,860-403-5000,https://www.nsre.com/,"One American Row, Hartford, CT  06103"
NC,27401,N,FEMALE,Humana Achieve (CompBenefits Insurance Company),ATTAINED_AGE,98.83,98.83,,,86.73,86.73,888-602-7443,https://www.humana.com/medicare/medicare-supplement-plans?kc=0321046030,"P.O. Box 14611 Lexington, KY 40512-4614"
NC,27401,N,FEMALE,AFLAC,ATTAINED_AGE,101.65,101.65,,,91.49,91.49,866-990-2668,https://www.aflac.com/individuals,"Aflac Tier One, PO Box 14863, Lexington, KY 40512-4863"
NC,27401,N,FEMALE,Lumos Insurance,ATTAINED_AGE,106.72,106.72,,,99.25,99.25,800-752-8328,https://www.lumosinsurance.com/life-health,"2701 North Main Street, Crossville, TN 38555"
NC,27401,N,FEMALE,HealthSpring Insurance Company,ATTAINED_AGE,109.13,109.13,,,,,877-607-6002,https://www.cigna.com/medicare/shop-plans/supplemental/,"PO Box 5700, Scranton PA 18505-5700"
NC,27401,N,FEMALE,WoodmenLife,ATTAINED_AGE,110.44,110.44,,,99.4,99.4,1-866-236-0029,https://www.woodmenlife.org/insurance/medicare-supplement-insurance/,"1700 Farnam Street, Omaha, NE 68102"
NC,27401,N,FEMALE,Atlantic Capital Life Assurance Company (Standard),ATTAINED_AGE,110.48,110.48,,,102.75,102.75,866-458-1430,https://bankersfidelity.com/,"4370 Peachtree Road, NE Atlanta, GA  30319"
NC,27401,N,FEMALE,LifeShield National Insurance Company,ATTAINED_AGE,110.79,110.79,,,103.03,103.03,800-851-5041,https://www.lifeshieldnational.com/,"5500 N Western Avenue, Suite 200, Oklahoma City, OK 73118"
NC,27401,N,FEMALE,Medico Insurance Company (Preferred),ATTAINED_AGE,115.12,115.12,,,101.31,101.31,800-228-6080,https://www.gomedico.com/,"P.O. Box 10386 Des Moines, IA 50306-0386"
NC,27401,N,FEMALE,Bankers Life (Underwritten by Washington National Insurance Company) (Substandard),ATTAINED_AGE,117.5,117.5,,,,,800-446-5018,https://www.bankerslife.com/medicare-supplement-insurance/?src=medicaregov&medium=listing,"11299 Illinois Street, Suite 200, Carmel, IN 46032"
NC,27401,N,FEMALE,American Benefit Life Insurance Company,ATTAINED_AGE,117.51,117.51,,,105.76,105.76,833-504-0331,https://lbig.com/,"1605 LBJ Freeway, Suite 700 Dallas, Texas 75234"
NC,27401,N,FEMALE,"Humana (Humana Benefit Plan of Illinois, Inc.)",ATTAINED_AGE,118.93,118.93,,,104.42,104.42,877-426-1269,https://www.humana.com/medicare/medicare-supplement-plans?kc=0321046030,"P.O. Box 14611 Lexington, KY 40512-4611"
NC,27401,N,FEMALE,Mutual of Omaha (Omaha Insurance Company),ATTAINED_AGE,118.93,118.93,,,104.66,104.66,855-977-6312,https://www.mutualofomaha.com/medicaregov/,"3300 Mutual of Omaha Plaza, Omaha, NE 68175"
NC,27401,N,FEMALE,Aetna Health Insurance Company,ATTAINED_AGE,124.53,124.53,115.81,115.81,,,800-358-8749 ,https://www.aetnamedicare.com/,"PO Box 14088 Lexington, KY 40513"
NC,27401,N,FEMALE,Medico Insurance Company (Standard I),ATTAINED_AGE,126.63,126.63,,,111.43,111.43,800-228-6080,https://www.gomedico.com/,"P.O. Box 10386 Des Moines, IA 50306-0386"
NC,27401,N,FEMALE,New Era Life Insurance Company of the Midwest,ATTAINED_AGE,126.95,126.95,119.33,119.33,,,877-417-7555,http://www.neweralife.com/,"P.O. Box 4884, Houston, TX 77210-4884"
NC,27401,N,FEMALE,GPM Health and Life Insurance Company,ATTAINED_AGE,128.39,128.39,,,119.4,119.4,866-242-7573,https://www.gpmhealthandlife.com/wps/portal/home/products/medicare-supplement,"2211 N.E. Loop 410 San Antonio, TX 78217-4630"
NC,27401,N,FEMALE,Erie Family Life Insurance Company,ATTAINED_AGE,128.4,128.4,118.13,118.13,,,800-458-0811,https://www.erieinsurance.com/medicare-supplement,"100 Erie Insurance Place Erie, PA  16530"
NC,27401,N,FEMALE,AARP - UnitedHealthcare Insurance Company of America (Standard),COMMUNITY_RATED,130.81,130.81,110.58,110.58,117.32,117.32,888-378-0849,https://www.aarpmedicaresupplement.com/,PO Box 9003; Huntingdon Valley PA 19006
NC,27401,N,FEMALE,State Farm Mutual Automobile Insurance Company,ATTAINED_AGE,134.39,134.39,,,,,800-782-8332,https://www.statefarm.com/insurance/health/medicare-supplemental,"One State Farm Plaza, Bloomington, IL 61710"
NC,27401,N,FEMALE,Globe Life and Accident Insurance Company,ATTAINED_AGE,135,135,,,125.55,125.55,888-678-3403,https://www.globelifeinsurance.com/globecaremedsupp,"3700 S. Stonebridge Drive McKinney, TX 75070"
NC,27401,N,FEMALE,Medico Insurance Company (Standard II),ATTAINED_AGE,143.9,143.9,,,126.63,126.63,800-228-6080,https://www.gomedico.com/,"P.O. Box 10386 Des Moines, IA 50306-0386"
NC,27401,N,FEMALE,USAA Life Insurance Company,ATTAINED_AGE,144.33,144.33,,,,,800-531-8722,https://www.usaa.com/inet/wc/insurance-health-medicare,"9800 Fredericksburg Rd. San Antonio, TX 78288"
NC,27401,N,FEMALE,Heartland National Life Insurance Company,ATTAINED_AGE,149.16,149.16,,,138.72,138.72,866-916-7971,http://www.heartlandnational.net/medicare.php,"P.O. Box 2878 Salt Lake City , UT 84110-2878"
NC,27401,N,FEMALE,BlueCross BlueShield of North Carolina,ATTAINED_AGE,150.75,150.75,,,,,800-478-0583,https://www.bluecrossnc.com/,"PO Box 2291 Durham, NC  27702-2291"
NC,27401,N,FEMALE,AARP - UnitedHealthcare Insurance Company (Standard),COMMUNITY_RATED,156.6,156.6,138.4,138.4,,,888-378-0849,https://www.aarpmedicaresupplement.com/,PO Box 9003; Huntingdon Valley PA 19006
NC,27401,N,FEMALE,HealthSpring Insurance Company (Standard II),ATTAINED_AGE,163.69,163.69,,,,,877-607-6002,https://www.cigna.com/medicare/shop-plans/supplemental/,"PO Box 5700, Scranton PA 18505-5700"
NC,27401,N,FEMALE,"Physicians Mutual Insurance Company, Inc.",ATTAINED_AGE,194.08,194.08,,,172.52,172.52,800-325-6300,https://www.physiciansmutual.com/cs/products/medsup/medsup.html,"2600 Dodge Street, Omaha, Nebraska 68131"
NC,27401,N,FEMALE,Guarantee Trust Life Insurance Company,ATTAINED_AGE,203.86,203.86,,,189.59,189.59,800-338-7452,https://www.gtlic.com/,"1275 Milwaukee Avenue Glenview, IL 60025"
NC,27401,N,FEMALE,AARP - UnitedHealthcare Insurance Company (Level 2),COMMUNITY_RATED,267.62,267.62,236.68,236.68,,,888-378-0849,https://www.aarpmedicaresupplement.com/,PO Box 9003; Huntingdon Valley PA 19006
NC,27401,N,FEMALE,United American Insurance Company,ATTAINED_AGE,314,314,,,,,800-331-2512,https://www2.unitedamerican.com/,"3700 S Stonebridge Dr, McKinney, TX 75070"
NC,27401,N,FEMALE,AARP - UnitedHealthcare Insurance Company of America (Level 2),COMMUNITY_RATED,436.82,436.82,370.69,370.69,392.73,392.73,888-378-0849,https://www.aarpmedicaresupplement.com/,PO Box 9003; Huntingdon Valley PA 19006
NC,27514,G,MALE,Atlantic Capital Life Assurance Company (Preferred),ATTAINED_AGE,131.94,131.94,,,122.7,122.7,866-458-1430,https://bankersfidelity.com/,"4370 Peachtree Road, NE Atlanta, GA  30319"
NC,27514,G,MALE,"Physicians Mutual Insurance Company, Inc. (Innovative)",ATTAINED_AGE,147.79,147.79,,,131.37,131.37,800-325-6300,https://www.physiciansmutual.com/cs/products/medsup/medsup.html,"2600 Dodge Street, Omaha, Nebraska 68131"
NC,27514,G,MALE,Nassau Life Insurance Company,ATTAINED_AGE,151.2,151.2,,,,,860-403-5000,https://www.nsre.com/,"One American Row, Hartford, CT  06103"
NC,27514,G,MALE,Old Surety Life Insurance Company,ISSUE_AGE,162.85,162.85,,,,,800-272-5466,http://www.oldsurety.com/,"5201 N Lincoln Blvd, Oklahoma City, OK 73105"
NC,27514,G,MALE,Atlantic Capital Life Assurance Company (Standard),ATTAINED_AGE,164.56,164.56,,,153.04,153.04,866-458-1430,https://bankersfidelity.com/,"4370 Peachtree Road, NE Atlanta, GA  30319"
NC,27514,G,MALE,Lumos Insurance,ATTAINED_AGE,165.54,165.54,,,153.95,153.95,800-752-8328,https://www.lumosinsurance.com/life-health,"2701 North Main Street, Crossville, TN 38555"
NC,27514,G,MALE,Insurance Company of North America,ATTAINED_AGE,166.75,166.75,,,155.08,155.08,215-640-1000,https://www.chubb.com/microsites/ace-medicare-supplement.html,436 Walnut Street
NC,27514,G,MALE,Globe Life and Accident Insurance Company,ATTAINED_AGE,168,168,,,156.24,156.24,888-678-3403,https://www.globelifeinsurance.com/globecaremedsupp,"3700 S. Stonebridge Drive McKinney, TX 75070"
NC,27514,G,MALE,LifeShield National Insurance Company,ATTAINED_AGE,170.56,170.56,,,158.62,158.62,800-851-5041,https://www.lifeshieldnational.com/,"5500 N Western Avenue, Suite 200, Oklahoma City, OK 73118"
NC,27514,G,MALE,HealthSpring Insurance Company,ATTAINED_AGE,171.92,171.92,,,,,877-607-6002,https://www.cigna.com/medicare/shop-plans/supplemental/,"PO Box 5700, Scranton PA 18505-5700"
NC,27514,G,MALE,WoodmenLife,ATTAINED_AGE,175.57,175.57,,,158.01,158.01,1-866-236-0029,https://www.woodmenlife.org/insurance/medicare-supplement-insurance/,"1700 Farnam Street, Omaha, NE 68102"
NC,27514,G,MALE,Erie Family Life Insurance Company,ATTAINED_AGE,177.95,177.95,163.71,163.71,163.71,163.71,800-458-0811,https://www.erieinsurance.com/medicare-supplement,"100 Erie Insurance Place Erie, PA  16530"
NC,27514,G,MALE,American Benefit Life Insurance Company,ATTAINED_AGE,178.74,178.74,,,160.87,160.87,833-504-0331,https://lbig.com/,"1605 LBJ Freeway, Suite 700 Dallas, Texas 75234"
NC,27514,G,MALE,AFLAC,ATTAINED_AGE,179.69,179.69,,,161.72,161.72,866-990-2668,https://www.aflac.com/individuals,"Aflac Tier One, PO Box 14863, Lexington, KY 40512-4863"
NC,27514,G,MALE,Medico Insurance Company (Preferred),ATTAINED_AGE,180.33,180.33,,,158.69,158.69,800-228-6080,https://www.gomedico.com/,"P.O. Box 10386 Des Moines, IA 50306-0386"
NC,27514,G,MALE,State Farm Mutual Automobile Insurance Company,ATTAINED_AGE,181.22,181.22,,,,,800-782-8332,https://www.statefarm.com/insurance/health/medicare-supplemental,"One State Farm Plaza, Bloomington, IL 61710"
NC,27514,G,MALE,Bankers Life (Underwritten by Washington National Insurance Company),ATTAINED_AGE,181.49,181.49,,,,,800-446-5018,https://www.bankerslife.com/medicare-supplement-insurance/?src=medicaregov&medium=listing,"11299 Illinois Street, Suite 200, Carmel, IN 46032"
NC,27514,G,MALE,USAA Life Insurance Company,ATTAINED_AGE,184.28,184.28,,,,,800-531-8722,https://www.usaa.com/inet/wc/insurance-health-medicare,"9800 Fredericksburg Rd. San Antonio, TX 78288"
NC,27514,G,MALE,AARP - UnitedHealthcare Insurance Company (Standard),COMMUNITY_RATED,186.79,186.79,165.12,165.12,,,888-378-0849,https://www.aarpmedicaresupplement.com/,PO Box 9003; Huntingdon Valley PA 19006
NC,27514,G,MALE,"Humana (Humana Benefit Plan of Illinois, Inc.)",ATTAINED_AGE,189.42,189.42,,,166.45,166.45,877-426-1269,https://www.humana.com/medicare/medicare-supplement-plans?kc=0321046030,"P.O. Box 14611 Lexington, KY 40512-4611"
NC,27514,G,MALE,New Era Life Insurance Company of the Midwest,ATTAINED_AGE,190.09,190.09,178.68,178.68,178.68,178.68,877-417-7555,http://www.neweralife.com/,"P.O. Box 4884, Houston, TX 77210-4884"
NC,27514,G,MALE,Medico Insurance Company (Standard I),ATTAINED_AGE,198.37,198.37,,,174.57,174.57,800-228-6080,https://www.gomedico.com/,"P.O. Box 10386 Des Moines, IA 50306-0386"
NC,27514,G,MALE,AARP - UnitedHealthcare Insurance Company of America (Standard),COMMUNITY_RATED,204.57,204.57,173.28,173.28,183.71,183.71,888-378-0849,https://www.aarpmedicaresupplement.com/,PO Box 9003; Huntingdon Valley PA 19006
NC,27514,G,MALE,BlueCross BlueShield of North Carolina,ATTAINED_AGE,205.5,205.5,,,,,800-478-0583,https://www.bluecrossnc.com/,"PO Box 2291 Durham, NC  27702-2291"
NC,27514,G,MALE,Aetna Health Insurance Company,ATTAINED_AGE,208.25,208.25,193.67,193.67,193.67,193.67,800-358-8749 ,https://www.aetnamedicare.com/,"PO Box 14088 Lexington, KY 40513"
NC,27514,G,MALE,Mutual of Omaha (Omaha Insurance Company),ATTAINED_AGE,212.34,212.34,,,186.86,186.86,855-977-6312,https://www.mutualofomaha.com/medicaregov/,"3300 Mutual of Omaha Plaza, Omaha, NE 68175"
NC,27514,G,MALE,Heartland National Life Insurance Company,ATTAINED_AGE,217.98,217.98,,,202.72,202.72,866-916-7971,http://www.heartlandnational.net/medicare.php,"P.O. Box 2878 Salt Lake City , UT 84110-2878"
NC,27514,G,MALE,Humana Achieve (CompBenefits Insurance Company),ATTAINED_AGE,221.35,221.35,,,194.55,194.55,888-602-7443,https://www.humana.com/medicare/medicare-supplement-plans?kc=0321046030,"P.O. Box 14611 Lexington, KY 40512-4614"
NC,27514,G,MALE,Bankers Life (Underwritten by Washington National Insurance Company) (Substandard),ATTAINED_AGE,224.06,224.06,,,,,800-446-5018,https://www.bankerslife.com/medicare-supplement-insurance/?src=medicaregov&medium=listing,"11299 Illinois Street, Suite 200, Carmel, IN 46032"
NC,27514,G,MALE,Medico Insurance Company (Standard II),ATTAINED_AGE,225.41,225.41,,,198.36,198.36,800-228-6080,https://www.gomedico.com/,"P.O. Box 10386 Des Moines, IA 50306-0386"
NC,27514,G,MALE,"Physicians Mutual Insurance Company, Inc.",ATTAINED_AGE,231.45,231.45,,,205.73,205.73,800-325-6300,https://www.physiciansmutual.com/cs/products/medsup/medsup.html,"2600 Dodge Street, Omaha, Nebraska 68131"
NC,27514,G,MALE,HealthSpring Insurance Company (Standard II),ATTAINED_AGE,257.89,257.89,,,,,877-607-6002,https://www.cigna.com/medicare/shop-plans/supplemental/,"PO Box 5700, Scranton PA 18505-5700"
NC,27514,G,MALE,GPM Health and Life Insurance Company,ATTAINED_AGE,312.66,312.66,,,290.77,290.77,866-242-7573,https://www.gpmhealthandlife.com/wps/portal/home/products/medicare-supplement,"2211 N.E. Loop 410 San Antonio, TX 78217-4630"
NC,27514,G,MALE,AARP - UnitedHealthcare Insurance Company (Level 2),COMMUNITY_RATED,318.95,318.95,282.11,282.11,,,888-378-0849,https://www.aarpmedicaresupplement.com/,PO Box 9003; Huntingdon Valley PA 19006
NC,27514,G,MALE,Guarantee Trust Life Insurance Company,ATTAINED_AGE,353.03,353.03,,,328.32,328.32,800-338-7452,https://www.gtlic.com/,"1275 Milwaukee Avenue Glenview, IL 60025"
NC,27514,G,MALE,United American Insurance Company,ATTAINED_AGE,357,357,,,,,800-331-2512,https://www2.unitedamerican.com/,"3700 S Stonebridge Dr, McKinney, TX 75070"
NC,27514,G,MALE,AARP - UnitedHealthcare Insurance Company of America (Level 2),COMMUNITY_RATED,569.58,569.58,483.54,483.54,512.22,512.22,888-378-0849,https://www.aarpmedicaresupplement.com/,PO Box 9003; Huntingdon Valley PA 19006
NC,27514,G,FEMALE,Atlantic Capital Life Assurance Company (Preferred),ATTAINED_AGE,114.97,114.97,,,106.92,106.92,866-458-1430,https://bankersfidelity.com/,"4370 Peachtree Road, NE Atlanta, GA  30319"
NC,27514,G,FEMALE,Nassau Life Insurance Company,ATTAINED_AGE,131.54,131.54,,,,,860-403-5000,https://www.nsre.com/,"One American Row, Hartford, CT  06103"
NC,27514,G,FEMALE,"Physicians Mutual Insurance Company, Inc. (Innovative)",ATTAINED_AGE,133.71,133.71,,,118.85,118.85,800-325-6300,https://www.physiciansmutual.com/cs/products/medsup/medsup.html,"2600 Dodge Street, Omaha, Nebraska 68131"
NC,27514,G,FEMALE,Old Surety Life Insurance Company,ISSUE_AGE,141.61,141.61,,,,,800-272-5466,http://www.oldsurety.com/,"5201 N Lincoln Blvd, Oklahoma City, OK 73105"
NC,27514,G,FEMALE,Atlantic Capital Life Assurance Company (Standard),ATTAINED_AGE,143.35,143.35,,,133.32,133.32,866-458-1430,https://bankersfidelity.com/,"4370 Peachtree Road, NE Atlanta, GA  30319"
NC,27514,G,FEMALE,Insurance Company of North America,ATTAINED_AGE,147.67,147.67,,,137.33,137.33,215-640-1000,https://www.chubb.com/microsites/ace-medicare-supplement.html,436 Walnut Street
NC,27514,G,FEMALE,LifeShield National Insurance Company,ATTAINED_AGE,148.31,148.31,,,137.93,137.93,800-851-5041,https://www.lifeshieldnational.com/,"5500 N Western Avenue, Suite 200, Oklahoma City, OK 73118"
NC,27514,G,FEMALE,HealthSpring Insurance Company,ATTAINED_AGE,149.5,149.5,,,,,877-607-6002,https://www.cigna.com/medicare/shop-plans/supplemental/,"PO Box 5700, Scranton PA 18505-5700"
NC,27514,G,FEMALE,Lumos Insurance,ATTAINED_AGE,150.5,150.5,,,139.96,139.96,800-752-8328,https://www.lumosinsurance.com/life-health,"2701 North Main Street, Crossville, TN 38555"
NC,27514,G,FEMALE,WoodmenLife,ATTAINED_AGE,152.66,152.66,,,137.39,137.39,1-866-236-0029,https://www.woodmenlife.org/insurance/medicare-supplement-insurance/,"1700 Farnam Street, Omaha, NE 68102"
NC,27514,G,FEMALE,Erie Family Life Insurance Company,ATTAINED_AGE,154.71,154.71,142.33,142.33,,,800-458-0811,https://www.erieinsurance.com/medicare-supplement,"100 Erie Insurance Place Erie, PA  16530"
NC,27514,G,FEMALE,American Benefit Life Insurance Company,ATTAINED_AGE,155.43,155.43,,,139.89,139.89,833-504-0331,https://lbig.com/,"1605 LBJ Freeway, Suite 700 Dallas, Texas 75234"
NC,27514,G,FEMALE,Globe Life and Accident Insurance Company,ATTAINED_AGE,156,156,,,145.08,145.08,888-678-3403,https://www.globelifeinsurance.com/globecaremedsupp,"3700 S. Stonebridge Drive McKinney, TX 75070"
NC,27514,G,FEMALE,Medico Insurance Company (Preferred),ATTAINED_AGE,156.81,156.81,,,137.99,137.99,800-228-6080,https://www.gomedico.com/,"P.O. Box 10386 Des Moines, IA 50306-0386"
NC,27514,G,FEMALE,AFLAC,ATTAINED_AGE,156.87,156.87,,,141.18,141.18,866-990-2668,https://www.aflac.com/individuals,"Aflac Tier One, PO Box 14863, Lexington, KY 40512-4863"
NC,27514,G,FEMALE,Bankers Life (Underwritten by Washington National Insurance Company),ATTAINED_AGE,163.34,163.34,,,,,800-446-5018,https://www.bankerslife.com/medicare-supplement-insurance/?src=medicaregov&medium=listing,"11299 Illinois Street, Suite 200, Carmel, IN 46032"
NC,27514,G,FEMALE,AARP - UnitedHealthcare Insurance Company (Standard),COMMUNITY_RATED,165.44,165.44,146.22,146.22,,,888-378-0849,https://www.aarpmedicaresupplement.com/,PO Box 9003; Huntingdon Valley PA 19006
NC,27514,G,FEMALE,"Humana (Humana Benefit Plan of Illinois, Inc.)",ATTAINED_AGE,167.63,167.63,,,147.27,147.27,877-426-1269,https://www.humana.com/medicare/medicare-supplement-plans?kc=0321046030,"P.O. Box 14611 Lexington, KY 40512-4611"
NC,27514,G,FEMALE,Medico Insurance Company (Standard I),ATTAINED_AGE,172.49,172.49,,,151.79,151.79,800-228-6080,https://www.gomedico.com/,"P.O. Box 10386 Des Moines, IA 50306-0386"
NC,27514,G,FEMALE,New Era Life Insurance Company of the Midwest,ATTAINED_AGE,172.8,172.8,162.43,162.43,,,877-417-7555,http://www.neweralife.com/,"P.O. Box 4884, Houston, TX 77210-4884"
NC,27514,G,FEMALE,State Farm Mutual Automobile Insurance Company,ATTAINED_AGE,177.14,177.14,,,,,800-782-8332,https://www.statefarm.com/insurance/health/medicare-supplemental,"One State Farm Plaza, Bloomington, IL 61710"
NC,27514,G,FEMALE,BlueCross BlueShield of North Carolina,ATTAINED_AGE,179.5,179.5,,,,,800-478-0583,https://www.bluecrossnc.com/,"PO Box 2291 Durham, NC  27702-2291"
NC,27514,G,FEMALE,AARP - UnitedHealthcare Insurance Company of America (Standard),COMMUNITY_RATED,180.95,180.95,153.2,153.2,162.45,162.45,888-378-0849,https://www.aarpmedicaresupplement.com/,PO Box 9003; Huntingdon Valley PA 19006
NC,27514,G,FEMALE,Aetna Health Insurance Company,ATTAINED_AGE,181.01,181.01,168.34,168.34,,,800-358-8749 ,https://www.aetnamedicare.com/,"PO Box 14088 Lexington, KY 40513"
NC,27514,G,FEMALE,USAA Life Insurance Company,ATTAINED_AGE,184.28,184.28,,,,,800-531-8722,https://www.usaa.com/inet/wc/insurance-health-medicare,"9800 Fredericksburg Rd. San Antonio, TX 78288"
NC,27514,G,FEMALE,Mutual of Omaha (Omaha Insurance Company),ATTAINED_AGE,184.64,184.64,,,162.48,162.48,855-977-6312,https://www.mutualofomaha.com/medicaregov/,"3300 Mutual of Omaha Plaza, Omaha, NE 68175"
NC,27514,G,FEMALE,Heartland National Life Insurance Company,ATTAINED_AGE,189.55,189.55,,,176.28,176.28,866-916-7971,http://www.heartlandnational.net/medicare.php,"P.O. Box 2878 Salt Lake City , UT 84110-2878"
NC,27514,G,FEMALE,Humana Achieve (CompBenefits Insurance Company),ATTAINED_AGE,192.48,192.48,,,169.14,169.14,888-602-7443,https://www.humana.com/medicare/medicare-supplement-plans?kc=0321046030,"P.O. Box 14611 Lexington, KY 40512-4614"
NC,27514,G,FEMALE,Medico Insurance Company (Standard II),ATTAINED_AGE,196.01,196.01,,,172.49,172.49,800-228-6080,https://www.gomedico.com/,"P.O. Box 10386 Des Moines, IA 50306-0386"
NC,27514,G,FEMALE,Bankers Life (Underwritten by Washington National Insurance Company) (Substandard),ATTAINED_AGE,201.65,201.65,,,,,800-446-5018,https://www.bankerslife.com/medicare-supplement-insurance/?src=medicaregov&medium=listing,"11299 Illinois Street, Suite 200, Carmel, IN 46032"
NC,27514,G,FEMALE,"Physicians Mutual Insurance Company, Inc.",ATTAINED_AGE,209.4,209.4,,,186.13,186.13,800-325-6300,https://www.physiciansmutual.com/cs/products/medsup/medsup.html,"2600 Dodge Street, Omaha, Nebraska 68131"
NC,27514,G,FEMALE,HealthSpring Insurance Company (Standard II),ATTAINED_AGE,224.25,224.25,,,,,877-607-6002,https://www.cigna.com/medicare/shop-plans/supplemental/,"PO Box 5700, Scranton PA 18505-5700"
NC,27514,G,FEMALE,GPM Health and Life Insurance Company,ATTAINED_AGE,271.87,271.87,,,252.84,252.84,866-242-7573,https://www.gpmhealthandlife.com/wps/portal/home/products/medicare-supplement,"2211 N.E. Loop 410 San Antonio, TX 78217-4630"
NC,27514,G,FEMALE,AARP - UnitedHealthcare Insurance Company (Level 2),COMMUNITY_RATED,282.65,282.65,249.98,249.98,,,888-378-0849,https://www.aarpmedicaresupplement.com/,PO Box 9003; Huntingdon Valley PA 19006
NC,27514,G,FEMALE,United American Insurance Company,ATTAINED_AGE,310,310,,,,,800-331-2512,https://www2.unitedamerican.com/,"3700 S Stonebridge Dr, McKinney, TX 75070"
NC,27514,G,FEMALE,Guarantee Trust Life Insurance Company,ATTAINED_AGE,315.2,315.2,,,293.14,293.14,800-338-7452,https://www.gtlic.com/,"1275 Milwaukee Avenue Glenview, IL 60025"
NC,27514,G,FEMALE,AARP - UnitedHealthcare Insurance Company of America (Level 2),COMMUNITY_RATED,504.63,504.63,428.33,428.33,453.76,453.76,888-378-0849,https://www.aarpmedicaresupplement.com/,PO Box 9003; Huntingdon Valley PA 19006
NC,27514,N,MALE,Atlantic Capital Life Assurance Company (Preferred),ATTAINED_AGE,101.7,101.7,,,94.58,94.58,866-458-1430,https://bankersfidelity.com/,"4370 Peachtree Road, NE Atlanta, GA  30319"
NC,27514,N,MALE,Bankers Life (Underwritten by Washington National Insurance Company),ATTAINED_AGE,105.76,105.76,,,,,800-446-5018,https://www.bankerslife.com/medicare-supplement-insurance/?src=medicaregov&medium=listing,"11299 Illinois Street, Suite 200, Carmel, IN 46032"
NC,27514,N,MALE,Insurance Company of North America,ATTAINED_AGE,110.33,110.33,,,102.61,102.61,215-640-1000,https://www.chubb.com/microsites/ace-medicare-supplement.html,436 Walnut Street
NC,27514,N,MALE,Nassau Life Insurance Company,ATTAINED_AGE,112.31,112.31,,,,,860-403-5000,https://www.nsre.com/,"One American Row, Hartford, CT  06103"
NC,27514,N,MALE,Humana Achieve (CompBenefits Insurance Company),ATTAINED_AGE,113.66,113.66,,,99.78,99.78,888-602-7443,https://www.humana.com/medicare/medicare-supplement-plans?kc=0321046030,"P.O. Box 14611 Lexington, KY 40512-4614"
NC,27514,N,MALE,AFLAC,ATTAINED_AGE,116.44,116.44,,,104.8,104.8,866-990-2668,https://www.aflac.com/individuals,"Aflac Tier One, PO Box 14863, Lexington, KY 40512-4863"
NC,27514,N,MALE,Lumos Insurance,ATTAINED_AGE,117.32,117.32,,,109.11,109.11,800-752-8328,https://www.lumosinsurance.com/life-health,"2701 North Main Street, Crossville, TN 38555"
NC,27514,N,MALE,HealthSpring Insurance Company,ATTAINED_AGE,125.5,125.5,,,,,877-607-6002,https://www.cigna.com/medicare/shop-plans/supplemental/,"PO Box 5700, Scranton PA 18505-5700"
NC,27514,N,MALE,Atlantic Capital Life Assurance Company (Standard),ATTAINED_AGE,126.77,126.77,,,117.9,117.9,866-458-1430,https://bankersfidelity.com/,"4370 Peachtree Road, NE Atlanta, GA  30319"
NC,27514,N,MALE,WoodmenLife,ATTAINED_AGE,127,127,,,114.3,114.3,1-866-236-0029,https://www.woodmenlife.org/insurance/medicare-supplement-insurance/,"1700 Farnam Street, Omaha, NE 68102"
NC,27514,N,MALE,LifeShield National Insurance Company,ATTAINED_AGE,127.41,127.41,,,118.49,118.49,800-851-5041,https://www.lifeshieldnational.com/,"5500 N Western Avenue, Suite 200, Oklahoma City, OK 73118"
NC,27514,N,MALE,Bankers Life (Underwritten by Washington National Insurance Company) (Substandard),ATTAINED_AGE,130.57,130.57,,,,,800-446-5018,https://www.bankerslife.com/medicare-supplement-insurance/?src=medicaregov&medium=listing,"11299 Illinois Street, Suite 200, Carmel, IN 46032"
NC,27514,N,MALE,Medico Insurance Company (Preferred),ATTAINED_AGE,132.38,132.38,,,116.49,116.49,800-228-6080,https://www.gomedico.com/,"P.O. Box 10386 Des Moines, IA 50306-0386"
NC,27514,N,MALE,"Humana (Humana Benefit Plan of Illinois, Inc.)",ATTAINED_AGE,134.39,134.39,,,118.02,118.02,877-426-1269,https://www.humana.com/medicare/medicare-supplement-plans?kc=0321046030,"P.O. Box 14611 Lexington, KY 40512-4611"
NC,27514,N,MALE,American Benefit Life Insurance Company,ATTAINED_AGE,135.13,135.13,,,121.62,121.62,833-504-0331,https://lbig.com/,"1605 LBJ Freeway, Suite 700 Dallas, Texas 75234"
NC,27514,N,MALE,Mutual of Omaha (Omaha Insurance Company),ATTAINED_AGE,136.76,136.76,,,120.35,120.35,855-977-6312,https://www.mutualofomaha.com/medicaregov/,"3300 Mutual of Omaha Plaza, Omaha, NE 68175"
NC,27514,N,MALE,State Farm Mutual Automobile Insurance Company,ATTAINED_AGE,140.17,140.17,,,,,800-782-8332,https://www.statefarm.com/insurance/health/medicare-supplemental,"One State Farm Plaza, Bloomington, IL 61710"
NC,27514,N,MALE,Aetna Health Insurance Company,ATTAINED_AGE,143.36,143.36,133.32,133.32,133.32,133.32,800-358-8749 ,https://www.aetnamedicare.com/,"PO Box 14088 Lexington, KY 40513"
NC,27514,N,MALE,New Era Life Insurance Company of the Midwest,ATTAINED_AGE,143.45,143.45,134.84,134.84,134.84,134.84,877-417-7555,http://www.neweralife.com/,"P.O. Box 4884, Houston, TX 77210-4884"
NC,27514,N,MALE,USAA Life Insurance Company,ATTAINED_AGE,144.33,144.33,,,,,800-531-8722,https://www.usaa.com/inet/wc/insurance-health-medicare,"9800 Fredericksburg Rd. San Antonio, TX 78288"
NC,27514,N,MALE,Globe Life and Accident Insurance Company,ATTAINED_AGE,145,145,,,134.85,134.85,888-678-3403,https://www.globelifeinsurance.com/globecaremedsupp,"3700 S. Stonebridge Drive McKinney, TX 75070"
NC,27514,N,MALE,Medico Insurance Company (Standard I),ATTAINED_AGE,145.62,145.62,,,128.15,128.15,800-228-6080,https://www.gomedico.com/,"P.O. Box 10386 Des Moines, IA 50306-0386"
NC,27514,N,MALE,GPM Health and Life Insurance Company,ATTAINED_AGE,147.66,147.66,,,137.32,137.32,866-242-7573,https://www.gpmhealthandlife.com/wps/portal/home/products/medicare-supplement,"2211 N.E. Loop 410 San Antonio, TX 78217-4630"
NC,27514,N,MALE,Erie Family Life Insurance Company,ATTAINED_AGE,147.68,147.68,135.87,135.87,135.87,135.87,800-458-0811,https://www.erieinsurance.com/medicare-supplement,"100 Erie Insurance Place Erie, PA  16530"
NC,27514,N,MALE,AARP - UnitedHealthcare Insurance Company of America (Standard),COMMUNITY_RATED,148.02,148.02,125.21,125.21,132.81,132.81,888-378-0849,https://www.aarpmedicaresupplement.com/,PO Box 9003; Huntingdon Valley PA 19006
NC,27514,N,MALE,Medico Insurance Company (Standard II),ATTAINED_AGE,165.48,165.48,,,145.62,145.62,800-228-6080,https://www.gomedico.com/,"P.O. Box 10386 Des Moines, IA 50306-0386"
NC,27514,N,MALE,Heartland National Life Insurance Company,ATTAINED_AGE,171.53,171.53,,,159.52,159.52,866-916-7971,http://www.heartlandnational.net/medicare.php,"P.O. Box 2878 Salt Lake City , UT 84110-2878"
NC,27514,N,MALE,BlueCross BlueShield of North Carolina,ATTAINED_AGE,172.75,172.75,,,,,800-478-0583,https://www.bluecrossnc.com/,"PO Box 2291 Durham, NC  27702-2291"
NC,27514,N,MALE,AARP - UnitedHealthcare Insurance Company (Standard),COMMUNITY_RATED,176.73,176.73,156.22,156.22,,,888-378-0849,https://www.aarpmedicaresupplement.com/,PO Box 9003; Huntingdon Valley PA 19006
NC,27514,N,MALE,HealthSpring Insurance Company (Standard II),ATTAINED_AGE,188.24,188.24,,,,,877-607-6002,https://www.cigna.com/medicare/shop-plans/supplemental/,"PO Box 5700, Scranton PA 18505-5700"
NC,27514,N,MALE,"Physicians Mutual Insurance Company, Inc.",ATTAINED_AGE,214.51,214.51,,,190.68,190.68,800-325-6300,https://www.physiciansmutual.com/cs/products/medsup/medsup.html,"2600 Dodge Street, Omaha, Nebraska 68131"
NC,27514,N,MALE,Guarantee Trust Life Insurance Company,ATTAINED_AGE,228.33,228.33,,,212.35,212.35,800-338-7452,https://www.gtlic.com/,"1275 Milwaukee Avenue Glenview, IL 60025"
NC,27514,N,MALE,AARP - UnitedHealthcare Insurance Company (Level 2),COMMUNITY_RATED,301.84,301.84,266.97,266.97,,,888-378-0849,https://www.aarpmedicaresupplement.com/,PO Box 9003; Huntingdon Valley PA 19006
NC,27514,N,MALE,United American Insurance Company,ATTAINED_AGE,361,361,,,,,800-331-2512,https://www2.unitedamerican.com/,"3700 S Stonebridge Dr, McKinney, TX 75070"
NC,27514,N,MALE,AARP - UnitedHealthcare Insurance Company of America (Level 2),COMMUNITY_RATED,493.1,493.1,418.53,418.53,443.39,443.39,888-378-0849,https://www.aarpmedicaresupplement.com/,PO Box 9003; Huntingdon Valley PA 19006
NC,27514,N,FEMALE,Atlantic Capital Life Assurance Company (Preferred),ATTAINED_AGE,88.67,88.67,,,82.46,82.46,866-458-1430,https://bankersfidelity.com/,"4370 Peachtree Road, NE Atlanta, GA  30319"
NC,27514,N,FEMALE,Bankers Life (Underwritten by Washington National Insurance Company),ATTAINED_AGE,95.18,95.18,,,,,800-446-5018,https://www.bankerslife.com/medicare-supplement-insurance/?src=medicaregov&medium=listing,"11299 Illinois Street, Suite 200, Carmel, IN 46032"
NC,27514,N,FEMALE,Insurance Company of North America,ATTAINED_AGE,97.5,97.5,,,90.68,90.68,215-640-1000,https://www.chubb.com/microsites/ace-medicare-supplement.html,436 Walnut Street
NC,27514,N,FEMALE,Nassau Life Insurance Company,ATTAINED_AGE,97.71,97.71,,,,,860-403-5000,https://www.nsre.com/,"One American Row, Hartford, CT  06103"
NC,27514,N,FEMALE,Humana Achieve (CompBenefits Insurance Company),ATTAINED_AGE,98.83,98.83,,,86.73,86.73,888-602-7443,https://www.humana.com/medicare/medicare-supplement-plans?kc=0321046030,"P.O. Box 14611 Lexington, KY 40512-4614"
NC,27514,N,FEMALE,AFLAC,ATTAINED_AGE,101.65,101.65,,,91.49,91.49,866-990-2668,https://www.aflac.com/individuals,"Aflac Tier One, PO Box 14863, Lexington, KY 40512-4863"
NC,27514,N,FEMALE,Lumos Insurance,ATTAINED_AGE,106.72,106.72,,,99.25,99.25,800-752-8328,https://www.lumosinsurance.com/life-health,"2701 North Main Street, Crossville, TN 38555"
NC,27514,N,FEMALE,HealthSpring Insurance Company,ATTAINED_AGE,109.13,109.13,,,,,877-607-6002,https://www.cigna.com/medicare/shop-plans/supplemental/,"PO Box 5700, Scranton PA 18505-5700"
NC,27514,N,FEMALE,WoodmenLife,ATTAINED_AGE,110.44,110.44,,,99.4,99.4,1-866-236-0029,https://www.woodmenlife.org/insurance/medicare-supplement-insurance/,"1700 Farnam Street, Omaha, NE 68102"
NC,27514,N,FEMALE,Atlantic Capital Life Assurance Company (Standard),ATTAINED_AGE,110.48,110.48,,,102.75,102.75,866-458-1430,https://bankersfidelity.com/,"4370 Peachtree Road, NE Atlanta, GA  30319"
NC,27514,N,FEMALE,LifeShield National Insurance Company,ATTAINED_AGE,110.79,110.79,,,103.03,103.03,800-851-5041,https://www.lifeshieldnational.com/,"5500 N Western Avenue, Suite 200, Oklahoma City, OK 73118"
NC,27514,N,FEMALE,Medico Insurance Company (Preferred),ATTAINED_AGE,115.12,115.12,,,101.31,101.31,800-228-6080,https://www.gomedico.com/,"P.O. Box 10386 Des Moines, IA 50306-0386"
NC,27514,N,FEMALE,Bankers Life (Underwritten by Washington National Insurance Company) (Substandard),ATTAINED_AGE,117.5,117.5,,,,,800-446-5018,https://www.bankerslife.com/medicare-supplement-insurance/?src=medicaregov&medium=listing,"11299 Illinois Street, Suite 200, Carmel, IN 46032"
NC,27514,N,FEMALE,American Benefit Life Insurance Company,ATTAINED_AGE,117.51,117.51,,,105.76,105.76,833-504-0331,https://lbig.com/,"1605 LBJ Freeway, Suite 700 Dallas, Texas 75234"
NC,27514,N,FEMALE,"Humana (Humana Benefit Plan of Illinois, Inc.)",ATTAINED_AGE,118.93,118.93,,,104.42,104.42,877-426-1269,https://www.humana.com/medicare/medicare-supplement-plans?kc=0321046030,"P.O. Box 14611 Lexington, KY 40512-4611"
NC,27514,N,FEMALE,Mutual of Omaha (Omaha Insurance Company),ATTAINED_AGE,118.93,118.93,,,104.66,104.66,855-977-6312,https://www.mutualofomaha.com/medicaregov/,"3300 Mutual of Omaha Plaza, Omaha, NE 68175"
NC,27514,N,FEMALE,Aetna Health Insurance Company,ATTAINED_AGE,124.53,124.53,115.81,115.81,,,800-358-8749 ,https://www.aetnamedicare.com/,"PO Box 14088 Lexington, KY 40513"
NC,27514,N,FEMALE,Medico Insurance Company (Standard I),ATTAINED_AGE,126.63,126.63,,,111.43,111.43,800-228-6080,https://www.gomedico.com/,"P.O. Box 10386 Des Moines, IA 50306-0386"
NC,27514,N,FEMALE,New Era Life Insurance Company of the Midwest,ATTAINED_AGE,126.95,126.95,119.33,119.33,,,877-417-7555,http://www.neweralife.com/,"P.O. Box 4884, Houston, TX 77210-4884"
NC,27514,N,FEMALE,GPM Health and Life Insurance Company,ATTAINED_AGE,128.39,128.39,,,119.4,119.4,866-242-7573,https://www.gpmhealthandlife.com/wps/portal/home/products/medicare-supplement,"2211 N.E. Loop 410 San Antonio, TX 78217-4630"
NC,27514,N,FEMALE,Erie Family Life Insurance Company,ATTAINED_AGE,128.4,128.4,118.13,118.13,,,800-458-0811,https://www.erieinsurance.com/medicare-supplement,"100 Erie Insurance Place Erie, PA  16530"
NC,27514,N,FEMALE,AARP - UnitedHealthcare Insurance Company of America (Standard),COMMUNITY_RATED,130.81,130.81,110.58,110.58,117.32,117.32,888-378-0849,https://www.aarpmedicaresupplement.com/,PO Box 9003; Huntingdon Valley PA 19006
NC,27514,N,FEMALE,State Farm Mutual Automobile Insurance Company,ATTAINED_AGE,134.39,134.39,,,,,800-782-8332,https://www.statefarm.com/insurance/health/medicare-supplemental,"One State Farm Plaza, Bloomington, IL 61710"
NC,27514,N,FEMALE,Globe Life and Accident Insurance Company,ATTAINED_AGE,135,135,,,125.55,125.55,888-678-3403,https://www.globelifeinsurance.com/globecaremedsupp,"3700 S. Stonebridge Drive McKinney, TX 75070"
NC,27514,N,FEMALE,Medico Insurance Company (Standard II),ATTAINED_AGE,143.9,143.9,,,126.63,126.63,800-228-6080,https://www.gomedico.com/,"P.O. Box 10386 Des Moines, IA 50306-0386"
NC,27514,N,FEMALE,USAA Life Insurance Company,ATTAINED_AGE,144.33,144.33,,,,,800-531-8722,https://www.usaa.com/inet/wc/insurance-health-medicare,"9800 Fredericksburg Rd. San Antonio, TX 78288"
NC,27514,N,FEMALE,Heartland National Life Insurance Company,ATTAINED_AGE,149.16,149.16,,,138.72,138.72,866-916-7971,http://www.heartlandnational.net/medicare.php,"P.O. Box 2878 Salt Lake City , UT 84110-2878"
NC,27514,N,FEMALE,BlueCross BlueShield of North Carolina,ATTAINED_AGE,150.75,150.75,,,,,800-478-0583,https://www.bluecrossnc.com/,"PO Box 2291 Durham, NC  27702-2291"
NC,27514,N,FEMALE,AARP - UnitedHealthcare Insurance Company (Standard),COMMUNITY_RATED,156.6,156.6,138.4,138.4,,,888-378-0849,https://www.aarpmedicaresupplement.com/,PO Box 9003; Huntingdon Valley PA 19006
NC,27514,N,FEMALE,HealthSpring Insurance Company (Standard II),ATTAINED_AGE,163.69,163.69,,,,,877-607-6002,https://www.cigna.com/medicare/shop-plans/supplemental/,"PO Box 5700, Scranton PA 18505-5700"
NC,27514,N,FEMALE,"Physicians Mutual Insurance Company, Inc.",ATTAINED_AGE,194.08,194.08,,,172.52,172.52,800-325-6300,https://www.physiciansmutual.com/cs/products/medsup/medsup.html,"2600 Dodge Street, Omaha, Nebraska 68131"
NC,27514,N,FEMALE,Guarantee Trust Life Insurance Company,ATTAINED_AGE,203.86,203.86,,,189.59,189.59,800-338-7452,https://www.gtlic.com/,"1275 Milwaukee Avenue Glenview, IL 60025"
NC,27514,N,FEMALE,AARP - UnitedHealthcare Insurance Company (Level 2),COMMUNITY_RATED,267.62,267.62,236.68,236.68,,,888-378-0849,https://www.aarpmedicaresupplement.com/,PO Box 9003; Huntingdon Valley PA 19006
NC,27514,N,FEMALE,United American Insurance Company,ATTAINED_AGE,314,314,,,,,800-331-2512,https://www2.unitedamerican.com/,"3700 S Stonebridge Dr, McKinney, TX 75070"
NC,27514,N,FEMALE,AARP - UnitedHealthcare Insurance Company of America (Level 2),COMMUNITY_RATED,436.82,436.82,370.69,370.69,392.73,392.73,888-378-0849,https://www.aarpmedicaresupplement.com/,PO Box 9003; Huntingdon Valley PA 19006
NC,27601,G,MALE,Atlantic Capital Life Assurance Company (Preferred),ATTAINED_AGE,131.94,131.94,,,122.7,122.7,866-458-1430,https://bankersfidelity.com/,"4370 Peachtree Road, NE Atlanta, GA  30319"
NC,27601,G,MALE,"Physicians Mutual Insurance Company, Inc. (Innovative)",ATTAINED_AGE,147.79,147.79,,,131.37,131.37,800-325-6300,https://www.physiciansmutual.com/cs/products/medsup/medsup.html,"2600 Dodge Street, Omaha, Nebraska 68131"
NC,27601,G,MALE,Nassau Life Insurance Company,ATTAINED_AGE,151.2,151.2,,,,,860-403-5000,https://www.nsre.com/,"One American Row, Hartford, CT  06103"
NC,27601,G,MALE,Old Surety Life Insurance Company,ISSUE_AGE,162.85,162.85,,,,,800-272-5466,http://www.oldsurety.com/,"5201 N Lincoln Blvd, Oklahoma City, OK 73105"
NC,27601,G,MALE,Atlantic Capital Life Assurance Company (Standard),ATTAINED_AGE,164.56,164.56,,,153.04,153.04,866-458-1430,https://bankersfidelity.com/,"4370 Peachtree Road, NE Atlanta, GA  30319"
NC,27601,G,MALE,Lumos Insurance,ATTAINED_AGE,165.54,165.54,,,153.95,153.95,800-752-8328,https://www.lumosinsurance.com/life-health,"2701 North Main Street, Crossville, TN 38555"
NC,27601,G,MALE,Insurance Company of North America,ATTAINED_AGE,166.75,166.75,,,155.08,155.08,215-640-1000,https://www.chubb.com/microsites/ace-medicare-supplement.html,436 Walnut Street
NC,27601,G,MALE,Globe Life and Accident Insurance Company,ATTAINED_AGE,168,168,,,156.24,156.24,888-678-3403,https://www.globelifeinsurance.com/globecaremedsupp,"3700 S. Stonebridge Drive McKinney, TX 75070"
NC,27601,G,MALE,LifeShield National Insurance Company,ATTAINED_AGE,170.56,170.56,,,158.62,158.62,800-851-5041,https://www.lifeshieldnational.com/,"5500 N Western Avenue, Suite 200, Oklahoma City, OK 73118"
NC,27601,G,MALE,HealthSpring Insurance Company,ATTAINED_AGE,171.92,171.92,,,,,877-607-6002,https://www.cigna.com/medicare/shop-plans/supplemental/,"PO Box 5700, Scranton PA 18505-5700"
NC,27601,G,MALE,WoodmenLife,ATTAINED_AGE,175.57,175.57,,,158.01,158.01,1-866-236-0029,https://www.woodmenlife.org/insurance/medicare-supplement-insurance/,"1700 Farnam Street, Omaha, NE 68102"
NC,27601,G,MALE,Erie Family Life Insurance Company,ATTAINED_AGE,177.95,177.95,163.71,163.71,163.71,163.71,800-458-0811,https://www.erieinsurance.com/medicare-supplement,"100 Erie Insurance Place Erie, PA  16530"
NC,27601,G,MALE,American Benefit Life Insurance Company,ATTAINED_AGE,178.74,178.74,,,160.87,160.87,833-504-0331,https://lbig.com/,"1605 LBJ Freeway, Suite 700 Dallas, Texas 75234"
NC,27601,G,MALE,AFLAC,ATTAINED_AGE,179.69,179.69,,,161.72,161.72,866-990-2668,https://www.aflac.com/individuals,"Aflac Tier One, PO Box 14863, Lexington, KY 40512-4863"
NC,27601,G,MALE,Medico Insurance Company (Preferred),ATTAINED_AGE,180.33,180.33,,,158.69,158.69,800-228-6080,https://www.gomedico.com/,"P.O. Box 10386 Des Moines, IA 50306-0386"
NC,27601,G,MALE,State Farm Mutual Automobile Insurance Company,ATTAINED_AGE,181.22,181.22,,,,,800-782-8332,https://www.statefarm.com/insurance/health/medicare-supplemental,"One State Farm Plaza, Bloomington, IL 61710"
NC,27601,G,MALE,Bankers Life (Underwritten by Washington National Insurance Company),ATTAINED_AGE,181.49,181.49,,,,,800-446-5018,https://www.bankerslife.com/medicare-supplement-insurance/?src=medicaregov&medium=listing,"11299 Illinois Street, Suite 200, Carmel, IN 46032"
NC,27601,G,MALE,USAA Life Insurance Company,ATTAINED_AGE,184.28,184.28,,,,,800-531-8722,https://www.usaa.com/inet/wc/insurance-health-medicare,"9800 Fredericksburg Rd. San Antonio, TX 78288"
NC,27601,G,MALE,AARP - UnitedHealthcare Insurance Company (Standard),COMMUNITY_RATED,186.79,186.79,165.12,165.12,,,888-378-0849,https://www.aarpmedicaresupplement.com/,PO Box 9003; Huntingdon Valley PA 19006
NC,27601,G,MALE,"Humana (Humana Benefit Plan of Illinois, Inc.)",ATTAINED_AGE,189.42,189.42,,,166.45,166.45,877-426-1269,https://www.humana.com/medicare/medicare-supplement-plans?kc=0321046030,"P.O. Box 14611 Lexington, KY 40512-4611"
NC,27601,G,MALE,New Era Life Insurance Company of the Midwest,ATTAINED_AGE,190.09,190.09,178.68,178.68,178.68,178.68,877-417-7555,http://www.neweralife.com/,"P.O. Box 4884, Houston, TX 77210-4884"
NC,27601,G,MALE,Medico Insurance Company (Standard I),ATTAINED_AGE,198.37,198.37,,,174.57,174.57,800-228-6080,https://www.gomedico.com/,"P.O. Box 10386 Des Moines, IA 50306-0386"
NC,27601,G,MALE,AARP - UnitedHealthcare Insurance Company of America (Standard),COMMUNITY_RATED,204.57,204.57,173.28,173.28,183.71,183.71,888-378-0849,https://www.aarpmedicaresupplement.com/,PO Box 9003; Huntingdon Valley PA 19006
NC,27601,G,MALE,BlueCross BlueShield of North Carolina,ATTAINED_AGE,205.5,205.5,,,,,800-478-0583,https://www.bluecrossnc.com/,"PO Box 2291 Durham, NC  27702-2291"
NC,27601,G,MALE,Aetna Health Insurance Company,ATTAINED_AGE,208.25,208.25,193.67,193.67,193.67,193.67,800-358-8749 ,https://www.aetnamedicare.com/,"PO Box 14088 Lexington, KY 40513"
NC,27601,G,MALE,Mutual of Omaha (Omaha Insurance Company),ATTAINED_AGE,212.34,212.34,,,186.86,186.86,855-977-6312,https://www.mutualofomaha.com/medicaregov/,"3300 Mutual of Omaha Plaza, Omaha, NE 68175"
NC,27601,G,MALE,Heartland National Life Insurance Company,ATTAINED_AGE,217.98,217.98,,,202.72,202.72,866-916-7971,http://www.heartlandnational.net/medicare.php,"P.O. Box 2878 Salt Lake City , UT 84110-2878"
NC,27601,G,MALE,Humana Achieve (CompBenefits Insurance Company),ATTAINED_AGE,221.35,221.35,,,194.55,194.55,888-602-7443,https://www.humana.com/medicare/medicare-supplement-plans?kc=0321046030,"P.O. Box 14611 Lexington, KY 40512-4614"
NC,27601,G,MALE,Bankers Life (Underwritten by Washington National Insurance Company) (Substandard),ATTAINED_AGE,224.06,224.06,,,,,800-446-5018,https://www.bankerslife.com/medicare-supplement-insurance/?src=medicaregov&medium=listing,"11299 Illinois Street, Suite 200, Carmel, IN 46032"
NC,27601,G,MALE,Medico Insurance Company (Standard II),ATTAINED_AGE,225.41,225.41,,,198.36,198.36,800-228-6080,https://www.gomedico.com/,"P.O. Box 10386 Des Moines, IA 50306-0386"
NC,27601,G,MALE,"Physicians Mutual Insurance Company, Inc.",ATTAINED_AGE,231.45,231.45,,,205.73,205.73,800-325-6300,https://www.physiciansmutual.com/cs/products/medsup/medsup.html,"2600 Dodge Street, Omaha, Nebraska 68131"
NC,27601,G,MALE,HealthSpring Insurance Company (Standard II),ATTAINED_AGE,257.89,257.89,,,,,877-607-6002,https://www.cigna.com/medicare/shop-plans/supplemental/,"PO Box 5700, Scranton PA 18505-5700"
NC,27601,G,MALE,GPM Health and Life Insurance Company,ATTAINED_AGE,312.66,312.66,,,290.77,290.77,866-242-7573,https://www.gpmhealthandlife.com/wps/portal/home/products/medicare-supplement,"2211 N.E. Loop 410 San Antonio, TX 78217-4630"
NC,27601,G,MALE,AARP - UnitedHealthcare Insurance Company (Level 2),COMMUNITY_RATED,318.95,318.95,282.11,282.11,,,888-378-0849,https://www.aarpmedicaresupplement.com/,PO Box 9003; Huntingdon Valley PA 19006
NC,27601,G,MALE,Guarantee Trust Life Insurance Company,ATTAINED_AGE,353.03,353.03,,,328.32,328.32,800-338-7452,https://www.gtlic.com/,"1275 Milwaukee Avenue Glenview, IL 60025"
NC,27601,G,MALE,United American Insurance Company,ATTAINED_AGE,357,357,,,,,800-331-2512,https://www2.unitedamerican.com/,"3700 S Stonebridge Dr, McKinney, TX 75070"
NC,27601,G,MALE,AARP - UnitedHealthcare Insurance Company of America (Level 2),COMMUNITY_RATED,569.58,569.58,483.54,483.54,512.22,512.22,888-378-0849,https://www.aarpmedicaresupplement.com/,PO Box 9003; Huntingdon Valley PA 19006
NC,27601,G,FEMALE,Atlantic Capital Life Assurance Company (Preferred),ATTAINED_AGE,114.97,114.97,,,106.92,106.92,866-458-1430,https://bankersfidelity.com/,"4370 Peachtree Road, NE Atlanta, GA  30319"
NC,27601,G,FEMALE,Nassau Life Insurance Company,ATTAINED_AGE,131.54,131.54,,,,,860-403-5000,https://www.nsre.com/,"One American Row, Hartford, CT  06103"
NC,27601,G,FEMALE,"Physicians Mutual Insurance Company, Inc. (Innovative)",ATTAINED_AGE,133.71,133.71,,,118.85,118.85,800-325-6300,https://www.physiciansmutual.com/cs/products/medsup/medsup.html,"2600 Dodge Street, Omaha, Nebraska 68131"
NC,27601,G,FEMALE,Old Surety Life Insurance Company,ISSUE_AGE,141.61,141.61,,,,,800-272-5466,http://www.oldsurety.com/,"5201 N Lincoln Blvd, Oklahoma City, OK 73105"
NC,27601,G,FEMALE,Atlantic Capital Life Assurance Company (Standard),ATTAINED_AGE,143.35,143.35,,,133.32,133.32,866-458-1430,https://bankersfidelity.com/,"4370 Peachtree Road, NE Atlanta, GA  30319"
NC,27601,G,FEMALE,Insurance Company of North America,ATTAINED_AGE,147.67,147.67,,,137.33,137.33,215-640-1000,https://www.chubb.com/microsites/ace-medicare-supplement.html,436 Walnut Street
NC,27601,G,FEMALE,LifeShield National Insurance Company,ATTAINED_AGE,148.31,148.31,,,137.93,137.93,800-851-5041,https://www.lifeshieldnational.com/,"5500 N Western Avenue, Suite 200, Oklahoma City, OK 73118"
NC,27601,G,FEMALE,HealthSpring Insurance Company,ATTAINED_AGE,149.5,149.5,,,,,877-607-6002,https://www.cigna.com/medicare/shop-plans/supplemental/,"PO Box 5700, Scranton PA 18505-5700"
NC,27601,G,FEMALE,Lumos Insurance,ATTAINED_AGE,150.5,150.5,,,139.96,139.96,800-752-8328,https://www.lumosinsurance.com/life-health,"2701 North Main Street, Crossville, TN 38555"
NC,27601,G,FEMALE,WoodmenLife,ATTAINED_AGE,152.66,152.66,,,137.39,137.39,1-866-236-0029,https://www.woodmenlife.org/insurance/medicare-supplement-insurance/,"1700 Farnam Street, Omaha, NE 68102"
NC,27601,G,FEMALE,Erie Family Life Insurance Company,ATTAINED_AGE,154.71,154.71,142.33,142.33,,,800-458-0811,https://www.erieinsurance.com/medicare-supplement,"100 Erie Insurance Place Erie, PA  16530"
NC,27601,G,FEMALE,American Benefit Life Insurance Company,ATTAINED_AGE,155.43,155.43,,,139.89,139.89,833-504-0331,https://lbig.com/,"1605 LBJ Freeway, Suite 700 Dallas, Texas 75234"
NC,27601,G,FEMALE,Globe Life and Accident Insurance Company,ATTAINED_AGE,156,156,,,145.08,145.08,888-678-3403,https://www.globelifeinsurance.com/globecaremedsupp,"3700 S. Stonebridge Drive McKinney, TX 75070"
NC,27601,G,FEMALE,Medico Insurance Company (Preferred),ATTAINED_AGE,156.81,156.81,,,137.99,137.99,800-228-6080,https://www.gomedico.com/,"P.O. Box 10386 Des Moines, IA 50306-0386"
NC,27601,G,FEMALE,AFLAC,ATTAINED_AGE,156.87,156.87,,,141.18,141.18,866-990-2668,https://www.aflac.com/individuals,"Aflac Tier One, PO Box 14863, Lexington, KY 40512-4863"
NC,27601,G,FEMALE,Bankers Life (Underwritten by Washington National Insurance Company),ATTAINED_AGE,163.34,163.34,,,,,800-446-5018,https://www.bankerslife.com/medicare-supplement-insurance/?src=medicaregov&medium=listing,"11299 Illinois Street, Suite 200, Carmel, IN 46032"
NC,27601,G,FEMALE,AARP - UnitedHealthcare Insurance Company (Standard),COMMUNITY_RATED,165.44,165.44,146.22,146.22,,,888-378-0849,https://www.aarpmedicaresupplement.com/,PO Box 9003; Huntingdon Valley PA 19006
NC,27601,G,FEMALE,"Humana (Humana Benefit Plan of Illinois, Inc.)",ATTAINED_AGE,167.63,167.63,,,147.27,147.27,877-426-1269,https://www.humana.com/medicare/medicare-supplement-plans?kc=0321046030,"P.O. Box 14611 Lexington, KY 40512-4611"
NC,27601,G,FEMALE,Medico Insurance Company (Standard I),ATTAINED_AGE,172.49,172.49,,,151.79,151.79,800-228-6080,https://www.gomedico.com/,"P.O. Box 10386 Des Moines, IA 50306-0386"
NC,27601,G,FEMALE,New Era Life Insurance Company of the Midwest,ATTAINED_AGE,172.8,172.8,162.43,162.43,,,877-417-7555,http://www.neweralife.com/,"P.O. Box 4884, Houston, TX 77210-4884"
NC,27601,G,FEMALE,State Farm Mutual Automobile Insurance Company,ATTAINED_AGE,177.14,177.14,,,,,800-782-8332,https://www.statefarm.com/insurance/health/medicare-supplemental,"One State Farm Plaza, Bloomington, IL 61710"
NC,27601,G,FEMALE,BlueCross BlueShield of North Carolina,ATTAINED_AGE,179.5,179.5,,,,,800-478-0583,https://www.bluecrossnc.com/,"PO Box 2291 Durham, NC  27702-2291"
NC,27601,G,FEMALE,AARP - UnitedHealthcare Insurance Company of America (Standard),COMMUNITY_RATED,180.95,180.95,153.2,153.2,162.45,162.45,888-378-0849,https://www.aarpmedicaresupplement.com/,PO Box 9003; Huntingdon Valley PA 19006
NC,27601,G,FEMALE,Aetna Health Insurance Company,ATTAINED_AGE,181.01,181.01,168.34,168.34,,,800-358-8749 ,https://www.aetnamedicare.com/,"PO Box 14088 Lexington, KY 40513"
NC,27601,G,FEMALE,USAA Life Insurance Company,ATTAINED_AGE,184.28,184.28,,,,,800-531-8722,https://www.usaa.com/inet/wc/insurance-health-medicare,"9800 Fredericksburg Rd. San Antonio, TX 78288"
NC,27601,G,FEMALE,Mutual of Omaha (Omaha Insurance Company),ATTAINED_AGE,184.64,184.64,,,162.48,162.48,855-977-6312,https://www.mutualofomaha.com/medicaregov/,"3300 Mutual of Omaha Plaza, Omaha, NE 68175"
NC,27601,G,FEMALE,Heartland National Life Insurance Company,ATTAINED_AGE,189.55,189.55,,,176.28,176.28,866-916-7971,http://www.heartlandnational.net/medicare.php,"P.O. Box 2878 Salt Lake City , UT 84110-2878"
NC,27601,G,FEMALE,Humana Achieve (CompBenefits Insurance Company),ATTAINED_AGE,192.48,192.48,,,169.14,169.14,888-602-7443,https://www.humana.com/medicare/medicare-supplement-plans?kc=0321046030,"P.O. Box 14611 Lexington, KY 40512-4614"
NC,27601,G,FEMALE,Medico Insurance Company (Standard II),ATTAINED_AGE,196.01,196.01,,,172.49,172.49,800-228-6080,https://www.gomedico.com/,"P.O. Box 10386 Des Moines, IA 50306-0386"
NC,27601,G,FEMALE,Bankers Life (Underwritten by Washington National Insurance Company) (Substandard),ATTAINED_AGE,201.65,201.65,,,,,800-446-5018,https://www.bankerslife.com/medicare-supplement-insurance/?src=medicaregov&medium=listing,"11299 Illinois Street, Suite 200, Carmel, IN 46032"
NC,27601,G,FEMALE,"Physicians Mutual Insurance Company, Inc.",ATTAINED_AGE,209.4,209.4,,,186.13,186.13,800-325-6300,https://www.physiciansmutual.com/cs/products/medsup/medsup.html,"2600 Dodge Street, Omaha, Nebraska 68131"
NC,27601,G,FEMALE,HealthSpring Insurance Company (Standard II),ATTAINED_AGE,224.25,224.25,,,,,877-607-6002,https://www.cigna.com/medicare/shop-plans/supplemental/,"PO Box 5700, Scranton PA 18505-5700"
NC,27601,G,FEMALE,GPM Health and Life Insurance Company,ATTAINED_AGE,271.87,271.87,,,252.84,252.84,866-242-7573,https://www.gpmhealthandlife.com/wps/portal/home/products/medicare-supplement,"2211 N.E. Loop 410 San Antonio, TX 78217-4630"
NC,27601,G,FEMALE,AARP - UnitedHealthcare Insurance Company (Level 2),COMMUNITY_RATED,282.65,282.65,249.98,249.98,,,888-378-0849,https://www.aarpmedicaresupplement.com/,PO Box 9003; Huntingdon Valley PA 19006
NC,27601,G,FEMALE,United American Insurance Company,ATTAINED_AGE,310,310,,,,,800-331-2512,https://www2.unitedamerican.com/,"3700 S Stonebridge Dr, McKinney, TX 75070"
NC,27601,G,FEMALE,Guarantee Trust Life Insurance Company,ATTAINED_AGE,315.2,315.2,,,293.14,293.14,800-338-7452,https://www.gtlic.com/,"1275 Milwaukee Avenue Glenview, IL 60025"
NC,27601,G,FEMALE,AARP - UnitedHealthcare Insurance Company of America (Level 2),COMMUNITY_RATED,504.63,504.63,428.33,428.33,453.76,453.76,888-378-0849,https://www.aarpmedicaresupplement.com/,PO Box 9003; Huntingdon Valley PA 19006
NC,27601,N,MALE,Atlantic Capital Life Assurance Company (Preferred),ATTAINED_AGE,101.7,101.7,,,94.58,94.58,866-458-1430,https://bankersfidelity.com/,"4370 Peachtree Road, NE Atlanta, GA  30319"
NC,27601,N,MALE,Bankers Life (Underwritten by Washington National Insurance Company),ATTAINED_AGE,105.76,105.76,,,,,800-446-5018,https://www.bankerslife.com/medicare-supplement-insurance/?src=medicaregov&medium=listing,"11299 Illinois Street, Suite 200, Carmel, IN 46032"
NC,27601,N,MALE,Insurance Company of North America,ATTAINED_AGE,110.33,110.33,,,102.61,102.61,215-640-1000,https://www.chubb.com/microsites/ace-medicare-supplement.html,436 Walnut Street
NC,27601,N,MALE,Nassau Life Insurance Company,ATTAINED_AGE,112.31,112.31,,,,,860-403-5000,https://www.nsre.com/,"One American Row, Hartford, CT  06103"
NC,27601,N,MALE,Humana Achieve (CompBenefits Insurance Company),ATTAINED_AGE,113.66,113.66,,,99.78,99.78,888-602-7443,https://www.humana.com/medicare/medicare-supplement-plans?kc=0321046030,"P.O. Box 14611 Lexington, KY 40512-4614"
NC,27601,N,MALE,AFLAC,ATTAINED_AGE,116.44,116.44,,,104.8,104.8,866-990-2668,https://www.aflac.com/individuals,"Aflac Tier One, PO Box 14863, Lexington, KY 40512-4863"
NC,27601,N,MALE,Lumos Insurance,ATTAINED_AGE,117.32,117.32,,,109.11,109.11,800-752-8328,https://www.lumosinsurance.com/life-health,"2701 North Main Street, Crossville, TN 38555"
NC,27601,N,MALE,HealthSpring Insurance Company,ATTAINED_AGE,125.5,125.5,,,,,877-607-6002,https://www.cigna.com/medicare/shop-plans/supplemental/,"PO Box 5700, Scranton PA 18505-5700"
NC,27601,N,MALE,Atlantic Capital Life Assurance Company (Standard),ATTAINED_AGE,126.77,126.77,,,117.9,117.9,866-458-1430,https://bankersfidelity.com/,"4370 Peachtree Road, NE Atlanta, GA  30319"
NC,27601,N,MALE,WoodmenLife,ATTAINED_AGE,127,127,,,114.3,114.3,1-866-236-0029,https://www.woodmenlife.org/insurance/medicare-supplement-insurance/,"1700 Farnam Street, Omaha, NE 68102"
NC,27601,N,MALE,LifeShield National Insurance Company,ATTAINED_AGE,127.41,127.41,,,118.49,118.49,800-851-5041,https://www.lifeshieldnational.com/,"5500 N Western Avenue, Suite 200, Oklahoma City, OK 73118"
NC,27601,N,MALE,Bankers Life (Underwritten by Washington National Insurance Company) (Substandard),ATTAINED_AGE,130.57,130.57,,,,,800-446-5018,https://www.bankerslife.com/medicare-supplement-insurance/?src=medicaregov&medium=listing,"11299 Illinois Street, Suite 200, Carmel, IN 46032"
NC,27601,N,MALE,Medico Insurance Company (Preferred),ATTAINED_AGE,132.38,132.38,,,116.49,116.49,800-228-6080,https://www.gomedico.com/,"P.O. Box 10386 Des Moines, IA 50306-0386"
NC,27601,N,MALE,"Humana (Humana Benefit Plan of Illinois, Inc.)",ATTAINED_AGE,134.39,134.39,,,118.02,118.02,877-426-1269,https://www.humana.com/medicare/medicare-supplement-plans?kc=0321046030,"P.O. Box 14611 Lexington, KY 40512-4611"
NC,27601,N,MALE,American Benefit Life Insurance Company,ATTAINED_AGE,135.13,135.13,,,121.62,121.62,833-504-0331,https://lbig.com/,"1605 LBJ Freeway, Suite 700 Dallas, Texas 75234"
NC,27601,N,MALE,Mutual of Omaha (Omaha Insurance Company),ATTAINED_AGE,136.76,136.76,,,120.35,120.35,855-977-6312,https://www.mutualofomaha.com/medicaregov/,"3300 Mutual of Omaha Plaza, Omaha, NE 68175"
NC,27601,N,MALE,State Farm Mutual Automobile Insurance Company,ATTAINED_AGE,140.17,140.17,,,,,800-782-8332,https://www.statefarm.com/insurance/health/medicare-supplemental,"One State Farm Plaza, Bloomington, IL 61710"
NC,27601,N,MALE,Aetna Health Insurance Company,ATTAINED_AGE,143.36,143.36,133.32,133.32,133.32,133.32,800-358-8749 ,https://www.aetnamedicare.com/,"PO Box 14088 Lexington, KY 40513"
NC,27601,N,MALE,New Era Life Insurance Company of the Midwest,ATTAINED_AGE,143.45,143.45,134.84,134.84,134.84,134.84,877-417-7555,http://www.neweralife.com/,"P.O. Box 4884, Houston, TX 77210-4884"
NC,27601,N,MALE,USAA Life Insurance Company,ATTAINED_AGE,144.33,144.33,,,,,800-531-8722,https://www.usaa.com/inet/wc/insurance-health-medicare,"9800 Fredericksburg Rd. San Antonio, TX 78288"
NC,27601,N,MALE,Globe Life and Accident Insurance Company,ATTAINED_AGE,145,145,,,134.85,134.85,888-678-3403,https://www.globelifeinsurance.com/globecaremedsupp,"3700 S. Stonebridge Drive McKinney, TX 75070"
NC,27601,N,MALE,Medico Insurance Company (Standard I),ATTAINED_AGE,145.62,145.62,,,128.15,128.15,800-228-6080,https://www.gomedico.com/,"P.O. Box 10386 Des Moines, IA 50306-0386"
NC,27601,N,MALE,GPM Health and Life Insurance Company,ATTAINED_AGE,147.66,147.66,,,137.32,137.32,866-242-7573,https://www.gpmhealthandlife.com/wps/portal/home/products/medicare-supplement,"2211 N.E. Loop 410 San Antonio, TX 78217-4630"
NC,27601,N,MALE,Erie Family Life Insurance Company,ATTAINED_AGE,147.68,147.68,135.87,135.87,135.87,135.87,800-458-0811,https://www.erieinsurance.com/medicare-supplement,"100 Erie Insurance Place Erie, PA  16530"
NC,27601,N,MALE,AARP - UnitedHealthcare Insurance Company of America (Standard),COMMUNITY_RATED,148.02,148.02,125.21,125.21,132.81,132.81,888-378-0849,https://www.aarpmedicaresupplement.com/,PO Box 9003; Huntingdon Valley PA 19006
NC,27601,N,MALE,Medico Insurance Company (Standard II),ATTAINED_AGE,165.48,165.48,,,145.62,145.62,800-228-6080,https://www.gomedico.com/,"P.O. Box 10386 Des Moines, IA 50306-0386"
NC,27601,N,MALE,Heartland National Life Insurance Company,ATTAINED_AGE,171.53,171.53,,,159.52,159.52,866-916-7971,http://www.heartlandnational.net/medicare.php,"P.O. Box 2878 Salt Lake City , UT 84110-2878"
NC,27601,N,MALE,BlueCross BlueShield of North Carolina,ATTAINED_AGE,172.75,172.75,,,,,800-478-0583,https://www.bluecrossnc.com/,"PO Box 2291 Durham, NC  27702-2291"
NC,27601,N,MALE,AARP - UnitedHealthcare Insurance Company (Standard),COMMUNITY_RATED,176.73,176.73,156.22,156.22,,,888-378-0849,https://www.aarpmedicaresupplement.com/,PO Box 9003; Huntingdon Valley PA 19006
NC,27601,N,MALE,HealthSpring Insurance Company (Standard II),ATTAINED_AGE,188.24,188.24,,,,,877-607-6002,https://www.cigna.com/medicare/shop-plans/supplemental/,"PO Box 5700, Scranton PA 18505-5700"
NC,27601,N,MALE,"Physicians Mutual Insurance Company, Inc.",ATTAINED_AGE,214.51,214.51,,,190.68,190.68,800-325-6300,https://www.physiciansmutual.com/cs/products/medsup/medsup.html,"2600 Dodge Street, Omaha, Nebraska 68131"
NC,27601,N,MALE,Guarantee Trust Life Insurance Company,ATTAINED_AGE,228.33,228.33,,,212.35,212.35,800-338-7452,https://www.gtlic.com/,"1275 Milwaukee Avenue Glenview, IL 60025"
NC,27601,N,MALE,AARP - UnitedHealthcare Insurance Company (Level 2),COMMUNITY_RATED,301.84,301.84,266.97,266.97,,,888-378-0849,https://www.aarpmedicaresupplement.com/,PO Box 9003; Huntingdon Valley PA 19006
NC,27601,N,MALE,United American Insurance Company,ATTAINED_AGE,361,361,,,,,800-331-2512,https://www2.unitedamerican.com/,"3700 S Stonebridge Dr, McKinney, TX 75070"
NC,27601,N,MALE,AARP - UnitedHealthcare Insurance Company of America (Level 2),COMMUNITY_RATED,493.1,493.1,418.53,418.53,443.39,443.39,888-378-0849,https://www.aarpmedicaresupplement.com/,PO Box 9003; Huntingdon Valley PA 19006
NC,27601,N,FEMALE,Atlantic Capital Life Assurance Company (Preferred),ATTAINED_AGE,88.67,88.67,,,82.46,82.46,866-458-1430,https://bankersfidelity.com/,"4370 Peachtree Road, NE Atlanta, GA  30319"
NC,27601,N,FEMALE,Bankers Life (Underwritten by Washington National Insurance Company),ATTAINED_AGE,95.18,95.18,,,,,800-446-5018,https://www.bankerslife.com/medicare-supplement-insurance/?src=medicaregov&medium=listing,"11299 Illinois Street, Suite 200, Carmel, IN 46032"
NC,27601,N,FEMALE,Insurance Company of North America,ATTAINED_AGE,97.5,97.5,,,90.68,90.68,215-640-1000,https://www.chubb.com/microsites/ace-medicare-supplement.html,436 Walnut Street
NC,27601,N,FEMALE,Nassau Life Insurance Company,ATTAINED_AGE,97.71,97.71,,,,,860-403-5000,https://www.nsre.com/,"One American Row, Hartford, CT  06103"
NC,27601,N,FEMALE,Humana Achieve (CompBenefits Insurance Company),ATTAINED_AGE,98.83,98.83,,,86.73,86.73,888-602-7443,https://www.humana.com/medicare/medicare-supplement-plans?kc=0321046030,"P.O. Box 14611 Lexington, KY 40512-4614"
NC,27601,N,FEMALE,AFLAC,ATTAINED_AGE,101.65,101.65,,,91.49,91.49,866-990-2668,https://www.aflac.com/individuals,"Aflac Tier One, PO Box 14863, Lexington, KY 40512-4863"
NC,27601,N,FEMALE,Lumos Insurance,ATTAINED_AGE,106.72,106.72,,,99.25,99.25,800-752-8328,https://www.lumosinsurance.com/life-health,"2701 North Main Street, Crossville, TN 38555"
NC,27601,N,FEMALE,HealthSpring Insurance Company,ATTAINED_AGE,109.13,109.13,,,,,877-607-6002,https://www.cigna.com/medicare/shop-plans/supplemental/,"PO Box 5700, Scranton PA 18505-5700"
NC,27601,N,FEMALE,WoodmenLife,ATTAINED_AGE,110.44,110.44,,,99.4,99.4,1-866-236-0029,https://www.woodmenlife.org/insurance/medicare-supplement-insurance/,"1700 Farnam Street, Omaha, NE 68102"
NC,27601,N,FEMALE,Atlantic Capital Life Assurance Company (Standard),ATTAINED_AGE,110.48,110.48,,,102.75,102.75,866-458-1430,https://bankersfidelity.com/,"4370 Peachtree Road, NE Atlanta, GA  30319"
NC,27601,N,FEMALE,LifeShield National Insurance Company,ATTAINED_AGE,110.79,110.79,,,103.03,103.03,800-851-5041,https://www.lifeshieldnational.com/,"5500 N Western Avenue, Suite 200, Oklahoma City, OK 73118"
NC,27601,N,FEMALE,Medico Insurance Company (Preferred),ATTAINED_AGE,115.12,115.12,,,101.31,101.31,800-228-6080,https://www.gomedico.com/,"P.O. Box 10386 Des Moines, IA 50306-0386"
NC,27601,N,FEMALE,Bankers Life (Underwritten by Washington National Insurance Company) (Substandard),ATTAINED_AGE,117.5,117.5,,,,,800-446-5018,https://www.bankerslife.com/medicare-supplement-insurance/?src=medicaregov&medium=listing,"11299 Illinois Street, Suite 200, Carmel, IN 46032"
NC,27601,N,FEMALE,American Benefit Life Insurance Company,ATTAINED_AGE,117.51,117.51,,,105.76,105.76,833-504-0331,https://lbig.com/,"1605 LBJ Freeway, Suite 700 Dallas, Texas 75234"
NC,27601,N,FEMALE,"Humana (Humana Benefit Plan of Illinois, Inc.)",ATTAINED_AGE,118.93,118.93,,,104.42,104.42,877-426-1269,https://www.humana.com/medicare/medicare-supplement-plans?kc=0321046030,"P.O. Box 14611 Lexington, KY 40512-4611"
NC,27601,N,FEMALE,Mutual of Omaha (Omaha Insurance Company),ATTAINED_AGE,118.93,118.93,,,104.66,104.66,855-977-6312,https://www.mutualofomaha.com/medicaregov/,"3300 Mutual of Omaha Plaza, Omaha, NE 68175"
NC,27601,N,FEMALE,Aetna Health Insurance Company,ATTAINED_AGE,124.53,124.53,115.81,115.81,,,800-358-8749 ,https://www.aetnamedicare.com/,"PO Box 14088 Lexington, KY 40513"
NC,27601,N,FEMALE,Medico Insurance Company (Standard I),ATTAINED_AGE,126.63,126.63,,,111.43,111.43,800-228-6080,https://www.gomedico.com/,"P.O. Box 10386 Des Moines, IA 50306-0386"
NC,27601,N,FEMALE,New Era Life Insurance Company of the Midwest,ATTAINED_AGE,126.95,126.95,119.33,119.33,,,877-417-7555,http://www.neweralife.com/,"P.O. Box 4884, Houston, TX 77210-4884"
NC,27601,N,FEMALE,GPM Health and Life Insurance Company,ATTAINED_AGE,128.39,128.39,,,119.4,119.4,866-242-7573,https://www.gpmhealthandlife.com/wps/portal/home/products/medicare-supplement,"2211 N.E. Loop 410 San Antonio, TX 78217-4630"
NC,27601,N,FEMALE,Erie Family Life Insurance Company,ATTAINED_AGE,128.4,128.4,118.13,118.13,,,800-458-0811,https://www.erieinsurance.com/medicare-supplement,"100 Erie Insurance Place Erie, PA  16530"
NC,27601,N,FEMALE,AARP - UnitedHealthcare Insurance Company of America (Standard),COMMUNITY_RATED,130.81,130.81,110.58,110.58,117.32,117.32,888-378-0849,https://www.aarpmedicaresupplement.com/,PO Box 9003; Huntingdon Valley PA 19006
NC,27601,N,FEMALE,State Farm Mutual Automobile Insurance Company,ATTAINED_AGE,134.39,134.39,,,,,800-782-8332,https://www.statefarm.com/insurance/health/medicare-supplemental,"One State Farm Plaza, Bloomington, IL 61710"
NC,27601,N,FEMALE,Globe Life and Accident Insurance Company,ATTAINED_AGE,135,135,,,125.55,125.55,888-678-3403,https://www.globelifeinsurance.com/globecaremedsupp,"3700 S. Stonebridge Drive McKinney, TX 75070"
NC,27601,N,FEMALE,Medico Insurance Company (Standard II),ATTAINED_AGE,143.9,143.9,,,126.63,126.63,800-228-6080,https://www.gomedico.com/,"P.O. Box 10386 Des Moines, IA 50306-0386"
NC,27601,N,FEMALE,USAA Life Insurance Company,ATTAINED_AGE,144.33,144.33,,,,,800-531-8722,https://www.usaa.com/inet/wc/insurance-health-medicare,"9800 Fredericksburg Rd. San Antonio, TX 78288"
NC,27601,N,FEMALE,Heartland National Life Insurance Company,ATTAINED_AGE,149.16,149.16,,,138.72,138.72,866-916-7971,http://www.heartlandnational.net/medicare.php,"P.O. Box 2878 Salt Lake City , UT 84110-2878"
NC,27601,N,FEMALE,BlueCross BlueShield of North Carolina,ATTAINED_AGE,150.75,150.75,,,,,800-478-0583,https://www.bluecrossnc.com/,"PO Box 2291 Durham, NC  27702-2291"
NC,27601,N,FEMALE,AARP - UnitedHealthcare Insurance Company (Standard),COMMUNITY_RATED,156.6,156.6,138.4,138.4,,,888-378-0849,https://www.aarpmedicaresupplement.com/,PO Box 9003; Huntingdon Valley PA 19006
NC,27601,N,FEMALE,HealthSpring Insurance Company (Standard II),ATTAINED_AGE,163.69,163.69,,,,,877-607-6002,https://www.cigna.com/medicare/shop-plans/supplemental/,"PO Box 5700, Scranton PA 18505-5700"
NC,27601,N,FEMALE,"Physicians Mutual Insurance Company, Inc.",ATTAINED_AGE,194.08,194.08,,,172.52,172.52,800-325-6300,https://www.physiciansmutual.com/cs/products/medsup/medsup.html,"2600 Dodge Street, Omaha, Nebraska 68131"
NC,27601,N,FEMALE,Guarantee Trust Life Insurance Company,ATTAINED_AGE,203.86,203.86,,,189.59,189.59,800-338-7452,https://www.gtlic.com/,"1275 Milwaukee Avenue Glenview, IL 60025"
NC,27601,N,FEMALE,AARP - UnitedHealthcare Insurance Company (Level 2),COMMUNITY_RATED,267.62,267.62,236.68,236.68,,,888-378-0849,https://www.aarpmedicaresupplement.com/,PO Box 9003; Huntingdon Valley PA 19006
NC,27601,N,FEMALE,United American Insurance Company,ATTAINED_AGE,314,314,,,,,800-331-2512,https://www2.unitedamerican.com/,"3700 S Stonebridge Dr, McKinney, TX 75070"
NC,27601,N,FEMALE,AARP - UnitedHealthcare Insurance Company of America (Level 2),COMMUNITY_RATED,436.82,436.82,370.69,370.69,392.73,392.73,888-378-0849,https://www.aarpmedicaresupplement.com/,PO Box 9003; Huntingdon Valley PA 19006
NC,27713,G,MALE,Atlantic Capital Life Assurance Company (Preferred),ATTAINED_AGE,131.94,131.94,,,122.7,122.7,866-458-1430,https://bankersfidelity.com/,"4370 Peachtree Road, NE Atlanta, GA  30319"
NC,27713,G,MALE,"Physicians Mutual Insurance Company, Inc. (Innovative)",ATTAINED_AGE,147.79,147.79,,,131.37,131.37,800-325-6300,https://www.physiciansmutual.com/cs/products/medsup/medsup.html,"2600 Dodge Street, Omaha, Nebraska 68131"
NC,27713,G,MALE,Nassau Life Insurance Company,ATTAINED_AGE,151.2,151.2,,,,,860-403-5000,https://www.nsre.com/,"One American Row, Hartford, CT  06103"
NC,27713,G,MALE,Old Surety Life Insurance Company,ISSUE_AGE,162.85,162.85,,,,,800-272-5466,http://www.oldsurety.com/,"5201 N Lincoln Blvd, Oklahoma City, OK 73105"
NC,27713,G,MALE,Atlantic Capital Life Assurance Company (Standard),ATTAINED_AGE,164.56,164.56,,,153.04,153.04,866-458-1430,https://bankersfidelity.com/,"4370 Peachtree Road, NE Atlanta, GA  30319"
NC,27713,G,MALE,Lumos Insurance,ATTAINED_AGE,165.54,165.54,,,153.95,153.95,800-752-8328,https://www.lumosinsurance.com/life-health,"2701 North Main Street, Crossville, TN 38555"
NC,27713,G,MALE,Insurance Company of North America,ATTAINED_AGE,166.75,166.75,,,155.08,155.08,215-640-1000,https://www.chubb.com/microsites/ace-medicare-supplement.html,436 Walnut Street
NC,27713,G,MALE,Globe Life and Accident Insurance Company,ATTAINED_AGE,168,168,,,156.24,156.24,888-678-3403,https://www.globelifeinsurance.com/globecaremedsupp,"3700 S. Stonebridge Drive McKinney, TX 75070"
NC,27713,G,MALE,LifeShield National Insurance Company,ATTAINED_AGE,170.56,170.56,,,158.62,158.62,800-851-5041,https://www.lifeshieldnational.com/,"5500 N Western Avenue, Suite 200, Oklahoma City, OK 73118"
NC,27713,G,MALE,HealthSpring Insurance Company,ATTAINED_AGE,171.92,171.92,,,,,877-607-6002,https://www.cigna.com/medicare/shop-plans/supplemental/,"PO Box 5700, Scranton PA 18505-5700"
NC,27713,G,MALE,WoodmenLife,ATTAINED_AGE,175.57,175.57,,,158.01,158.01,1-866-236-0029,https://www.woodmenlife.org/insurance/medicare-supplement-insurance/,"1700 Farnam Street, Omaha, NE 68102"
NC,27713,G,MALE,Erie Family Life Insurance Company,ATTAINED_AGE,177.95,177.95,163.71,163.71,163.71,163.71,800-458-0811,https://www.erieinsurance.com/medicare-supplement,"100 Erie Insurance Place Erie, PA  16530"
NC,27713,G,MALE,American Benefit Life Insurance Company,ATTAINED_AGE,178.74,178.74,,,160.87,160.87,833-504-0331,https://lbig.com/,"1605 LBJ Freeway, Suite 700 Dallas, Texas 75234"
NC,27713,G,MALE,AFLAC,ATTAINED_AGE,179.69,179.69,,,161.72,161.72,866-990-2668,https://www.aflac.com/individuals,"Aflac Tier One, PO Box 14863, Lexington, KY 40512-4863"
NC,27713,G,MALE,Medico Insurance Company (Preferred),ATTAINED_AGE,180.33,180.33,,,158.69,158.69,800-228-6080,https://www.gomedico.com/,"P.O. Box 10386 Des Moines, IA 50306-0386"
NC,27713,G,MALE,State Farm Mutual Automobile Insurance Company,ATTAINED_AGE,181.22,181.22,,,,,800-782-8332,https://www.statefarm.com/insurance/health/medicare-supplemental,"One State Farm Plaza, Bloomington, IL 61710"
NC,27713,G,MALE,Bankers Life (Underwritten by Washington National Insurance Company),ATTAINED_AGE,181.49,181.49,,,,,800-446-5018,https://www.bankerslife.com/medicare-supplement-insurance/?src=medicaregov&medium=listing,"11299 Illinois Street, Suite 200, Carmel, IN 46032"
NC,27713,G,MALE,USAA Life Insurance Company,ATTAINED_AGE,184.28,184.28,,,,,800-531-8722,https://www.usaa.com/inet/wc/insurance-health-medicare,"9800 Fredericksburg Rd. San Antonio, TX 78288"
NC,27713,G,MALE,AARP - UnitedHealthcare Insurance Company (Standard),COMMUNITY_RATED,186.79,186.79,165.12,165.12,,,888-378-0849,https://www.aarpmedicaresupplement.com/,PO Box 9003; Huntingdon Valley PA 19006
NC,27713,G,MALE,"Humana (Humana Benefit Plan of Illinois, Inc.)",ATTAINED_AGE,189.42,189.42,,,166.45,166.45,877-426-1269,https://www.humana.com/medicare/medicare-supplement-plans?kc=0321046030,"P.O. Box 14611 Lexington, KY 40512-4611"
NC,27713,G,MALE,New Era Life Insurance Company of the Midwest,ATTAINED_AGE,190.09,190.09,178.68,178.68,178.68,178.68,877-417-7555,http://www.neweralife.com/,"P.O. Box 4884, Houston, TX 77210-4884"
NC,27713,G,MALE,Medico Insurance Company (Standard I),ATTAINED_AGE,198.37,198.37,,,174.57,174.57,800-228-6080,https://www.gomedico.com/,"P.O. Box 10386 Des Moines, IA 50306-0386"
NC,27713,G,MALE,AARP - UnitedHealthcare Insurance Company of America (Standard),COMMUNITY_RATED,204.57,204.57,173.28,173.28,183.71,183.71,888-378-0849,https://www.aarpmedicaresupplement.com/,PO Box 9003; Huntingdon Valley PA 19006
NC,27713,G,MALE,BlueCross BlueShield of North Carolina,ATTAINED_AGE,205.5,205.5,,,,,800-478-0583,https://www.bluecrossnc.com/,"PO Box 2291 Durham, NC  27702-2291"
NC,27713,G,MALE,Aetna Health Insurance Company,ATTAINED_AGE,208.25,208.25,193.67,193.67,193.67,193.67,800-358-8749 ,https://www.aetnamedicare.com/,"PO Box 14088 Lexington, KY 40513"
NC,27713,G,MALE,Mutual of Omaha (Omaha Insurance Company),ATTAINED_AGE,212.34,212.34,,,186.86,186.86,855-977-6312,https://www.mutualofomaha.com/medicaregov/,"3300 Mutual of Omaha Plaza, Omaha, NE 68175"
NC,27713,G,MALE,Heartland National Life Insurance Company,ATTAINED_AGE,217.98,217.98,,,202.72,202.72,866-916-7971,http://www.heartlandnational.net/medicare.php,"P.O. Box 2878 Salt Lake City , UT 84110-2878"
NC,27713,G,MALE,Humana Achieve (CompBenefits Insurance Company),ATTAINED_AGE,221.35,221.35,,,194.55,194.55,888-602-7443,https://www.humana.com/medicare/medicare-supplement-plans?kc=0321046030,"P.O. Box 14611 Lexington, KY 40512-4614"
NC,27713,G,MALE,Bankers Life (Underwritten by Washington National Insurance Company) (Substandard),ATTAINED_AGE,224.06,224.06,,,,,800-446-5018,https://www.bankerslife.com/medicare-supplement-insurance/?src=medicaregov&medium=listing,"11299 Illinois Street, Suite 200, Carmel, IN 46032"
NC,27713,G,MALE,Medico Insurance Company (Standard II),ATTAINED_AGE,225.41,225.41,,,198.36,198.36,800-228-6080,https://www.gomedico.com/,"P.O. Box 10386 Des Moines, IA 50306-0386"
NC,27713,G,MALE,"Physicians Mutual Insurance Company, Inc.",ATTAINED_AGE,231.45,231.45,,,205.73,205.73,800-325-6300,https://www.physiciansmutual.com/cs/products/medsup/medsup.html,"2600 Dodge Street, Omaha, Nebraska 68131"
NC,27713,G,MALE,HealthSpring Insurance Company (Standard II),ATTAINED_AGE,257.89,257.89,,,,,877-607-6002,https://www.cigna.com/medicare/shop-plans/supplemental/,"PO Box 5700, Scranton PA 18505-5700"
NC,27713,G,MALE,GPM Health and Life Insurance Company,ATTAINED_AGE,312.66,312.66,,,290.77,290.77,866-242-7573,https://www.gpmhealthandlife.com/wps/portal/home/products/medicare-supplement,"2211 N.E. Loop 410 San Antonio, TX 78217-4630"
NC,27713,G,MALE,AARP - UnitedHealthcare Insurance Company (Level 2),COMMUNITY_RATED,318.95,318.95,282.11,282.11,,,888-378-0849,https://www.aarpmedicaresupplement.com/,PO Box 9003; Huntingdon Valley PA 19006
NC,27713,G,MALE,Guarantee Trust Life Insurance Company,ATTAINED_AGE,353.03,353.03,,,328.32,328.32,800-338-7452,https://www.gtlic.com/,"1275 Milwaukee Avenue Glenview, IL 60025"
NC,27713,G,MALE,United American Insurance Company,ATTAINED_AGE,357,357,,,,,800-331-2512,https://www2.unitedamerican.com/,"3700 S Stonebridge Dr, McKinney, TX 75070"
NC,27713,G,MALE,AARP - UnitedHealthcare Insurance Company of America (Level 2),COMMUNITY_RATED,569.58,569.58,483.54,483.54,512.22,512.22,888-378-0849,https://www.aarpmedicaresupplement.com/,PO Box 9003; Huntingdon Valley PA 19006
NC,27713,G,FEMALE,Atlantic Capital Life Assurance Company (Preferred),ATTAINED_AGE,114.97,114.97,,,106.92,106.92,866-458-1430,https://bankersfidelity.com/,"4370 Peachtree Road, NE Atlanta, GA  30319"
NC,27713,G,FEMALE,Nassau Life Insurance Company,ATTAINED_AGE,131.54,131.54,,,,,860-403-5000,https://www.nsre.com/,"One American Row, Hartford, CT  06103"
NC,27713,G,FEMALE,"Physicians Mutual Insurance Company, Inc. (Innovative)",ATTAINED_AGE,133.71,133.71,,,118.85,118.85,800-325-6300,https://www.physiciansmutual.com/cs/products/medsup/medsup.html,"2600 Dodge Street, Omaha, Nebraska 68131"
NC,27713,G,FEMALE,Old Surety Life Insurance Company,ISSUE_AGE,141.61,141.61,,,,,800-272-5466,http://www.oldsurety.com/,"5201 N Lincoln Blvd, Oklahoma City, OK 73105"
NC,27713,G,FEMALE,Atlantic Capital Life Assurance Company (Standard),ATTAINED_AGE,143.35,143.35,,,133.32,133.32,866-458-1430,https://bankersfidelity.com/,"4370 Peachtree Road, NE Atlanta, GA  30319"
NC,27713,G,FEMALE,Insurance Company of North America,ATTAINED_AGE,147.67,147.67,,,137.33,137.33,215-640-1000,https://www.chubb.com/microsites/ace-medicare-supplement.html,436 Walnut Street
NC,27713,G,FEMALE,LifeShield National Insurance Company,ATTAINED_AGE,148.31,148.31,,,137.93,137.93,800-851-5041,https://www.lifeshieldnational.com/,"5500 N Western Avenue, Suite 200, Oklahoma City, OK 73118"
NC,27713,G,FEMALE,HealthSpring Insurance Company,ATTAINED_AGE,149.5,149.5,,,,,877-607-6002,https://www.cigna.com/medicare/shop-plans/supplemental/,"PO Box 5700, Scranton PA 18505-5700"
NC,27713,G,FEMALE,Lumos Insurance,ATTAINED_AGE,150.5,150.5,,,139.96,139.96,800-752-8328,https://www.lumosinsurance.com/life-health,"2701 North Main Street, Crossville, TN 38555"
NC,27713,G,FEMALE,WoodmenLife,ATTAINED_AGE,152.66,152.66,,,137.39,137.39,1-866-236-0029,https://www.woodmenlife.org/insurance/medicare-supplement-insurance/,"1700 Farnam Street, Omaha, NE 68102"
NC,27713,G,FEMALE,Erie Family Life Insurance Company,ATTAINED_AGE,154.71,154.71,142.33,142.33,,,800-458-0811,https://www.erieinsurance.com/medicare-supplement,"100 Erie Insurance Place Erie, PA  16530"
NC,27713,G,FEMALE,American Benefit Life Insurance Company,ATTAINED_AGE,155.43,155.43,,,139.89,139.89,833-504-0331,https://lbig.com/,"1605 LBJ Freeway, Suite 700 Dallas, Texas 75234"
NC,27713,G,FEMALE,Globe Life and Accident Insurance Company,ATTAINED_AGE,156,156,,,145.08,145.08,888-678-3403,https://www.globelifeinsurance.com/globecaremedsupp,"3700 S. Stonebridge Drive McKinney, TX 75070"
NC,27713,G,FEMALE,Medico Insurance Company (Preferred),ATTAINED_AGE,156.81,156.81,,,137.99,137.99,800-228-6080,https://www.gomedico.com/,"P.O. Box 10386 Des Moines, IA 50306-0386"
NC,27713,G,FEMALE,AFLAC,ATTAINED_AGE,156.87,156.87,,,141.18,141.18,866-990-2668,https://www.aflac.com/individuals,"Aflac Tier One, PO Box 14863, Lexington, KY 40512-4863"
NC,27713,G,FEMALE,Bankers Life (Underwritten by Washington National Insurance Company),ATTAINED_AGE,163.34,163.34,,,,,800-446-5018,https://www.bankerslife.com/medicare-supplement-insurance/?src=medicaregov&medium=listing,"11299 Illinois Street, Suite 200, Carmel, IN 46032"
NC,27713,G,FEMALE,AARP - UnitedHealthcare Insurance Company (Standard),COMMUNITY_RATED,165.44,165.44,146.22,146.22,,,888-378-0849,https://www.aarpmedicaresupplement.com/,PO Box 9003; Huntingdon Valley PA 19006
NC,27713,G,FEMALE,"Humana (Humana Benefit Plan of Illinois, Inc.)",ATTAINED_AGE,167.63,167.63,,,147.27,147.27,877-426-1269,https://www.humana.com/medicare/medicare-supplement-plans?kc=0321046030,"P.O. Box 14611 Lexington, KY 40512-4611"
NC,27713,G,FEMALE,Medico Insurance Company (Standard I),ATTAINED_AGE,172.49,172.49,,,151.79,151.79,800-228-6080,https://www.gomedico.com/,"P.O. Box 10386 Des Moines, IA 50306-0386"
NC,27713,G,FEMALE,New Era Life Insurance Company of the Midwest,ATTAINED_AGE,172.8,172.8,162.43,162.43,,,877-417-7555,http://www.neweralife.com/,"P.O. Box 4884, Houston, TX 77210-4884"
NC,27713,G,FEMALE,State Farm Mutual Automobile Insurance Company,ATTAINED_AGE,177.14,177.14,,,,,800-782-8332,https://www.statefarm.com/insurance/health/medicare-supplemental,"One State Farm Plaza, Bloomington, IL 61710"
NC,27713,G,FEMALE,BlueCross BlueShield of North Carolina,ATTAINED_AGE,179.5,179.5,,,,,800-478-0583,https://www.bluecrossnc.com/,"PO Box 2291 Durham, NC  27702-2291"
NC,27713,G,FEMALE,AARP - UnitedHealthcare Insurance Company of America (Standard),COMMUNITY_RATED,180.95,180.95,153.2,153.2,162.45,162.45,888-378-0849,https://www.aarpmedicaresupplement.com/,PO Box 9003; Huntingdon Valley PA 19006
NC,27713,G,FEMALE,Aetna Health Insurance Company,ATTAINED_AGE,181.01,181.01,168.34,168.34,,,800-358-8749 ,https://www.aetnamedicare.com/,"PO Box 14088 Lexington, KY 40513"
NC,27713,G,FEMALE,USAA Life Insurance Company,ATTAINED_AGE,184.28,184.28,,,,,800-531-8722,https://www.usaa.com/inet/wc/insurance-health-medicare,"9800 Fredericksburg Rd. San Antonio, TX 78288"
NC,27713,G,FEMALE,Mutual of Omaha (Omaha Insurance Company),ATTAINED_AGE,184.64,184.64,,,162.48,162.48,855-977-6312,https://www.mutualofomaha.com/medicaregov/,"3300 Mutual of Omaha Plaza, Omaha, NE 68175"
NC,27713,G,FEMALE,Heartland National Life Insurance Company,ATTAINED_AGE,189.55,189.55,,,176.28,176.28,866-916-7971,http://www.heartlandnational.net/medicare.php,"P.O. Box 2878 Salt Lake City , UT 84110-2878"
NC,27713,G,FEMALE,Humana Achieve (CompBenefits Insurance Company),ATTAINED_AGE,192.48,192.48,,,169.14,169.14,888-602-7443,https://www.humana.com/medicare/medicare-supplement-plans?kc=0321046030,"P.O. Box 14611 Lexington, KY 40512-4614"
NC,27713,G,FEMALE,Medico Insurance Company (Standard II),ATTAINED_AGE,196.01,196.01,,,172.49,172.49,800-228-6080,https://www.gomedico.com/,"P.O. Box 10386 Des Moines, IA 50306-0386"
NC,27713,G,FEMALE,Bankers Life (Underwritten by Washington National Insurance Company) (Substandard),ATTAINED_AGE,201.65,201.65,,,,,800-446-5018,https://www.bankerslife.com/medicare-supplement-insurance/?src=medicaregov&medium=listing,"11299 Illinois Street, Suite 200, Carmel, IN 46032"
NC,27713,G,FEMALE,"Physicians Mutual Insurance Company, Inc.",ATTAINED_AGE,209.4,209.4,,,186.13,186.13,800-325-6300,https://www.physiciansmutual.com/cs/products/medsup/medsup.html,"2600 Dodge Street, Omaha, Nebraska 68131"
NC,27713,G,FEMALE,HealthSpring Insurance Company (Standard II),ATTAINED_AGE,224.25,224.25,,,,,877-607-6002,https://www.cigna.com/medicare/shop-plans/supplemental/,"PO Box 5700, Scranton PA 18505-5700"
NC,27713,G,FEMALE,GPM Health and Life Insurance Company,ATTAINED_AGE,271.87,271.87,,,252.84,252.84,866-242-7573,https://www.gpmhealthandlife.com/wps/portal/home/products/medicare-supplement,"2211 N.E. Loop 410 San Antonio, TX 78217-4630"
NC,27713,G,FEMALE,AARP - UnitedHealthcare Insurance Company (Level 2),COMMUNITY_RATED,282.65,282.65,249.98,249.98,,,888-378-0849,https://www.aarpmedicaresupplement.com/,PO Box 9003; Huntingdon Valley PA 19006
NC,27713,G,FEMALE,United American Insurance Company,ATTAINED_AGE,310,310,,,,,800-331-2512,https://www2.unitedamerican.com/,"3700 S Stonebridge Dr, McKinney, TX 75070"
NC,27713,G,FEMALE,Guarantee Trust Life Insurance Company,ATTAINED_AGE,315.2,315.2,,,293.14,293.14,800-338-7452,https://www.gtlic.com/,"1275 Milwaukee Avenue Glenview, IL 60025"
NC,27713,G,FEMALE,AARP - UnitedHealthcare Insurance Company of America (Level 2),COMMUNITY_RATED,504.63,504.63,428.33,428.33,453.76,453.76,888-378-0849,https://www.aarpmedicaresupplement.com/,PO Box 9003; Huntingdon Valley PA 19006
NC,27713,N,MALE,Atlantic Capital Life Assurance Company (Preferred),ATTAINED_AGE,101.7,101.7,,,94.58,94.58,866-458-1430,https://bankersfidelity.com/,"4370 Peachtree Road, NE Atlanta, GA  30319"
NC,27713,N,MALE,Bankers Life (Underwritten by Washington National Insurance Company),ATTAINED_AGE,105.76,105.76,,,,,800-446-5018,https://www.bankerslife.com/medicare-supplement-insurance/?src=medicaregov&medium=listing,"11299 Illinois Street, Suite 200, Carmel, IN 46032"
NC,27713,N,MALE,Insurance Company of North America,ATTAINED_AGE,110.33,110.33,,,102.61,102.61,215-640-1000,https://www.chubb.com/microsites/ace-medicare-supplement.html,436 Walnut Street
NC,27713,N,MALE,Nassau Life Insurance Company,ATTAINED_AGE,112.31,112.31,,,,,860-403-5000,https://www.nsre.com/,"One American Row, Hartford, CT  06103"
NC,27713,N,MALE,Humana Achieve (CompBenefits Insurance Company),ATTAINED_AGE,113.66,113.66,,,99.78,99.78,888-602-7443,https://www.humana.com/medicare/medicare-supplement-plans?kc=0321046030,"P.O. Box 14611 Lexington, KY 40512-4614"
NC,27713,N,MALE,AFLAC,ATTAINED_AGE,116.44,116.44,,,104.8,104.8,866-990-2668,https://www.aflac.com/individuals,"Aflac Tier One, PO Box 14863, Lexington, KY 40512-4863"
NC,27713,N,MALE,Lumos Insurance,ATTAINED_AGE,117.32,117.32,,,109.11,109.11,800-752-8328,https://www.lumosinsurance.com/life-health,"2701 North Main Street, Crossville, TN 38555"
NC,27713,N,MALE,HealthSpring Insurance Company,ATTAINED_AGE,125.5,125.5,,,,,877-607-6002,https://www.cigna.com/medicare/shop-plans/supplemental/,"PO Box 5700, Scranton PA 18505-5700"
NC,27713,N,MALE,Atlantic Capital Life Assurance Company (Standard),ATTAINED_AGE,126.77,126.77,,,117.9,117.9,866-458-1430,https://bankersfidelity.com/,"4370 Peachtree Road, NE Atlanta, GA  30319"
NC,27713,N,MALE,WoodmenLife,ATTAINED_AGE,127,127,,,114.3,114.3,1-866-236-0029,https://www.woodmenlife.org/insurance/medicare-supplement-insurance/,"1700 Farnam Street, Omaha, NE 68102"
NC,27713,N,MALE,LifeShield National Insurance Company,ATTAINED_AGE,127.41,127.41,,,118.49,118.49,800-851-5041,https://www.lifeshieldnational.com/,"5500 N Western Avenue, Suite 200, Oklahoma City, OK 73118"
NC,27713,N,MALE,Bankers Life (Underwritten by Washington National Insurance Company) (Substandard),ATTAINED_AGE,130.57,130.57,,,,,800-446-5018,https://www.bankerslife.com/medicare-supplement-insurance/?src=medicaregov&medium=listing,"11299 Illinois Street, Suite 200, Carmel, IN 46032"
NC,27713,N,MALE,Medico Insurance Company (Preferred),ATTAINED_AGE,132.38,132.38,,,116.49,116.49,800-228-6080,https://www.gomedico.com/,"P.O. Box 10386 Des Moines, IA 50306-0386"
NC,27713,N,MALE,"Humana (Humana Benefit Plan of Illinois, Inc.)",ATTAINED_AGE,134.39,134.39,,,118.02,118.02,877-426-1269,https://www.humana.com/medicare/medicare-supplement-plans?kc=0321046030,"P.O. Box 14611 Lexington, KY 40512-4611"
NC,27713,N,MALE,American Benefit Life Insurance Company,ATTAINED_AGE,135.13,135.13,,,121.62,121.62,833-504-0331,https://lbig.com/,"1605 LBJ Freeway, Suite 700 Dallas, Texas 75234"
NC,27713,N,MALE,Mutual of Omaha (Omaha Insurance Company),ATTAINED_AGE,136.76,136.76,,,120.35,120.35,855-977-6312,https://www.mutualofomaha.com/medicaregov/,"3300 Mutual of Omaha Plaza, Omaha, NE 68175"
NC,27713,N,MALE,State Farm Mutual Automobile Insurance Company,ATTAINED_AGE,140.17,140.17,,,,,800-782-8332,https://www.statefarm.com/insurance/health/medicare-supplemental,"One State Farm Plaza, Bloomington, IL 61710"
NC,27713,N,MALE,Aetna Health Insurance Company,ATTAINED_AGE,143.36,143.36,133.32,133.32,133.32,133.32,800-358-8749 ,https://www.aetnamedicare.com/,"PO Box 14088 Lexington, KY 40513"
NC,27713,N,MALE,New Era Life Insurance Company of the Midwest,ATTAINED_AGE,143.45,143.45,134.84,134.84,134.84,134.84,877-417-7555,http://www.neweralife.com/,"P.O. Box 4884, Houston, TX 77210-4884"
NC,27713,N,MALE,USAA Life Insurance Company,ATTAINED_AGE,144.33,144.33,,,,,800-531-8722,https://www.usaa.com/inet/wc/insurance-health-medicare,"9800 Fredericksburg Rd. San Antonio, TX 78288"
NC,27713,N,MALE,Globe Life and Accident Insurance Company,ATTAINED_AGE,145,145,,,134.85,134.85,888-678-3403,https://www.globelifeinsurance.com/globecaremedsupp,"3700 S. Stonebridge Drive McKinney, TX 75070"
NC,27713,N,MALE,Medico Insurance Company (Standard I),ATTAINED_AGE,145.62,145.62,,,128.15,128.15,800-228-6080,https://www.gomedico.com/,"P.O. Box 10386 Des Moines, IA 50306-0386"
NC,27713,N,MALE,GPM Health and Life Insurance Company,ATTAINED_AGE,147.66,147.66,,,137.32,137.32,866-242-7573,https://www.gpmhealthandlife.com/wps/portal/home/products/medicare-supplement,"2211 N.E. Loop 410 San Antonio, TX 78217-4630"
NC,27713,N,MALE,Erie Family Life Insurance Company,ATTAINED_AGE,147.68,147.68,135.87,135.87,135.87,135.87,800-458-0811,https://www.erieinsurance.com/medicare-supplement,"100 Erie Insurance Place Erie, PA  16530"
NC,27713,N,MALE,AARP - UnitedHealthcare Insurance Company of America (Standard),COMMUNITY_RATED,148.02,148.02,125.21,125.21,132.81,132.81,888-378-0849,https://www.aarpmedicaresupplement.com/,PO Box 9003; Huntingdon Valley PA 19006
NC,27713,N,MALE,Medico Insurance Company (Standard II),ATTAINED_AGE,165.48,165.48,,,145.62,145.62,800-228-6080,https://www.gomedico.com/,"P.O. Box 10386 Des Moines, IA 50306-0386"
NC,27713,N,MALE,Heartland National Life Insurance Company,ATTAINED_AGE,171.53,171.53,,,159.52,159.52,866-916-7971,http://www.heartlandnational.net/medicare.php,"P.O. Box 2878 Salt Lake City , UT 84110-2878"
NC,27713,N,MALE,BlueCross BlueShield of North Carolina,ATTAINED_AGE,172.75,172.75,,,,,800-478-0583,https://www.bluecrossnc.com/,"PO Box 2291 Durham, NC  27702-2291"
NC,27713,N,MALE,AARP - UnitedHealthcare Insurance Company (Standard),COMMUNITY_RATED,176.73,176.73,156.22,156.22,,,888-378-0849,https://www.aarpmedicaresupplement.com/,PO Box 9003; Huntingdon Valley PA 19006
NC,27713,N,MALE,HealthSpring Insurance Company (Standard II),ATTAINED_AGE,188.24,188.24,,,,,877-607-6002,https://www.cigna.com/medicare/shop-plans/supplemental/,"PO Box 5700, Scranton PA 18505-5700"
NC,27713,N,MALE,"Physicians Mutual Insurance Company, Inc.",ATTAINED_AGE,214.51,214.51,,,190.68,190.68,800-325-6300,https://www.physiciansmutual.com/cs/products/medsup/medsup.html,"2600 Dodge Street, Omaha, Nebraska 68131"
NC,27713,N,MALE,Guarantee Trust Life Insurance Company,ATTAINED_AGE,228.33,228.33,,,212.35,212.35,800-338-7452,https://www.gtlic.com/,"1275 Milwaukee Avenue Glenview, IL 60025"
NC,27713,N,MALE,AARP - UnitedHealthcare Insurance Company (Level 2),COMMUNITY_RATED,301.84,301.84,266.97,266.97,,,888-378-0849,https://www.aarpmedicaresupplement.com/,PO Box 9003; Huntingdon Valley PA 19006
NC,27713,N,MALE,United American Insurance Company,ATTAINED_AGE,361,361,,,,,800-331-2512,https://www2.unitedamerican.com/,"3700 S Stonebridge Dr, McKinney, TX 75070"
NC,27713,N,MALE,AARP - UnitedHealthcare Insurance Company of America (Level 2),COMMUNITY_RATED,493.1,493.1,418.53,418.53,443.39,443.39,888-378-0849,https://www.aarpmedicaresupplement.com/,PO Box 9003; Huntingdon Valley PA 19006
NC,27713,N,FEMALE,Atlantic Capital Life Assurance Company (Preferred),ATTAINED_AGE,88.67,88.67,,,82.46,82.46,866-458-1430,https://bankersfidelity.com/,"4370 Peachtree Road, NE Atlanta, GA  30319"
NC,27713,N,FEMALE,Bankers Life (Underwritten by Washington National Insurance Company),ATTAINED_AGE,95.18,95.18,,,,,800-446-5018,https://www.bankerslife.com/medicare-supplement-insurance/?src=medicaregov&medium=listing,"11299 Illinois Street, Suite 200, Carmel, IN 46032"
NC,27713,N,FEMALE,Insurance Company of North America,ATTAINED_AGE,97.5,97.5,,,90.68,90.68,215-640-1000,https://www.chubb.com/microsites/ace-medicare-supplement.html,436 Walnut Street
NC,27713,N,FEMALE,Nassau Life Insurance Company,ATTAINED_AGE,97.71,97.71,,,,,860-403-5000,https://www.nsre.com/,"One American Row, Hartford, CT  06103"
NC,27713,N,FEMALE,Humana Achieve (CompBenefits Insurance Company),ATTAINED_AGE,98.83,98.83,,,86.73,86.73,888-602-7443,https://www.humana.com/medicare/medicare-supplement-plans?kc=0321046030,"P.O. Box 14611 Lexington, KY 40512-4614"
NC,27713,N,FEMALE,AFLAC,ATTAINED_AGE,101.65,101.65,,,91.49,91.49,866-990-2668,https://www.aflac.com/individuals,"Aflac Tier One, PO Box 14863, Lexington, KY 40512-4863"
NC,27713,N,FEMALE,Lumos Insurance,ATTAINED_AGE,106.72,106.72,,,99.25,99.25,800-752-8328,https://www.lumosinsurance.com/life-health,"2701 North Main Street, Crossville, TN 38555"
NC,27713,N,FEMALE,HealthSpring Insurance Company,ATTAINED_AGE,109.13,109.13,,,,,877-607-6002,https://www.cigna.com/medicare/shop-plans/supplemental/,"PO Box 5700, Scranton PA 18505-5700"
NC,27713,N,FEMALE,WoodmenLife,ATTAINED_AGE,110.44,110.44,,,99.4,99.4,1-866-236-0029,https://www.woodmenlife.org/insurance/medicare-supplement-insurance/,"1700 Farnam Street, Omaha, NE 68102"
NC,27713,N,FEMALE,Atlantic Capital Life Assurance Company (Standard),ATTAINED_AGE,110.48,110.48,,,102.75,102.75,866-458-1430,https://bankersfidelity.com/,"4370 Peachtree Road, NE Atlanta, GA  30319"
NC,27713,N,FEMALE,LifeShield National Insurance Company,ATTAINED_AGE,110.79,110.79,,,103.03,103.03,800-851-5041,https://www.lifeshieldnational.com/,"5500 N Western Avenue, Suite 200, Oklahoma City, OK 73118"
NC,27713,N,FEMALE,Medico Insurance Company (Preferred),ATTAINED_AGE,115.12,115.12,,,101.31,101.31,800-228-6080,https://www.gomedico.com/,"P.O. Box 10386 Des Moines, IA 50306-0386"
NC,27713,N,FEMALE,Bankers Life (Underwritten by Washington National Insurance Company) (Substandard),ATTAINED_AGE,117.5,117.5,,,,,800-446-5018,https://www.bankerslife.com/medicare-supplement-insurance/?src=medicaregov&medium=listing,"11299 Illinois Street, Suite 200, Carmel, IN 46032"
NC,27713,N,FEMALE,American Benefit Life Insurance Company,ATTAINED_AGE,117.51,117.51,,,105.76,105.76,833-504-0331,https://lbig.com/,"1605 LBJ Freeway, Suite 700 Dallas, Texas 75234"
NC,27713,N,FEMALE,"Humana (Humana Benefit Plan of Illinois, Inc.)",ATTAINED_AGE,118.93,118.93,,,104.42,104.42,877-426-1269,https://www.humana.com/medicare/medicare-supplement-plans?kc=0321046030,"P.O. Box 14611 Lexington, KY 40512-4611"
NC,27713,N,FEMALE,Mutual of Omaha (Omaha Insurance Company),ATTAINED_AGE,118.93,118.93,,,104.66,104.66,855-977-6312,https://www.mutualofomaha.com/medicaregov/,"3300 Mutual of Omaha Plaza, Omaha, NE 68175"
NC,27713,N,FEMALE,Aetna Health Insurance Company,ATTAINED_AGE,124.53,124.53,115.81,115.81,,,800-358-8749 ,https://www.aetnamedicare.com/,"PO Box 14088 Lexington, KY 40513"
NC,27713,N,FEMALE,Medico Insurance Company (Standard I),ATTAINED_AGE,126.63,126.63,,,111.43,111.43,800-228-6080,https://www.gomedico.com/,"P.O. Box 10386 Des Moines, IA 50306-0386"
NC,27713,N,FEMALE,New Era Life Insurance Company of the Midwest,ATTAINED_AGE,126.95,126.95,119.33,119.33,,,877-417-7555,http://www.neweralife.com/,"P.O. Box 4884, Houston, TX 77210-4884"
NC,27713,N,FEMALE,GPM Health and Life Insurance Company,ATTAINED_AGE,128.39,128.39,,,119.4,119.4,866-242-7573,https://www.gpmhealthandlife.com/wps/portal/home/products/medicare-supplement,"2211 N.E. Loop 410 San Antonio, TX 78217-4630"
NC,27713,N,FEMALE,Erie Family Life Insurance Company,ATTAINED_AGE,128.4,128.4,118.13,118.13,,,800-458-0811,https://www.erieinsurance.com/medicare-supplement,"100 Erie Insurance Place Erie, PA  16530"
NC,27713,N,FEMALE,AARP - UnitedHealthcare Insurance Company of America (Standard),COMMUNITY_RATED,130.81,130.81,110.58,110.58,117.32,117.32,888-378-0849,https://www.aarpmedicaresupplement.com/,PO Box 9003; Huntingdon Valley PA 19006
NC,27713,N,FEMALE,State Farm Mutual Automobile Insurance Company,ATTAINED_AGE,134.39,134.39,,,,,800-782-8332,https://www.statefarm.com/insurance/health/medicare-supplemental,"One State Farm Plaza, Bloomington, IL 61710"
NC,27713,N,FEMALE,Globe Life and Accident Insurance Company,ATTAINED_AGE,135,135,,,125.55,125.55,888-678-3403,https://www.globelifeinsurance.com/globecaremedsupp,"3700 S. Stonebridge Drive McKinney, TX 75070"
NC,27713,N,FEMALE,Medico Insurance Company (Standard II),ATTAINED_AGE,143.9,143.9,,,126.63,126.63,800-228-6080,https://www.gomedico.com/,"P.O. Box 10386 Des Moines, IA 50306-0386"
NC,27713,N,FEMALE,USAA Life Insurance Company,ATTAINED_AGE,144.33,144.33,,,,,800-531-8722,https://www.usaa.com/inet/wc/insurance-health-medicare,"9800 Fredericksburg Rd. San Antonio, TX 78288"
NC,27713,N,FEMALE,Heartland National Life Insurance Company,ATTAINED_AGE,149.16,149.16,,,138.72,138.72,866-916-7971,http://www.heartlandnational.net/medicare.php,"P.O. Box 2878 Salt Lake City , UT 84110-2878"
NC,27713,N,FEMALE,BlueCross BlueShield of North Carolina,ATTAINED_AGE,150.75,150.75,,,,,800-478-0583,https://www.bluecrossnc.com/,"PO Box 2291 Durham, NC  27702-2291"
NC,27713,N,FEMALE,AARP - UnitedHealthcare Insurance Company (Standard),COMMUNITY_RATED,156.6,156.6,138.4,138.4,,,888-378-0849,https://www.aarpmedicaresupplement.com/,PO Box 9003; Huntingdon Valley PA 19006
NC,27713,N,FEMALE,HealthSpring Insurance Company (Standard II),ATTAINED_AGE,163.69,163.69,,,,,877-607-6002,https://www.cigna.com/medicare/shop-plans/supplemental/,"PO Box 5700, Scranton PA 18505-5700"
NC,27713,N,FEMALE,"Physicians Mutual Insurance Company, Inc.",ATTAINED_AGE,194.08,194.08,,,172.52,172.52,800-325-6300,https://www.physiciansmutual.com/cs/products/medsup/medsup.html,"2600 Dodge Street, Omaha, Nebraska 68131"
NC,27713,N,FEMALE,Guarantee Trust Life Insurance Company,ATTAINED_AGE,203.86,203.86,,,189.59,189.59,800-338-7452,https://www.gtlic.com/,"1275 Milwaukee Avenue Glenview, IL 60025"
NC,27713,N,FEMALE,AARP - UnitedHealthcare Insurance Company (Level 2),COMMUNITY_RATED,267.62,267.62,236.68,236.68,,,888-378-0849,https://www.aarpmedicaresupplement.com/,PO Box 9003; Huntingdon Valley PA 19006
NC,27713,N,FEMALE,United American Insurance Company,ATTAINED_AGE,314,314,,,,,800-331-2512,https://www2.unitedamerican.com/,"3700 S Stonebridge Dr, McKinney, TX 75070"
NC,27713,N,FEMALE,AARP - UnitedHealthcare Insurance Company of America (Level 2),COMMUNITY_RATED,436.82,436.82,370.69,370.69,392.73,392.73,888-378-0849,https://www.aarpmedicaresupplement.com/,PO Box 9003; Huntingdon Valley PA 19006
NC,27858,G,MALE,Atlantic Capital Life Assurance Company (Preferred),ATTAINED_AGE,131.94,131.94,,,122.7,122.7,866-458-1430,https://bankersfidelity.com/,"4370 Peachtree Road, NE Atlanta, GA  30319"
NC,27858,G,MALE,"Physicians Mutual Insurance Company, Inc. (Innovative)",ATTAINED_AGE,147.79,147.79,,,131.37,131.37,800-325-6300,https://www.physiciansmutual.com/cs/products/medsup/medsup.html,"2600 Dodge Street, Omaha, Nebraska 68131"
NC,27858,G,MALE,Nassau Life Insurance Company,ATTAINED_AGE,151.2,151.2,,,,,860-403-5000,https://www.nsre.com/,"One American Row, Hartford, CT  06103"
NC,27858,G,MALE,Old Surety Life Insurance Company,ISSUE_AGE,162.85,162.85,,,,,800-272-5466,http://www.oldsurety.com/,"5201 N Lincoln Blvd, Oklahoma City, OK 73105"
NC,27858,G,MALE,Atlantic Capital Life Assurance Company (Standard),ATTAINED_AGE,164.56,164.56,,,153.04,153.04,866-458-1430,https://bankersfidelity.com/,"4370 Peachtree Road, NE Atlanta, GA  30319"
NC,27858,G,MALE,Lumos Insurance,ATTAINED_AGE,165.54,165.54,,,153.95,153.95,800-752-8328,https://www.lumosinsurance.com/life-health,"2701 North Main Street, Crossville, TN 38555"
NC,27858,G,MALE,Insurance Company of North America,ATTAINED_AGE,166.75,166.75,,,155.08,155.08,215-640-1000,https://www.chubb.com/microsites/ace-medicare-supplement.html,436 Walnut Street
NC,27858,G,MALE,Globe Life and Accident Insurance Company,ATTAINED_AGE,168,168,,,156.24,156.24,888-678-3403,https://www.globelifeinsurance.com/globecaremedsupp,"3700 S. Stonebridge Drive McKinney, TX 75070"
NC,27858,G,MALE,LifeShield National Insurance Company,ATTAINED_AGE,170.56,170.56,,,158.62,158.62,800-851-5041,https://www.lifeshieldnational.com/,"5500 N Western Avenue, Suite 200, Oklahoma City, OK 73118"
NC,27858,G,MALE,AFLAC,ATTAINED_AGE,171.79,171.79,,,154.61,154.61,866-990-2668,https://www.aflac.com/individuals,"Aflac Tier One, PO Box 14863, Lexington, KY 40512-4863"
NC,27858,G,MALE,HealthSpring Insurance Company,ATTAINED_AGE,171.92,171.92,,,,,877-607-6002,https://www.cigna.com/medicare/shop-plans/supplemental/,"PO Box 5700, Scranton PA 18505-5700"
NC,27858,G,MALE,WoodmenLife,ATTAINED_AGE,175.57,175.57,,,158.01,158.01,1-866-236-0029,https://www.woodmenlife.org/insurance/medicare-supplement-insurance/,"1700 Farnam Street, Omaha, NE 68102"
NC,27858,G,MALE,Erie Family Life Insurance Company,ATTAINED_AGE,177.95,177.95,163.71,163.71,163.71,163.71,800-458-0811,https://www.erieinsurance.com/medicare-supplement,"100 Erie Insurance Place Erie, PA  16530"
NC,27858,G,MALE,American Benefit Life Insurance Company,ATTAINED_AGE,178.74,178.74,,,160.87,160.87,833-504-0331,https://lbig.com/,"1605 LBJ Freeway, Suite 700 Dallas, Texas 75234"
NC,27858,G,MALE,State Farm Mutual Automobile Insurance Company,ATTAINED_AGE,181.22,181.22,,,,,800-782-8332,https://www.statefarm.com/insurance/health/medicare-supplemental,"One State Farm Plaza, Bloomington, IL 61710"
NC,27858,G,MALE,Bankers Life (Underwritten by Washington National Insurance Company),ATTAINED_AGE,181.49,181.49,,,,,800-446-5018,https://www.bankerslife.com/medicare-supplement-insurance/?src=medicaregov&medium=listing,"11299 Illinois Street, Suite 200, Carmel, IN 46032"
NC,27858,G,MALE,USAA Life Insurance Company,ATTAINED_AGE,184.28,184.28,,,,,800-531-8722,https://www.usaa.com/inet/wc/insurance-health-medicare,"9800 Fredericksburg Rd. San Antonio, TX 78288"
NC,27858,G,MALE,AARP - UnitedHealthcare Insurance Company (Standard),COMMUNITY_RATED,186.79,186.79,165.12,165.12,,,888-378-0849,https://www.aarpmedicaresupplement.com/,PO Box 9003; Huntingdon Valley PA 19006
NC,27858,G,MALE,"Humana (Humana Benefit Plan of Illinois, Inc.)",ATTAINED_AGE,189.42,189.42,,,166.45,166.45,877-426-1269,https://www.humana.com/medicare/medicare-supplement-plans?kc=0321046030,"P.O. Box 14611 Lexington, KY 40512-4611"
NC,27858,G,MALE,New Era Life Insurance Company of the Midwest,ATTAINED_AGE,190.09,190.09,178.68,178.68,178.68,178.68,877-417-7555,http://www.neweralife.com/,"P.O. Box 4884, Houston, TX 77210-4884"
NC,27858,G,MALE,AARP - UnitedHealthcare Insurance Company of America (Standard),COMMUNITY_RATED,204.57,204.57,173.28,173.28,183.71,183.71,888-378-0849,https://www.aarpmedicaresupplement.com/,PO Box 9003; Huntingdon Valley PA 19006
NC,27858,G,MALE,BlueCross BlueShield of North Carolina,ATTAINED_AGE,205.5,205.5,,,,,800-478-0583,https://www.bluecrossnc.com/,"PO Box 2291 Durham, NC  27702-2291"
NC,27858,G,MALE,Aetna Health Insurance Company,ATTAINED_AGE,208.25,208.25,193.67,193.67,193.67,193.67,800-358-8749 ,https://www.aetnamedicare.com/,"PO Box 14088 Lexington, KY 40513"
NC,27858,G,MALE,Medico Insurance Company (Preferred),ATTAINED_AGE,209.48,209.48,,,184.34,184.34,800-228-6080,https://www.gomedico.com/,"P.O. Box 10386 Des Moines, IA 50306-0386"
NC,27858,G,MALE,Mutual of Omaha (Omaha Insurance Company),ATTAINED_AGE,212.34,212.34,,,186.86,186.86,855-977-6312,https://www.mutualofomaha.com/medicaregov/,"3300 Mutual of Omaha Plaza, Omaha, NE 68175"
NC,27858,G,MALE,Heartland National Life Insurance Company,ATTAINED_AGE,217.98,217.98,,,202.72,202.72,866-916-7971,http://www.heartlandnational.net/medicare.php,"P.O. Box 2878 Salt Lake City , UT 84110-2878"
NC,27858,G,MALE,Humana Achieve (CompBenefits Insurance Company),ATTAINED_AGE,221.35,221.35,,,194.55,194.55,888-602-7443,https://www.humana.com/medicare/medicare-supplement-plans?kc=0321046030,"P.O. Box 14611 Lexington, KY 40512-4614"
NC,27858,G,MALE,Bankers Life (Underwritten by Washington National Insurance Company) (Substandard),ATTAINED_AGE,224.06,224.06,,,,,800-446-5018,https://www.bankerslife.com/medicare-supplement-insurance/?src=medicaregov&medium=listing,"11299 Illinois Street, Suite 200, Carmel, IN 46032"
NC,27858,G,MALE,Medico Insurance Company (Standard I),ATTAINED_AGE,230.42,230.42,,,202.77,202.77,800-228-6080,https://www.gomedico.com/,"P.O. Box 10386 Des Moines, IA 50306-0386"
NC,27858,G,MALE,"Physicians Mutual Insurance Company, Inc.",ATTAINED_AGE,231.45,231.45,,,205.73,205.73,800-325-6300,https://www.physiciansmutual.com/cs/products/medsup/medsup.html,"2600 Dodge Street, Omaha, Nebraska 68131"
NC,27858,G,MALE,HealthSpring Insurance Company (Standard II),ATTAINED_AGE,257.89,257.89,,,,,877-607-6002,https://www.cigna.com/medicare/shop-plans/supplemental/,"PO Box 5700, Scranton PA 18505-5700"
NC,27858,G,MALE,Medico Insurance Company (Standard II),ATTAINED_AGE,261.85,261.85,,,230.43,230.43,800-228-6080,https://www.gomedico.com/,"P.O. Box 10386 Des Moines, IA 50306-0386"
NC,27858,G,MALE,GPM Health and Life Insurance Company,ATTAINED_AGE,312.66,312.66,,,290.77,290.77,866-242-7573,https://www.gpmhealthandlife.com/wps/portal/home/products/medicare-supplement,"2211 N.E. Loop 410 San Antonio, TX 78217-4630"
NC,27858,G,MALE,AARP - UnitedHealthcare Insurance Company (Level 2),COMMUNITY_RATED,318.95,318.95,282.11,282.11,,,888-378-0849,https://www.aarpmedicaresupplement.com/,PO Box 9003; Huntingdon Valley PA 19006
NC,27858,G,MALE,Guarantee Trust Life Insurance Company,ATTAINED_AGE,353.03,353.03,,,328.32,328.32,800-338-7452,https://www.gtlic.com/,"1275 Milwaukee Avenue Glenview, IL 60025"
NC,27858,G,MALE,United American Insurance Company,ATTAINED_AGE,357,357,,,,,800-331-2512,https://www2.unitedamerican.com/,"3700 S Stonebridge Dr, McKinney, TX 75070"
NC,27858,G,MALE,AARP - UnitedHealthcare Insurance Company of America (Level 2),COMMUNITY_RATED,569.58,569.58,483.54,483.54,512.22,512.22,888-378-0849,https://www.aarpmedicaresupplement.com/,PO Box 9003; Huntingdon Valley PA 19006
NC,27858,G,FEMALE,Atlantic Capital Life Assurance Company (Preferred),ATTAINED_AGE,114.97,114.97,,,106.92,106.92,866-458-1430,https://bankersfidelity.com/,"4370 Peachtree Road, NE Atlanta, GA  30319"
NC,27858,G,FEMALE,Nassau Life Insurance Company,ATTAINED_AGE,131.54,131.54,,,,,860-403-5000,https://www.nsre.com/,"One American Row, Hartford, CT  06103"
NC,27858,G,FEMALE,"Physicians Mutual Insurance Company, Inc. (Innovative)",ATTAINED_AGE,133.71,133.71,,,118.85,118.85,800-325-6300,https://www.physiciansmutual.com/cs/products/medsup/medsup.html,"2600 Dodge Street, Omaha, Nebraska 68131"
NC,27858,G,FEMALE,Old Surety Life Insurance Company,ISSUE_AGE,141.61,141.61,,,,,800-272-5466,http://www.oldsurety.com/,"5201 N Lincoln Blvd, Oklahoma City, OK 73105"
NC,27858,G,FEMALE,Atlantic Capital Life Assurance Company (Standard),ATTAINED_AGE,143.35,143.35,,,133.32,133.32,866-458-1430,https://bankersfidelity.com/,"4370 Peachtree Road, NE Atlanta, GA  30319"
NC,27858,G,FEMALE,Insurance Company of North America,ATTAINED_AGE,147.67,147.67,,,137.33,137.33,215-640-1000,https://www.chubb.com/microsites/ace-medicare-supplement.html,436 Walnut Street
NC,27858,G,FEMALE,LifeShield National Insurance Company,ATTAINED_AGE,148.31,148.31,,,137.93,137.93,800-851-5041,https://www.lifeshieldnational.com/,"5500 N Western Avenue, Suite 200, Oklahoma City, OK 73118"
NC,27858,G,FEMALE,HealthSpring Insurance Company,ATTAINED_AGE,149.5,149.5,,,,,877-607-6002,https://www.cigna.com/medicare/shop-plans/supplemental/,"PO Box 5700, Scranton PA 18505-5700"
NC,27858,G,FEMALE,AFLAC,ATTAINED_AGE,149.97,149.97,,,134.97,134.97,866-990-2668,https://www.aflac.com/individuals,"Aflac Tier One, PO Box 14863, Lexington, KY 40512-4863"
NC,27858,G,FEMALE,Lumos Insurance,ATTAINED_AGE,150.5,150.5,,,139.96,139.96,800-752-8328,https://www.lumosinsurance.com/life-health,"2701 North Main Street, Crossville, TN 38555"
NC,27858,G,FEMALE,WoodmenLife,ATTAINED_AGE,152.66,152.66,,,137.39,137.39,1-866-236-0029,https://www.woodmenlife.org/insurance/medicare-supplement-insurance/,"1700 Farnam Street, Omaha, NE 68102"
NC,27858,G,FEMALE,Erie Family Life Insurance Company,ATTAINED_AGE,154.71,154.71,142.33,142.33,,,800-458-0811,https://www.erieinsurance.com/medicare-supplement,"100 Erie Insurance Place Erie, PA  16530"
NC,27858,G,FEMALE,American Benefit Life Insurance Company,ATTAINED_AGE,155.43,155.43,,,139.89,139.89,833-504-0331,https://lbig.com/,"1605 LBJ Freeway, Suite 700 Dallas, Texas 75234"
NC,27858,G,FEMALE,Globe Life and Accident Insurance Company,ATTAINED_AGE,156,156,,,145.08,145.08,888-678-3403,https://www.globelifeinsurance.com/globecaremedsupp,"3700 S. Stonebridge Drive McKinney, TX 75070"
NC,27858,G,FEMALE,Bankers Life (Underwritten by Washington National Insurance Company),ATTAINED_AGE,163.34,163.34,,,,,800-446-5018,https://www.bankerslife.com/medicare-supplement-insurance/?src=medicaregov&medium=listing,"11299 Illinois Street, Suite 200, Carmel, IN 46032"
NC,27858,G,FEMALE,AARP - UnitedHealthcare Insurance Company (Standard),COMMUNITY_RATED,165.44,165.44,146.22,146.22,,,888-378-0849,https://www.aarpmedicaresupplement.com/,PO Box 9003; Huntingdon Valley PA 19006
NC,27858,G,FEMALE,"Humana (Humana Benefit Plan of Illinois, Inc.)",ATTAINED_AGE,167.63,167.63,,,147.27,147.27,877-426-1269,https://www.humana.com/medicare/medicare-supplement-plans?kc=0321046030,"P.O. Box 14611 Lexington, KY 40512-4611"
NC,27858,G,FEMALE,New Era Life Insurance Company of the Midwest,ATTAINED_AGE,172.8,172.8,162.43,162.43,,,877-417-7555,http://www.neweralife.com/,"P.O. Box 4884, Houston, TX 77210-4884"
NC,27858,G,FEMALE,State Farm Mutual Automobile Insurance Company,ATTAINED_AGE,177.14,177.14,,,,,800-782-8332,https://www.statefarm.com/insurance/health/medicare-supplemental,"One State Farm Plaza, Bloomington, IL 61710"
NC,27858,G,FEMALE,BlueCross BlueShield of North Carolina,ATTAINED_AGE,179.5,179.5,,,,,800-478-0583,https://www.bluecrossnc.com/,"PO Box 2291 Durham, NC  27702-2291"
NC,27858,G,FEMALE,AARP - UnitedHealthcare Insurance Company of America (Standard),COMMUNITY_RATED,180.95,180.95,153.2,153.2,162.45,162.45,888-378-0849,https://www.aarpmedicaresupplement.com/,PO Box 9003; Huntingdon Valley PA 19006
NC,27858,G,FEMALE,Aetna Health Insurance Company,ATTAINED_AGE,181.01,181.01,168.34,168.34,,,800-358-8749 ,https://www.aetnamedicare.com/,"PO Box 14088 Lexington, KY 40513"
NC,27858,G,FEMALE,Medico Insurance Company (Preferred),ATTAINED_AGE,182.15,182.15,,,160.29,160.29,800-228-6080,https://www.gomedico.com/,"P.O. Box 10386 Des Moines, IA 50306-0386"
NC,27858,G,FEMALE,USAA Life Insurance Company,ATTAINED_AGE,184.28,184.28,,,,,800-531-8722,https://www.usaa.com/inet/wc/insurance-health-medicare,"9800 Fredericksburg Rd. San Antonio, TX 78288"
NC,27858,G,FEMALE,Mutual of Omaha (Omaha Insurance Company),ATTAINED_AGE,184.64,184.64,,,162.48,162.48,855-977-6312,https://www.mutualofomaha.com/medicaregov/,"3300 Mutual of Omaha Plaza, Omaha, NE 68175"
NC,27858,G,FEMALE,Heartland National Life Insurance Company,ATTAINED_AGE,189.55,189.55,,,176.28,176.28,866-916-7971,http://www.heartlandnational.net/medicare.php,"P.O. Box 2878 Salt Lake City , UT 84110-2878"
NC,27858,G,FEMALE,Humana Achieve (CompBenefits Insurance Company),ATTAINED_AGE,192.48,192.48,,,169.14,169.14,888-602-7443,https://www.humana.com/medicare/medicare-supplement-plans?kc=0321046030,"P.O. Box 14611 Lexington, KY 40512-4614"
NC,27858,G,FEMALE,Medico Insurance Company (Standard I),ATTAINED_AGE,200.37,200.37,,,176.33,176.33,800-228-6080,https://www.gomedico.com/,"P.O. Box 10386 Des Moines, IA 50306-0386"
NC,27858,G,FEMALE,Bankers Life (Underwritten by Washington National Insurance Company) (Substandard),ATTAINED_AGE,201.65,201.65,,,,,800-446-5018,https://www.bankerslife.com/medicare-supplement-insurance/?src=medicaregov&medium=listing,"11299 Illinois Street, Suite 200, Carmel, IN 46032"
NC,27858,G,FEMALE,"Physicians Mutual Insurance Company, Inc.",ATTAINED_AGE,209.4,209.4,,,186.13,186.13,800-325-6300,https://www.physiciansmutual.com/cs/products/medsup/medsup.html,"2600 Dodge Street, Omaha, Nebraska 68131"
NC,27858,G,FEMALE,HealthSpring Insurance Company (Standard II),ATTAINED_AGE,224.25,224.25,,,,,877-607-6002,https://www.cigna.com/medicare/shop-plans/supplemental/,"PO Box 5700, Scranton PA 18505-5700"
NC,27858,G,FEMALE,Medico Insurance Company (Standard II),ATTAINED_AGE,227.69,227.69,,,200.37,200.37,800-228-6080,https://www.gomedico.com/,"P.O. Box 10386 Des Moines, IA 50306-0386"
NC,27858,G,FEMALE,GPM Health and Life Insurance Company,ATTAINED_AGE,271.87,271.87,,,252.84,252.84,866-242-7573,https://www.gpmhealthandlife.com/wps/portal/home/products/medicare-supplement,"2211 N.E. Loop 410 San Antonio, TX 78217-4630"
NC,27858,G,FEMALE,AARP - UnitedHealthcare Insurance Company (Level 2),COMMUNITY_RATED,282.65,282.65,249.98,249.98,,,888-378-0849,https://www.aarpmedicaresupplement.com/,PO Box 9003; Huntingdon Valley PA 19006
NC,27858,G,FEMALE,United American Insurance Company,ATTAINED_AGE,310,310,,,,,800-331-2512,https://www2.unitedamerican.com/,"3700 S Stonebridge Dr, McKinney, TX 75070"
NC,27858,G,FEMALE,Guarantee Trust Life Insurance Company,ATTAINED_AGE,315.2,315.2,,,293.14,293.14,800-338-7452,https://www.gtlic.com/,"1275 Milwaukee Avenue Glenview, IL 60025"
NC,27858,G,FEMALE,AARP - UnitedHealthcare Insurance Company of America (Level 2),COMMUNITY_RATED,504.63,504.63,428.33,428.33,453.76,453.76,888-378-0849,https://www.aarpmedicaresupplement.com/,PO Box 9003; Huntingdon Valley PA 19006
NC,27858,N,MALE,Atlantic Capital Life Assurance Company (Preferred),ATTAINED_AGE,101.7,101.7,,,94.58,94.58,866-458-1430,https://bankersfidelity.com/,"4370 Peachtree Road, NE Atlanta, GA  30319"
NC,27858,N,MALE,Bankers Life (Underwritten by Washington National Insurance Company),ATTAINED_AGE,105.76,105.76,,,,,800-446-5018,https://www.bankerslife.com/medicare-supplement-insurance/?src=medicaregov&medium=listing,"11299 Illinois Street, Suite 200, Carmel, IN 46032"
NC,27858,N,MALE,Insurance Company of North America,ATTAINED_AGE,110.33,110.33,,,102.61,102.61,215-640-1000,https://www.chubb.com/microsites/ace-medicare-supplement.html,436 Walnut Street
NC,27858,N,MALE,AFLAC,ATTAINED_AGE,111.32,111.32,,,100.19,100.19,866-990-2668,https://www.aflac.com/individuals,"Aflac Tier One, PO Box 14863, Lexington, KY 40512-4863"
NC,27858,N,MALE,Nassau Life Insurance Company,ATTAINED_AGE,112.31,112.31,,,,,860-403-5000,https://www.nsre.com/,"One American Row, Hartford, CT  06103"
NC,27858,N,MALE,Humana Achieve (CompBenefits Insurance Company),ATTAINED_AGE,113.66,113.66,,,99.78,99.78,888-602-7443,https://www.humana.com/medicare/medicare-supplement-plans?kc=0321046030,"P.O. Box 14611 Lexington, KY 40512-4614"
NC,27858,N,MALE,Lumos Insurance,ATTAINED_AGE,117.32,117.32,,,109.11,109.11,800-752-8328,https://www.lumosinsurance.com/life-health,"2701 North Main Street, Crossville, TN 38555"
NC,27858,N,MALE,HealthSpring Insurance Company,ATTAINED_AGE,125.5,125.5,,,,,877-607-6002,https://www.cigna.com/medicare/shop-plans/supplemental/,"PO Box 5700, Scranton PA 18505-5700"
NC,27858,N,MALE,Atlantic Capital Life Assurance Company (Standard),ATTAINED_AGE,126.77,126.77,,,117.9,117.9,866-458-1430,https://bankersfidelity.com/,"4370 Peachtree Road, NE Atlanta, GA  30319"
NC,27858,N,MALE,WoodmenLife,ATTAINED_AGE,127,127,,,114.3,114.3,1-866-236-0029,https://www.woodmenlife.org/insurance/medicare-supplement-insurance/,"1700 Farnam Street, Omaha, NE 68102"
NC,27858,N,MALE,LifeShield National Insurance Company,ATTAINED_AGE,127.41,127.41,,,118.49,118.49,800-851-5041,https://www.lifeshieldnational.com/,"5500 N Western Avenue, Suite 200, Oklahoma City, OK 73118"
NC,27858,N,MALE,Bankers Life (Underwritten by Washington National Insurance Company) (Substandard),ATTAINED_AGE,130.57,130.57,,,,,800-446-5018,https://www.bankerslife.com/medicare-supplement-insurance/?src=medicaregov&medium=listing,"11299 Illinois Street, Suite 200, Carmel, IN 46032"
NC,27858,N,MALE,"Humana (Humana Benefit Plan of Illinois, Inc.)",ATTAINED_AGE,134.39,134.39,,,118.02,118.02,877-426-1269,https://www.humana.com/medicare/medicare-supplement-plans?kc=0321046030,"P.O. Box 14611 Lexington, KY 40512-4611"
NC,27858,N,MALE,American Benefit Life Insurance Company,ATTAINED_AGE,135.13,135.13,,,121.62,121.62,833-504-0331,https://lbig.com/,"1605 LBJ Freeway, Suite 700 Dallas, Texas 75234"
NC,27858,N,MALE,Mutual of Omaha (Omaha Insurance Company),ATTAINED_AGE,136.76,136.76,,,120.35,120.35,855-977-6312,https://www.mutualofomaha.com/medicaregov/,"3300 Mutual of Omaha Plaza, Omaha, NE 68175"
NC,27858,N,MALE,State Farm Mutual Automobile Insurance Company,ATTAINED_AGE,140.17,140.17,,,,,800-782-8332,https://www.statefarm.com/insurance/health/medicare-supplemental,"One State Farm Plaza, Bloomington, IL 61710"
NC,27858,N,MALE,Aetna Health Insurance Company,ATTAINED_AGE,143.36,143.36,133.32,133.32,133.32,133.32,800-358-8749 ,https://www.aetnamedicare.com/,"PO Box 14088 Lexington, KY 40513"
NC,27858,N,MALE,New Era Life Insurance Company of the Midwest,ATTAINED_AGE,143.45,143.45,134.84,134.84,134.84,134.84,877-417-7555,http://www.neweralife.com/,"P.O. Box 4884, Houston, TX 77210-4884"
NC,27858,N,MALE,USAA Life Insurance Company,ATTAINED_AGE,144.33,144.33,,,,,800-531-8722,https://www.usaa.com/inet/wc/insurance-health-medicare,"9800 Fredericksburg Rd. San Antonio, TX 78288"
NC,27858,N,MALE,Globe Life and Accident Insurance Company,ATTAINED_AGE,145,145,,,134.85,134.85,888-678-3403,https://www.globelifeinsurance.com/globecaremedsupp,"3700 S. Stonebridge Drive McKinney, TX 75070"
NC,27858,N,MALE,GPM Health and Life Insurance Company,ATTAINED_AGE,147.66,147.66,,,137.32,137.32,866-242-7573,https://www.gpmhealthandlife.com/wps/portal/home/products/medicare-supplement,"2211 N.E. Loop 410 San Antonio, TX 78217-4630"
NC,27858,N,MALE,Erie Family Life Insurance Company,ATTAINED_AGE,147.68,147.68,135.87,135.87,135.87,135.87,800-458-0811,https://www.erieinsurance.com/medicare-supplement,"100 Erie Insurance Place Erie, PA  16530"
NC,27858,N,MALE,AARP - UnitedHealthcare Insurance Company of America (Standard),COMMUNITY_RATED,148.02,148.02,125.21,125.21,132.81,132.81,888-378-0849,https://www.aarpmedicaresupplement.com/,PO Box 9003; Huntingdon Valley PA 19006
NC,27858,N,MALE,Medico Insurance Company (Preferred),ATTAINED_AGE,153.78,153.78,,,135.33,135.33,800-228-6080,https://www.gomedico.com/,"P.O. Box 10386 Des Moines, IA 50306-0386"
NC,27858,N,MALE,Medico Insurance Company (Standard I),ATTAINED_AGE,169.16,169.16,,,148.86,148.86,800-228-6080,https://www.gomedico.com/,"P.O. Box 10386 Des Moines, IA 50306-0386"
NC,27858,N,MALE,Heartland National Life Insurance Company,ATTAINED_AGE,171.53,171.53,,,159.52,159.52,866-916-7971,http://www.heartlandnational.net/medicare.php,"P.O. Box 2878 Salt Lake City , UT 84110-2878"
NC,27858,N,MALE,BlueCross BlueShield of North Carolina,ATTAINED_AGE,172.75,172.75,,,,,800-478-0583,https://www.bluecrossnc.com/,"PO Box 2291 Durham, NC  27702-2291"
NC,27858,N,MALE,AARP - UnitedHealthcare Insurance Company (Standard),COMMUNITY_RATED,176.73,176.73,156.22,156.22,,,888-378-0849,https://www.aarpmedicaresupplement.com/,PO Box 9003; Huntingdon Valley PA 19006
NC,27858,N,MALE,HealthSpring Insurance Company (Standard II),ATTAINED_AGE,188.24,188.24,,,,,877-607-6002,https://www.cigna.com/medicare/shop-plans/supplemental/,"PO Box 5700, Scranton PA 18505-5700"
NC,27858,N,MALE,Medico Insurance Company (Standard II),ATTAINED_AGE,192.23,192.23,,,169.16,169.16,800-228-6080,https://www.gomedico.com/,"P.O. Box 10386 Des Moines, IA 50306-0386"
NC,27858,N,MALE,"Physicians Mutual Insurance Company, Inc.",ATTAINED_AGE,214.51,214.51,,,190.68,190.68,800-325-6300,https://www.physiciansmutual.com/cs/products/medsup/medsup.html,"2600 Dodge Street, Omaha, Nebraska 68131"
NC,27858,N,MALE,Guarantee Trust Life Insurance Company,ATTAINED_AGE,228.33,228.33,,,212.35,212.35,800-338-7452,https://www.gtlic.com/,"1275 Milwaukee Avenue Glenview, IL 60025"
NC,27858,N,MALE,AARP - UnitedHealthcare Insurance Company (Level 2),COMMUNITY_RATED,301.84,301.84,266.97,266.97,,,888-378-0849,https://www.aarpmedicaresupplement.com/,PO Box 9003; Huntingdon Valley PA 19006
NC,27858,N,MALE,United American Insurance Company,ATTAINED_AGE,361,361,,,,,800-331-2512,https://www2.unitedamerican.com/,"3700 S Stonebridge Dr, McKinney, TX 75070"
NC,27858,N,MALE,AARP - UnitedHealthcare Insurance Company of America (Level 2),COMMUNITY_RATED,493.1,493.1,418.53,418.53,443.39,443.39,888-378-0849,https://www.aarpmedicaresupplement.com/,PO Box 9003; Huntingdon Valley PA 19006
NC,27858,N,FEMALE,Atlantic Capital Life Assurance Company (Preferred),ATTAINED_AGE,88.67,88.67,,,82.46,82.46,866-458-1430,https://bankersfidelity.com/,"4370 Peachtree Road, NE Atlanta, GA  30319"
NC,27858,N,FEMALE,Bankers Life (Underwritten by Washington National Insurance Company),ATTAINED_AGE,95.18,95.18,,,,,800-446-5018,https://www.bankerslife.com/medicare-supplement-insurance/?src=medicaregov&medium=listing,"11299 Illinois Street, Suite 200, Carmel, IN 46032"
NC,27858,N,FEMALE,AFLAC,ATTAINED_AGE,97.18,97.18,,,87.46,87.46,866-990-2668,https://www.aflac.com/individuals,"Aflac Tier One, PO Box 14863, Lexington, KY 40512-4863"
NC,27858,N,FEMALE,Insurance Company of North America,ATTAINED_AGE,97.5,97.5,,,90.68,90.68,215-640-1000,https://www.chubb.com/microsites/ace-medicare-supplement.html,436 Walnut Street
NC,27858,N,FEMALE,Nassau Life Insurance Company,ATTAINED_AGE,97.71,97.71,,,,,860-403-5000,https://www.nsre.com/,"One American Row, Hartford, CT  06103"
NC,27858,N,FEMALE,Humana Achieve (CompBenefits Insurance Company),ATTAINED_AGE,98.83,98.83,,,86.73,86.73,888-602-7443,https://www.humana.com/medicare/medicare-supplement-plans?kc=0321046030,"P.O. Box 14611 Lexington, KY 40512-4614"
NC,27858,N,FEMALE,Lumos Insurance,ATTAINED_AGE,106.72,106.72,,,99.25,99.25,800-752-8328,https://www.lumosinsurance.com/life-health,"2701 North Main Street, Crossville, TN 38555"
NC,27858,N,FEMALE,HealthSpring Insurance Company,ATTAINED_AGE,109.13,109.13,,,,,877-607-6002,https://www.cigna.com/medicare/shop-plans/supplemental/,"PO Box 5700, Scranton PA 18505-5700"
NC,27858,N,FEMALE,WoodmenLife,ATTAINED_AGE,110.44,110.44,,,99.4,99.4,1-866-236-0029,https://www.woodmenlife.org/insurance/medicare-supplement-insurance/,"1700 Farnam Street, Omaha, NE 68102"
NC,27858,N,FEMALE,Atlantic Capital Life Assurance Company (Standard),ATTAINED_AGE,110.48,110.48,,,102.75,102.75,866-458-1430,https://bankersfidelity.com/,"4370 Peachtree Road, NE Atlanta, GA  30319"
NC,27858,N,FEMALE,LifeShield National Insurance Company,ATTAINED_AGE,110.79,110.79,,,103.03,103.03,800-851-5041,https://www.lifeshieldnational.com/,"5500 N Western Avenue, Suite 200, Oklahoma City, OK 73118"
NC,27858,N,FEMALE,Bankers Life (Underwritten by Washington National Insurance Company) (Substandard),ATTAINED_AGE,117.5,117.5,,,,,800-446-5018,https://www.bankerslife.com/medicare-supplement-insurance/?src=medicaregov&medium=listing,"11299 Illinois Street, Suite 200, Carmel, IN 46032"
NC,27858,N,FEMALE,American Benefit Life Insurance Company,ATTAINED_AGE,117.51,117.51,,,105.76,105.76,833-504-0331,https://lbig.com/,"1605 LBJ Freeway, Suite 700 Dallas, Texas 75234"
NC,27858,N,FEMALE,"Humana (Humana Benefit Plan of Illinois, Inc.)",ATTAINED_AGE,118.93,118.93,,,104.42,104.42,877-426-1269,https://www.humana.com/medicare/medicare-supplement-plans?kc=0321046030,"P.O. Box 14611 Lexington, KY 40512-4611"
NC,27858,N,FEMALE,Mutual of Omaha (Omaha Insurance Company),ATTAINED_AGE,118.93,118.93,,,104.66,104.66,855-977-6312,https://www.mutualofomaha.com/medicaregov/,"3300 Mutual of Omaha Plaza, Omaha, NE 68175"
NC,27858,N,FEMALE,Aetna Health Insurance Company,ATTAINED_AGE,124.53,124.53,115.81,115.81,,,800-358-8749 ,https://www.aetnamedicare.com/,"PO Box 14088 Lexington, KY 40513"
NC,27858,N,FEMALE,New Era Life Insurance Company of the Midwest,ATTAINED_AGE,126.95,126.95,119.33,119.33,,,877-417-7555,http://www.neweralife.com/,"P.O. Box 4884, Houston, TX 77210-4884"
NC,27858,N,FEMALE,GPM Health and Life Insurance Company,ATTAINED_AGE,128.39,128.39,,,119.4,119.4,866-242-7573,https://www.gpmhealthandlife.com/wps/portal/home/products/medicare-supplement,"2211 N.E. Loop 410 San Antonio, TX 78217-4630"
NC,27858,N,FEMALE,Erie Family Life Insurance Company,ATTAINED_AGE,128.4,128.4,118.13,118.13,,,800-458-0811,https://www.erieinsurance.com/medicare-supplement,"100 Erie Insurance Place Erie, PA  16530"
NC,27858,N,FEMALE,AARP - UnitedHealthcare Insurance Company of America (Standard),COMMUNITY_RATED,130.81,130.81,110.58,110.58,117.32,117.32,888-378-0849,https://www.aarpmedicaresupplement.com/,PO Box 9003; Huntingdon Valley PA 19006
NC,27858,N,FEMALE,Medico Insurance Company (Preferred),ATTAINED_AGE,133.72,133.72,,,117.67,117.67,800-228-6080,https://www.gomedico.com/,"P.O. Box 10386 Des Moines, IA 50306-0386"
NC,27858,N,FEMALE,State Farm Mutual Automobile Insurance Company,ATTAINED_AGE,134.39,134.39,,,,,800-782-8332,https://www.statefarm.com/insurance/health/medicare-supplemental,"One State Farm Plaza, Bloomington, IL 61710"
NC,27858,N,FEMALE,Globe Life and Accident Insurance Company,ATTAINED_AGE,135,135,,,125.55,125.55,888-678-3403,https://www.globelifeinsurance.com/globecaremedsupp,"3700 S. Stonebridge Drive McKinney, TX 75070"
NC,27858,N,FEMALE,USAA Life Insurance Company,ATTAINED_AGE,144.33,144.33,,,,,800-531-8722,https://www.usaa.com/inet/wc/insurance-health-medicare,"9800 Fredericksburg Rd. San Antonio, TX 78288"
NC,27858,N,FEMALE,Medico Insurance Company (Standard I),ATTAINED_AGE,147.09,147.09,,,129.44,129.44,800-228-6080,https://www.gomedico.com/,"P.O. Box 10386 Des Moines, IA 50306-0386"
NC,27858,N,FEMALE,Heartland National Life Insurance Company,ATTAINED_AGE,149.16,149.16,,,138.72,138.72,866-916-7971,http://www.heartlandnational.net/medicare.php,"P.O. Box 2878 Salt Lake City , UT 84110-2878"
NC,27858,N,FEMALE,BlueCross BlueShield of North Carolina,ATTAINED_AGE,150.75,150.75,,,,,800-478-0583,https://www.bluecrossnc.com/,"PO Box 2291 Durham, NC  27702-2291"
NC,27858,N,FEMALE,AARP - UnitedHealthcare Insurance Company (Standard),COMMUNITY_RATED,156.6,156.6,138.4,138.4,,,888-378-0849,https://www.aarpmedicaresupplement.com/,PO Box 9003; Huntingdon Valley PA 19006
NC,27858,N,FEMALE,HealthSpring Insurance Company (Standard II),ATTAINED_AGE,163.69,163.69,,,,,877-607-6002,https://www.cigna.com/medicare/shop-plans/supplemental/,"PO Box 5700, Scranton PA 18505-5700"
NC,27858,N,FEMALE,Medico Insurance Company (Standard II),ATTAINED_AGE,167.15,167.15,,,147.09,147.09,800-228-6080,https://www.gomedico.com/,"P.O. Box 10386 Des Moines, IA 50306-0386"
NC,27858,N,FEMALE,"Physicians Mutual Insurance Company, Inc.",ATTAINED_AGE,194.08,194.08,,,172.52,172.52,800-325-6300,https://www.physiciansmutual.com/cs/products/medsup/medsup.html,"2600 Dodge Street, Omaha, Nebraska 68131"
NC,27858,N,FEMALE,Guarantee Trust Life Insurance Company,ATTAINED_AGE,203.86,203.86,,,189.59,189.59,800-338-7452,https://www.gtlic.com/,"1275 Milwaukee Avenue Glenview, IL 60025"
NC,27858,N,FEMALE,AARP - UnitedHealthcare Insurance Company (Level 2),COMMUNITY_RATED,267.62,267.62,236.68,236.68,,,888-378-0849,https://www.aarpmedicaresupplement.com/,PO Box 9003; Huntingdon Valley PA 19006
NC,27858,N,FEMALE,United American Insurance Company,ATTAINED_AGE,314,314,,,,,800-331-2512,https://www2.unitedamerican.com/,"3700 S Stonebridge Dr, McKinney, TX 75070"
NC,27858,N,FEMALE,AARP - UnitedHealthcare Insurance Company of America (Level 2),COMMUNITY_RATED,436.82,436.82,370.69,370.69,392.73,392.73,888-378-0849,https://www.aarpmedicaresupplement.com/,PO Box 9003; Huntingdon Valley PA 19006
NC,28202,G,MALE,Atlantic Capital Life Assurance Company (Preferred),ATTAINED_AGE,131.94,131.94,,,122.7,122.7,866-458-1430,https://bankersfidelity.com/,"4370 Peachtree Road, NE Atlanta, GA  30319"
NC,28202,G,MALE,"Physicians Mutual Insurance Company, Inc. (Innovative)",ATTAINED_AGE,147.79,147.79,,,131.37,131.37,800-325-6300,https://www.physiciansmutual.com/cs/products/medsup/medsup.html,"2600 Dodge Street, Omaha, Nebraska 68131"
NC,28202,G,MALE,Nassau Life Insurance Company,ATTAINED_AGE,151.2,151.2,,,,,860-403-5000,https://www.nsre.com/,"One American Row, Hartford, CT  06103"
NC,28202,G,MALE,Old Surety Life Insurance Company,ISSUE_AGE,162.85,162.85,,,,,800-272-5466,http://www.oldsurety.com/,"5201 N Lincoln Blvd, Oklahoma City, OK 73105"
NC,28202,G,MALE,Atlantic Capital Life Assurance Company (Standard),ATTAINED_AGE,164.56,164.56,,,153.04,153.04,866-458-1430,https://bankersfidelity.com/,"4370 Peachtree Road, NE Atlanta, GA  30319"
NC,28202,G,MALE,Lumos Insurance,ATTAINED_AGE,165.54,165.54,,,153.95,153.95,800-752-8328,https://www.lumosinsurance.com/life-health,"2701 North Main Street, Crossville, TN 38555"
NC,28202,G,MALE,Insurance Company of North America,ATTAINED_AGE,166.75,166.75,,,155.08,155.08,215-640-1000,https://www.chubb.com/microsites/ace-medicare-supplement.html,436 Walnut Street
NC,28202,G,MALE,Globe Life and Accident Insurance Company,ATTAINED_AGE,168,168,,,156.24,156.24,888-678-3403,https://www.globelifeinsurance.com/globecaremedsupp,"3700 S. Stonebridge Drive McKinney, TX 75070"
NC,28202,G,MALE,LifeShield National Insurance Company,ATTAINED_AGE,170.56,170.56,,,158.62,158.62,800-851-5041,https://www.lifeshieldnational.com/,"5500 N Western Avenue, Suite 200, Oklahoma City, OK 73118"
NC,28202,G,MALE,AFLAC,ATTAINED_AGE,171.79,171.79,,,154.61,154.61,866-990-2668,https://www.aflac.com/individuals,"Aflac Tier One, PO Box 14863, Lexington, KY 40512-4863"
NC,28202,G,MALE,HealthSpring Insurance Company,ATTAINED_AGE,171.92,171.92,,,,,877-607-6002,https://www.cigna.com/medicare/shop-plans/supplemental/,"PO Box 5700, Scranton PA 18505-5700"
NC,28202,G,MALE,WoodmenLife,ATTAINED_AGE,175.57,175.57,,,158.01,158.01,1-866-236-0029,https://www.woodmenlife.org/insurance/medicare-supplement-insurance/,"1700 Farnam Street, Omaha, NE 68102"
NC,28202,G,MALE,Erie Family Life Insurance Company,ATTAINED_AGE,177.95,177.95,163.71,163.71,163.71,163.71,800-458-0811,https://www.erieinsurance.com/medicare-supplement,"100 Erie Insurance Place Erie, PA  16530"
NC,28202,G,MALE,American Benefit Life Insurance Company,ATTAINED_AGE,178.74,178.74,,,160.87,160.87,833-504-0331,https://lbig.com/,"1605 LBJ Freeway, Suite 700 Dallas, Texas 75234"
NC,28202,G,MALE,Medico Insurance Company (Preferred),ATTAINED_AGE,180.33,180.33,,,158.69,158.69,800-228-6080,https://www.gomedico.com/,"P.O. Box 10386 Des Moines, IA 50306-0386"
NC,28202,G,MALE,State Farm Mutual Automobile Insurance Company,ATTAINED_AGE,181.22,181.22,,,,,800-782-8332,https://www.statefarm.com/insurance/health/medicare-supplemental,"One State Farm Plaza, Bloomington, IL 61710"
NC,28202,G,MALE,Bankers Life (Underwritten by Washington National Insurance Company),ATTAINED_AGE,181.49,181.49,,,,,800-446-5018,https://www.bankerslife.com/medicare-supplement-insurance/?src=medicaregov&medium=listing,"11299 Illinois Street, Suite 200, Carmel, IN 46032"
NC,28202,G,MALE,USAA Life Insurance Company,ATTAINED_AGE,184.28,184.28,,,,,800-531-8722,https://www.usaa.com/inet/wc/insurance-health-medicare,"9800 Fredericksburg Rd. San Antonio, TX 78288"
NC,28202,G,MALE,AARP - UnitedHealthcare Insurance Company (Standard),COMMUNITY_RATED,186.79,186.79,165.12,165.12,,,888-378-0849,https://www.aarpmedicaresupplement.com/,PO Box 9003; Huntingdon Valley PA 19006
NC,28202,G,MALE,"Humana (Humana Benefit Plan of Illinois, Inc.)",ATTAINED_AGE,189.42,189.42,,,166.45,166.45,877-426-1269,https://www.humana.com/medicare/medicare-supplement-plans?kc=0321046030,"P.O. Box 14611 Lexington, KY 40512-4611"
NC,28202,G,MALE,New Era Life Insurance Company of the Midwest,ATTAINED_AGE,190.09,190.09,178.68,178.68,178.68,178.68,877-417-7555,http://www.neweralife.com/,"P.O. Box 4884, Houston, TX 77210-4884"
NC,28202,G,MALE,Medico Insurance Company (Standard I),ATTAINED_AGE,198.37,198.37,,,174.57,174.57,800-228-6080,https://www.gomedico.com/,"P.O. Box 10386 Des Moines, IA 50306-0386"
NC,28202,G,MALE,AARP - UnitedHealthcare Insurance Company of America (Standard),COMMUNITY_RATED,204.57,204.57,173.28,173.28,183.71,183.71,888-378-0849,https://www.aarpmedicaresupplement.com/,PO Box 9003; Huntingdon Valley PA 19006
NC,28202,G,MALE,BlueCross BlueShield of North Carolina,ATTAINED_AGE,205.5,205.5,,,,,800-478-0583,https://www.bluecrossnc.com/,"PO Box 2291 Durham, NC  27702-2291"
NC,28202,G,MALE,Aetna Health Insurance Company,ATTAINED_AGE,208.25,208.25,193.67,193.67,193.67,193.67,800-358-8749 ,https://www.aetnamedicare.com/,"PO Box 14088 Lexington, KY 40513"
NC,28202,G,MALE,Mutual of Omaha (Omaha Insurance Company),ATTAINED_AGE,212.34,212.34,,,186.86,186.86,855-977-6312,https://www.mutualofomaha.com/medicaregov/,"3300 Mutual of Omaha Plaza, Omaha, NE 68175"
NC,28202,G,MALE,Heartland National Life Insurance Company,ATTAINED_AGE,217.98,217.98,,,202.72,202.72,866-916-7971,http://www.heartlandnational.net/medicare.php,"P.O. Box 2878 Salt Lake City , UT 84110-2878"
NC,28202,G,MALE,Humana Achieve (CompBenefits Insurance Company),ATTAINED_AGE,221.35,221.35,,,194.55,194.55,888-602-7443,https://www.humana.com/medicare/medicare-supplement-plans?kc=0321046030,"P.O. Box 14611 Lexington, KY 40512-4614"
NC,28202,G,MALE,Bankers Life (Underwritten by Washington National Insurance Company) (Substandard),ATTAINED_AGE,224.06,224.06,,,,,800-446-5018,https://www.bankerslife.com/medicare-supplement-insurance/?src=medicaregov&medium=listing,"11299 Illinois Street, Suite 200, Carmel, IN 46032"
NC,28202,G,MALE,Medico Insurance Company (Standard II),ATTAINED_AGE,225.41,225.41,,,198.36,198.36,800-228-6080,https://www.gomedico.com/,"P.O. Box 10386 Des Moines, IA 50306-0386"
NC,28202,G,MALE,"Physicians Mutual Insurance Company, Inc.",ATTAINED_AGE,231.45,231.45,,,205.73,205.73,800-325-6300,https://www.physiciansmutual.com/cs/products/medsup/medsup.html,"2600 Dodge Street, Omaha, Nebraska 68131"
NC,28202,G,MALE,HealthSpring Insurance Company (Standard II),ATTAINED_AGE,257.89,257.89,,,,,877-607-6002,https://www.cigna.com/medicare/shop-plans/supplemental/,"PO Box 5700, Scranton PA 18505-5700"
NC,28202,G,MALE,GPM Health and Life Insurance Company,ATTAINED_AGE,312.66,312.66,,,290.77,290.77,866-242-7573,https://www.gpmhealthandlife.com/wps/portal/home/products/medicare-supplement,"2211 N.E. Loop 410 San Antonio, TX 78217-4630"
NC,28202,G,MALE,AARP - UnitedHealthcare Insurance Company (Level 2),COMMUNITY_RATED,318.95,318.95,282.11,282.11,,,888-378-0849,https://www.aarpmedicaresupplement.com/,PO Box 9003; Huntingdon Valley PA 19006
NC,28202,G,MALE,United American Insurance Company,ATTAINED_AGE,324,324,,,,,800-331-2512,https://www2.unitedamerican.com/,"3700 S Stonebridge Dr, McKinney, TX 75070"
NC,28202,G,MALE,Guarantee Trust Life Insurance Company,ATTAINED_AGE,353.03,353.03,,,328.32,328.32,800-338-7452,https://www.gtlic.com/,"1275 Milwaukee Avenue Glenview, IL 60025"
NC,28202,G,MALE,AARP - UnitedHealthcare Insurance Company of America (Level 2),COMMUNITY_RATED,569.58,569.58,483.54,483.54,512.22,512.22,888-378-0849,https://www.aarpmedicaresupplement.com/,PO Box 9003; Huntingdon Valley PA 19006
NC,28202,G,FEMALE,Atlantic Capital Life Assurance Company (Preferred),ATTAINED_AGE,114.97,114.97,,,106.92,106.92,866-458-1430,https://bankersfidelity.com/,"4370 Peachtree Road, NE Atlanta, GA  30319"
NC,28202,G,FEMALE,Nassau Life Insurance Company,ATTAINED_AGE,131.54,131.54,,,,,860-403-5000,https://www.nsre.com/,"One American Row, Hartford, CT  06103"
NC,28202,G,FEMALE,"Physicians Mutual Insurance Company, Inc. (Innovative)",ATTAINED_AGE,133.71,133.71,,,118.85,118.85,800-325-6300,https://www.physiciansmutual.com/cs/products/medsup/medsup.html,"2600 Dodge Street, Omaha, Nebraska 68131"
NC,28202,G,FEMALE,Old Surety Life Insurance Company,ISSUE_AGE,141.61,141.61,,,,,800-272-5466,http://www.oldsurety.com/,"5201 N Lincoln Blvd, Oklahoma City, OK 73105"
NC,28202,G,FEMALE,Atlantic Capital Life Assurance Company (Standard),ATTAINED_AGE,143.35,143.35,,,133.32,133.32,866-458-1430,https://bankersfidelity.com/,"4370 Peachtree Road, NE Atlanta, GA  30319"
NC,28202,G,FEMALE,Insurance Company of North America,ATTAINED_AGE,147.67,147.67,,,137.33,137.33,215-640-1000,https://www.chubb.com/microsites/ace-medicare-supplement.html,436 Walnut Street
NC,28202,G,FEMALE,LifeShield National Insurance Company,ATTAINED_AGE,148.31,148.31,,,137.93,137.93,800-851-5041,https://www.lifeshieldnational.com/,"5500 N Western Avenue, Suite 200, Oklahoma City, OK 73118"
NC,28202,G,FEMALE,HealthSpring Insurance Company,ATTAINED_AGE,149.5,149.5,,,,,877-607-6002,https://www.cigna.com/medicare/shop-plans/supplemental/,"PO Box 5700, Scranton PA 18505-5700"
NC,28202,G,FEMALE,AFLAC,ATTAINED_AGE,149.97,149.97,,,134.97,134.97,866-990-2668,https://www.aflac.com/individuals,"Aflac Tier One, PO Box 14863, Lexington, KY 40512-4863"
NC,28202,G,FEMALE,Lumos Insurance,ATTAINED_AGE,150.5,150.5,,,139.96,139.96,800-752-8328,https://www.lumosinsurance.com/life-health,"2701 North Main Street, Crossville, TN 38555"
NC,28202,G,FEMALE,WoodmenLife,ATTAINED_AGE,152.66,152.66,,,137.39,137.39,1-866-236-0029,https://www.woodmenlife.org/insurance/medicare-supplement-insurance/,"1700 Farnam Street, Omaha, NE 68102"
NC,28202,G,FEMALE,Erie Family Life Insurance Company,ATTAINED_AGE,154.71,154.71,142.33,142.33,,,800-458-0811,https://www.erieinsurance.com/medicare-supplement,"100 Erie Insurance Place Erie, PA  16530"
NC,28202,G,FEMALE,American Benefit Life Insurance Company,ATTAINED_AGE,155.43,155.43,,,139.89,139.89,833-504-0331,https://lbig.com/,"1605 LBJ Freeway, Suite 700 Dallas, Texas 75234"
NC,28202,G,FEMALE,Globe Life and Accident Insurance Company,ATTAINED_AGE,156,156,,,145.08,145.08,888-678-3403,https://www.globelifeinsurance.com/globecaremedsupp,"3700 S. Stonebridge Drive McKinney, TX 75070"
NC,28202,G,FEMALE,Medico Insurance Company (Preferred),ATTAINED_AGE,156.81,156.81,,,137.99,137.99,800-228-6080,https://www.gomedico.com/,"P.O. Box 10386 Des Moines, IA 50306-0386"
NC,28202,G,FEMALE,Bankers Life (Underwritten by Washington National Insurance Company),ATTAINED_AGE,163.34,163.34,,,,,800-446-5018,https://www.bankerslife.com/medicare-supplement-insurance/?src=medicaregov&medium=listing,"11299 Illinois Street, Suite 200, Carmel, IN 46032"
NC,28202,G,FEMALE,AARP - UnitedHealthcare Insurance Company (Standard),COMMUNITY_RATED,165.44,165.44,146.22,146.22,,,888-378-0849,https://www.aarpmedicaresupplement.com/,PO Box 9003; Huntingdon Valley PA 19006
NC,28202,G,FEMALE,"Humana (Humana Benefit Plan of Illinois, Inc.)",ATTAINED_AGE,167.63,167.63,,,147.27,147.27,877-426-1269,https://www.humana.com/medicare/medicare-supplement-plans?kc=0321046030,"P.O. Box 14611 Lexington, KY 40512-4611"
NC,28202,G,FEMALE,Medico Insurance Company (Standard I),ATTAINED_AGE,172.49,172.49,,,151.79,151.79,800-228-6080,https://www.gomedico.com/,"P.O. Box 10386 Des Moines, IA 50306-0386"
NC,28202,G,FEMALE,New Era Life Insurance Company of the Midwest,ATTAINED_AGE,172.8,172.8,162.43,162.43,,,877-417-7555,http://www.neweralife.com/,"P.O. Box 4884, Houston, TX 77210-4884"
NC,28202,G,FEMALE,State Farm Mutual Automobile Insurance Company,ATTAINED_AGE,177.14,177.14,,,,,800-782-8332,https://www.statefarm.com/insurance/health/medicare-supplemental,"One State Farm Plaza, Bloomington, IL 61710"
NC,28202,G,FEMALE,BlueCross BlueShield of North Carolina,ATTAINED_AGE,179.5,179.5,,,,,800-478-0583,https://www.bluecrossnc.com/,"PO Box 2291 Durham, NC  27702-2291"
NC,28202,G,FEMALE,AARP - UnitedHealthcare Insurance Company of America (Standard),COMMUNITY_RATED,180.95,180.95,153.2,153.2,162.45,162.45,888-378-0849,https://www.aarpmedicaresupplement.com/,PO Box 9003; Huntingdon Valley PA 19006
NC,28202,G,FEMALE,Aetna Health Insurance Company,ATTAINED_AGE,181.01,181.01,168.34,168.34,,,800-358-8749 ,https://www.aetnamedicare.com/,"PO Box 14088 Lexington, KY 40513"
NC,28202,G,FEMALE,USAA Life Insurance Company,ATTAINED_AGE,184.28,184.28,,,,,800-531-8722,https://www.usaa.com/inet/wc/insurance-health-medicare,"9800 Fredericksburg Rd. San Antonio, TX 78288"
NC,28202,G,FEMALE,Mutual of Omaha (Omaha Insurance Company),ATTAINED_AGE,184.64,184.64,,,162.48,162.48,855-977-6312,https://www.mutualofomaha.com/medicaregov/,"3300 Mutual of Omaha Plaza, Omaha, NE 68175"
NC,28202,G,FEMALE,Heartland National Life Insurance Company,ATTAINED_AGE,189.55,189.55,,,176.28,176.28,866-916-7971,http://www.heartlandnational.net/medicare.php,"P.O. Box 2878 Salt Lake City , UT 84110-2878"
NC,28202,G,FEMALE,Humana Achieve (CompBenefits Insurance Company),ATTAINED_AGE,192.48,192.48,,,169.14,169.14,888-602-7443,https://www.humana.com/medicare/medicare-supplement-plans?kc=0321046030,"P.O. Box 14611 Lexington, KY 40512-4614"
NC,28202,G,FEMALE,Medico Insurance Company (Standard II),ATTAINED_AGE,196.01,196.01,,,172.49,172.49,800-228-6080,https://www.gomedico.com/,"P.O. Box 10386 Des Moines, IA 50306-0386"
NC,28202,G,FEMALE,Bankers Life (Underwritten by Washington National Insurance Company) (Substandard),ATTAINED_AGE,201.65,201.65,,,,,800-446-5018,https://www.bankerslife.com/medicare-supplement-insurance/?src=medicaregov&medium=listing,"11299 Illinois Street, Suite 200, Carmel, IN 46032"
NC,28202,G,FEMALE,"Physicians Mutual Insurance Company, Inc.",ATTAINED_AGE,209.4,209.4,,,186.13,186.13,800-325-6300,https://www.physiciansmutual.com/cs/products/medsup/medsup.html,"2600 Dodge Street, Omaha, Nebraska 68131"
NC,28202,G,FEMALE,HealthSpring Insurance Company (Standard II),ATTAINED_AGE,224.25,224.25,,,,,877-607-6002,https://www.cigna.com/medicare/shop-plans/supplemental/,"PO Box 5700, Scranton PA 18505-5700"
NC,28202,G,FEMALE,GPM Health and Life Insurance Company,ATTAINED_AGE,271.87,271.87,,,252.84,252.84,866-242-7573,https://www.gpmhealthandlife.com/wps/portal/home/products/medicare-supplement,"2211 N.E. Loop 410 San Antonio, TX 78217-4630"
NC,28202,G,FEMALE,United American Insurance Company,ATTAINED_AGE,281,281,,,,,800-331-2512,https://www2.unitedamerican.com/,"3700 S Stonebridge Dr, McKinney, TX 75070"
NC,28202,G,FEMALE,AARP - UnitedHealthcare Insurance Company (Level 2),COMMUNITY_RATED,282.65,282.65,249.98,249.98,,,888-378-0849,https://www.aarpmedicaresupplement.com/,PO Box 9003; Huntingdon Valley PA 19006
NC,28202,G,FEMALE,Guarantee Trust Life Insurance Company,ATTAINED_AGE,315.2,315.2,,,293.14,293.14,800-338-7452,https://www.gtlic.com/,"1275 Milwaukee Avenue Glenview, IL 60025"
NC,28202,G,FEMALE,AARP - UnitedHealthcare Insurance Company of America (Level 2),COMMUNITY_RATED,504.63,504.63,428.33,428.33,453.76,453.76,888-378-0849,https://www.aarpmedicaresupplement.com/,PO Box 9003; Huntingdon Valley PA 19006
NC,28202,N,MALE,Atlantic Capital Life Assurance Company (Preferred),ATTAINED_AGE,101.7,101.7,,,94.58,94.58,866-458-1430,https://bankersfidelity.com/,"4370 Peachtree Road, NE Atlanta, GA  30319"
NC,28202,N,MALE,Bankers Life (Underwritten by Washington National Insurance Company),ATTAINED_AGE,105.76,105.76,,,,,800-446-5018,https://www.bankerslife.com/medicare-supplement-insurance/?src=medicaregov&medium=listing,"11299 Illinois Street, Suite 200, Carmel, IN 46032"
NC,28202,N,MALE,Insurance Company of North America,ATTAINED_AGE,110.33,110.33,,,102.61,102.61,215-640-1000,https://www.chubb.com/microsites/ace-medicare-supplement.html,436 Walnut Street
NC,28202,N,MALE,AFLAC,ATTAINED_AGE,111.32,111.32,,,100.19,100.19,866-990-2668,https://www.aflac.com/individuals,"Aflac Tier One, PO Box 14863, Lexington, KY 40512-4863"
NC,28202,N,MALE,Nassau Life Insurance Company,ATTAINED_AGE,112.31,112.31,,,,,860-403-5000,https://www.nsre.com/,"One American Row, Hartford, CT  06103"
NC,28202,N,MALE,Humana Achieve (CompBenefits Insurance Company),ATTAINED_AGE,113.66,113.66,,,99.78,99.78,888-602-7443,https://www.humana.com/medicare/medicare-supplement-plans?kc=0321046030,"P.O. Box 14611 Lexington, KY 40512-4614"
NC,28202,N,MALE,Lumos Insurance,ATTAINED_AGE,117.32,117.32,,,109.11,109.11,800-752-8328,https://www.lumosinsurance.com/life-health,"2701 North Main Street, Crossville, TN 38555"
NC,28202,N,MALE,HealthSpring Insurance Company,ATTAINED_AGE,125.5,125.5,,,,,877-607-6002,https://www.cigna.com/medicare/shop-plans/supplemental/,"PO Box 5700, Scranton PA 18505-5700"
NC,28202,N,MALE,Atlantic Capital Life Assurance Company (Standard),ATTAINED_AGE,126.77,126.77,,,117.9,117.9,866-458-1430,https://bankersfidelity.com/,"4370 Peachtree Road, NE Atlanta, GA  30319"
NC,28202,N,MALE,WoodmenLife,ATTAINED_AGE,127,127,,,114.3,114.3,1-866-236-0029,https://www.woodmenlife.org/insurance/medicare-supplement-insurance/,"1700 Farnam Street, Omaha, NE 68102"
NC,28202,N,MALE,LifeShield National Insurance Company,ATTAINED_AGE,127.41,127.41,,,118.49,118.49,800-851-5041,https://www.lifeshieldnational.com/,"5500 N Western Avenue, Suite 200, Oklahoma City, OK 73118"
NC,28202,N,MALE,Bankers Life (Underwritten by Washington National Insurance Company) (Substandard),ATTAINED_AGE,130.57,130.57,,,,,800-446-5018,https://www.bankerslife.com/medicare-supplement-insurance/?src=medicaregov&medium=listing,"11299 Illinois Street, Suite 200, Carmel, IN 46032"
NC,28202,N,MALE,Medico Insurance Company (Preferred),ATTAINED_AGE,132.38,132.38,,,116.49,116.49,800-228-6080,https://www.gomedico.com/,"P.O. Box 10386 Des Moines, IA 50306-0386"
NC,28202,N,MALE,"Humana (Humana Benefit Plan of Illinois, Inc.)",ATTAINED_AGE,134.39,134.39,,,118.02,118.02,877-426-1269,https://www.humana.com/medicare/medicare-supplement-plans?kc=0321046030,"P.O. Box 14611 Lexington, KY 40512-4611"
NC,28202,N,MALE,American Benefit Life Insurance Company,ATTAINED_AGE,135.13,135.13,,,121.62,121.62,833-504-0331,https://lbig.com/,"1605 LBJ Freeway, Suite 700 Dallas, Texas 75234"
NC,28202,N,MALE,Mutual of Omaha (Omaha Insurance Company),ATTAINED_AGE,136.76,136.76,,,120.35,120.35,855-977-6312,https://www.mutualofomaha.com/medicaregov/,"3300 Mutual of Omaha Plaza, Omaha, NE 68175"
NC,28202,N,MALE,State Farm Mutual Automobile Insurance Company,ATTAINED_AGE,140.17,140.17,,,,,800-782-8332,https://www.statefarm.com/insurance/health/medicare-supplemental,"One State Farm Plaza, Bloomington, IL 61710"
NC,28202,N,MALE,Aetna Health Insurance Company,ATTAINED_AGE,143.36,143.36,133.32,133.32,133.32,133.32,800-358-8749 ,https://www.aetnamedicare.com/,"PO Box 14088 Lexington, KY 40513"
NC,28202,N,MALE,New Era Life Insurance Company of the Midwest,ATTAINED_AGE,143.45,143.45,134.84,134.84,134.84,134.84,877-417-7555,http://www.neweralife.com/,"P.O. Box 4884, Houston, TX 77210-4884"
NC,28202,N,MALE,USAA Life Insurance Company,ATTAINED_AGE,144.33,144.33,,,,,800-531-8722,https://www.usaa.com/inet/wc/insurance-health-medicare,"9800 Fredericksburg Rd. San Antonio, TX 78288"
NC,28202,N,MALE,Globe Life and Accident Insurance Company,ATTAINED_AGE,145,145,,,134.85,134.85,888-678-3403,https://www.globelifeinsurance.com/globecaremedsupp,"3700 S. Stonebridge Drive McKinney, TX 75070"
NC,28202,N,MALE,Medico Insurance Company (Standard I),ATTAINED_AGE,145.62,145.62,,,128.15,128.15,800-228-6080,https://www.gomedico.com/,"P.O. Box 10386 Des Moines, IA 50306-0386"
NC,28202,N,MALE,GPM Health and Life Insurance Company,ATTAINED_AGE,147.66,147.66,,,137.32,137.32,866-242-7573,https://www.gpmhealthandlife.com/wps/portal/home/products/medicare-supplement,"2211 N.E. Loop 410 San Antonio, TX 78217-4630"
NC,28202,N,MALE,Erie Family Life Insurance Company,ATTAINED_AGE,147.68,147.68,135.87,135.87,135.87,135.87,800-458-0811,https://www.erieinsurance.com/medicare-supplement,"100 Erie Insurance Place Erie, PA  16530"
NC,28202,N,MALE,AARP - UnitedHealthcare Insurance Company of America (Standard),COMMUNITY_RATED,148.02,148.02,125.21,125.21,132.81,132.81,888-378-0849,https://www.aarpmedicaresupplement.com/,PO Box 9003; Huntingdon Valley PA 19006
NC,28202,N,MALE,Medico Insurance Company (Standard II),ATTAINED_AGE,165.48,165.48,,,145.62,145.62,800-228-6080,https://www.gomedico.com/,"P.O. Box 10386 Des Moines, IA 50306-0386"
NC,28202,N,MALE,Heartland National Life Insurance Company,ATTAINED_AGE,171.53,171.53,,,159.52,159.52,866-916-7971,http://www.heartlandnational.net/medicare.php,"P.O. Box 2878 Salt Lake City , UT 84110-2878"
NC,28202,N,MALE,BlueCross BlueShield of North Carolina,ATTAINED_AGE,172.75,172.75,,,,,800-478-0583,https://www.bluecrossnc.com/,"PO Box 2291 Durham, NC  27702-2291"
NC,28202,N,MALE,AARP - UnitedHealthcare Insurance Company (Standard),COMMUNITY_RATED,176.73,176.73,156.22,156.22,,,888-378-0849,https://www.aarpmedicaresupplement.com/,PO Box 9003; Huntingdon Valley PA 19006
NC,28202,N,MALE,HealthSpring Insurance Company (Standard II),ATTAINED_AGE,188.24,188.24,,,,,877-607-6002,https://www.cigna.com/medicare/shop-plans/supplemental/,"PO Box 5700, Scranton PA 18505-5700"
NC,28202,N,MALE,"Physicians Mutual Insurance Company, Inc.",ATTAINED_AGE,214.51,214.51,,,190.68,190.68,800-325-6300,https://www.physiciansmutual.com/cs/products/medsup/medsup.html,"2600 Dodge Street, Omaha, Nebraska 68131"
NC,28202,N,MALE,Guarantee Trust Life Insurance Company,ATTAINED_AGE,228.33,228.33,,,212.35,212.35,800-338-7452,https://www.gtlic.com/,"1275 Milwaukee Avenue Glenview, IL 60025"
NC,28202,N,MALE,AARP - UnitedHealthcare Insurance Company (Level 2),COMMUNITY_RATED,301.84,301.84,266.97,266.97,,,888-378-0849,https://www.aarpmedicaresupplement.com/,PO Box 9003; Huntingdon Valley PA 19006
NC,28202,N,MALE,United American Insurance Company,ATTAINED_AGE,328,328,,,,,800-331-2512,https://www2.unitedamerican.com/,"3700 S Stonebridge Dr, McKinney, TX 75070"
NC,28202,N,MALE,AARP - UnitedHealthcare Insurance Company of America (Level 2),COMMUNITY_RATED,493.1,493.1,418.53,418.53,443.39,443.39,888-378-0849,https://www.aarpmedicaresupplement.com/,PO Box 9003; Huntingdon Valley PA 19006
NC,28202,N,FEMALE,Atlantic Capital Life Assurance Company (Preferred),ATTAINED_AGE,88.67,88.67,,,82.46,82.46,866-458-1430,https://bankersfidelity.com/,"4370 Peachtree Road, NE Atlanta, GA  30319"
NC,28202,N,FEMALE,Bankers Life (Underwritten by Washington National Insurance Company),ATTAINED_AGE,95.18,95.18,,,,,800-446-5018,https://www.bankerslife.com/medicare-supplement-insurance/?src=medicaregov&medium=listing,"11299 Illinois Street, Suite 200, Carmel, IN 46032"
NC,28202,N,FEMALE,AFLAC,ATTAINED_AGE,97.18,97.18,,,87.46,87.46,866-990-2668,https://www.aflac.com/individuals,"Aflac Tier One, PO Box 14863, Lexington, KY 40512-4863"
NC,28202,N,FEMALE,Insurance Company of North America,ATTAINED_AGE,97.5,97.5,,,90.68,90.68,215-640-1000,https://www.chubb.com/microsites/ace-medicare-supplement.html,436 Walnut Street
NC,28202,N,FEMALE,Nassau Life Insurance Company,ATTAINED_AGE,97.71,97.71,,,,,860-403-5000,https://www.nsre.com/,"One American Row, Hartford, CT  06103"
NC,28202,N,FEMALE,Humana Achieve (CompBenefits Insurance Company),ATTAINED_AGE,98.83,98.83,,,86.73,86.73,888-602-7443,https://www.humana.com/medicare/medicare-supplement-plans?kc=0321046030,"P.O. Box 14611 Lexington, KY 40512-4614"
NC,28202,N,FEMALE,Lumos Insurance,ATTAINED_AGE,106.72,106.72,,,99.25,99.25,800-752-8328,https://www.lumosinsurance.com/life-health,"2701 North Main Street, Crossville, TN 38555"
NC,28202,N,FEMALE,HealthSpring Insurance Company,ATTAINED_AGE,109.13,109.13,,,,,877-607-6002,https://www.cigna.com/medicare/shop-plans/supplemental/,"PO Box 5700, Scranton PA 18505-5700"
NC,28202,N,FEMALE,WoodmenLife,ATTAINED_AGE,110.44,110.44,,,99.4,99.4,1-866-236-0029,https://www.woodmenlife.org/insurance/medicare-supplement-insurance/,"1700 Farnam Street, Omaha, NE 68102"
NC,28202,N,FEMALE,Atlantic Capital Life Assurance Company (Standard),ATTAINED_AGE,110.48,110.48,,,102.75,102.75,866-458-1430,https://bankersfidelity.com/,"4370 Peachtree Road, NE Atlanta, GA  30319"
NC,28202,N,FEMALE,LifeShield National Insurance Company,ATTAINED_AGE,110.79,110.79,,,103.03,103.03,800-851-5041,https://www.lifeshieldnational.com/,"5500 N Western Avenue, Suite 200, Oklahoma City, OK 73118"
NC,28202,N,FEMALE,Medico Insurance Company (Preferred),ATTAINED_AGE,115.12,115.12,,,101.31,101.31,800-228-6080,https://www.gomedico.com/,"P.O. Box 10386 Des Moines, IA 50306-0386"
NC,28202,N,FEMALE,Bankers Life (Underwritten by Washington National Insurance Company) (Substandard),ATTAINED_AGE,117.5,117.5,,,,,800-446-5018,https://www.bankerslife.com/medicare-supplement-insurance/?src=medicaregov&medium=listing,"11299 Illinois Street, Suite 200, Carmel, IN 46032"
NC,28202,N,FEMALE,American Benefit Life Insurance Company,ATTAINED_AGE,117.51,117.51,,,105.76,105.76,833-504-0331,https://lbig.com/,"1605 LBJ Freeway, Suite 700 Dallas, Texas 75234"
NC,28202,N,FEMALE,"Humana (Humana Benefit Plan of Illinois, Inc.)",ATTAINED_AGE,118.93,118.93,,,104.42,104.42,877-426-1269,https://www.humana.com/medicare/medicare-supplement-plans?kc=0321046030,"P.O. Box 14611 Lexington, KY 40512-4611"
NC,28202,N,FEMALE,Mutual of Omaha (Omaha Insurance Company),ATTAINED_AGE,118.93,118.93,,,104.66,104.66,855-977-6312,https://www.mutualofomaha.com/medicaregov/,"3300 Mutual of Omaha Plaza, Omaha, NE 68175"
NC,28202,N,FEMALE,Aetna Health Insurance Company,ATTAINED_AGE,124.53,124.53,115.81,115.81,,,800-358-8749 ,https://www.aetnamedicare.com/,"PO Box 14088 Lexington, KY 40513"
NC,28202,N,FEMALE,Medico Insurance Company (Standard I),ATTAINED_AGE,126.63,126.63,,,111.43,111.43,800-228-6080,https://www.gomedico.com/,"P.O. Box 10386 Des Moines, IA 50306-0386"
NC,28202,N,FEMALE,New Era Life Insurance Company of the Midwest,ATTAINED_AGE,126.95,126.95,119.33,119.33,,,877-417-7555,http://www.neweralife.com/,"P.O. Box 4884, Houston, TX 77210-4884"
NC,28202,N,FEMALE,GPM Health and Life Insurance Company,ATTAINED_AGE,128.39,128.39,,,119.4,119.4,866-242-7573,https://www.gpmhealthandlife.com/wps/portal/home/products/medicare-supplement,"2211 N.E. Loop 410 San Antonio, TX 78217-4630"
NC,28202,N,FEMALE,Erie Family Life Insurance Company,ATTAINED_AGE,128.4,128.4,118.13,118.13,,,800-458-0811,https://www.erieinsurance.com/medicare-supplement,"100 Erie Insurance Place Erie, PA  16530"
NC,28202,N,FEMALE,AARP - UnitedHealthcare Insurance Company of America (Standard),COMMUNITY_RATED,130.81,130.81,110.58,110.58,117.32,117.32,888-378-0849,https://www.aarpmedicaresupplement.com/,PO Box 9003; Huntingdon Valley PA 19006
NC,28202,N,FEMALE,State Farm Mutual Automobile Insurance Company,ATTAINED_AGE,134.39,134.39,,,,,800-782-8332,https://www.statefarm.com/insurance/health/medicare-supplemental,"One State Farm Plaza, Bloomington, IL 61710"
NC,28202,N,FEMALE,Globe Life and Accident Insurance Company,ATTAINED_AGE,135,135,,,125.55,125.55,888-678-3403,https://www.globelifeinsurance.com/globecaremedsupp,"3700 S. Stonebridge Drive McKinney, TX 75070"
NC,28202,N,FEMALE,Medico Insurance Company (Standard II),ATTAINED_AGE,143.9,143.9,,,126.63,126.63,800-228-6080,https://www.gomedico.com/,"P.O. Box 10386 Des Moines, IA 50306-0386"
NC,28202,N,FEMALE,USAA Life Insurance Company,ATTAINED_AGE,144.33,144.33,,,,,800-531-8722,https://www.usaa.com/inet/wc/insurance-health-medicare,"9800 Fredericksburg Rd. San Antonio, TX 78288"
NC,28202,N,FEMALE,Heartland National Life Insurance Company,ATTAINED_AGE,149.16,149.16,,,138.72,138.72,866-916-7971,http://www.heartlandnational.net/medicare.php,"P.O. Box 2878 Salt Lake City , UT 84110-2878"
NC,28202,N,FEMALE,BlueCross BlueShield of North Carolina,ATTAINED_AGE,150.75,150.75,,,,,800-478-0583,https://www.bluecrossnc.com/,"PO Box 2291 Durham, NC  27702-2291"
NC,28202,N,FEMALE,AARP - UnitedHealthcare Insurance Company (Standard),COMMUNITY_RATED,156.6,156.6,138.4,138.4,,,888-378-0849,https://www.aarpmedicaresupplement.com/,PO Box 9003; Huntingdon Valley PA 19006
NC,28202,N,FEMALE,HealthSpring Insurance Company (Standard II),ATTAINED_AGE,163.69,163.69,,,,,877-607-6002,https://www.cigna.com/medicare/shop-plans/supplemental/,"PO Box 5700, Scranton PA 18505-5700"
NC,28202,N,FEMALE,"Physicians Mutual Insurance Company, Inc.",ATTAINED_AGE,194.08,194.08,,,172.52,172.52,800-325-6300,https://www.physiciansmutual.com/cs/products/medsup/medsup.html,"2600 Dodge Street, Omaha, Nebraska 68131"
NC,28202,N,FEMALE,Guarantee Trust Life Insurance Company,ATTAINED_AGE,203.86,203.86,,,189.59,189.59,800-338-7452,https://www.gtlic.com/,"1275 Milwaukee Avenue Glenview, IL 60025"
NC,28202,N,FEMALE,AARP - UnitedHealthcare Insurance Company (Level 2),COMMUNITY_RATED,267.62,267.62,236.68,236.68,,,888-378-0849,https://www.aarpmedicaresupplement.com/,PO Box 9003; Huntingdon Valley PA 19006
NC,28202,N,FEMALE,United American Insurance Company,ATTAINED_AGE,285,285,,,,,800-331-2512,https://www2.unitedamerican.com/,"3700 S Stonebridge Dr, McKinney, TX 75070"
NC,28202,N,FEMALE,AARP - UnitedHealthcare Insurance Company of America (Level 2),COMMUNITY_RATED,436.82,436.82,370.69,370.69,392.73,392.73,888-378-0849,https://www.aarpmedicaresupplement.com/,PO Box 9003; Huntingdon Valley PA 19006
NC,28401,G,MALE,Atlantic Capital Life Assurance Company (Preferred),ATTAINED_AGE,131.94,131.94,,,122.7,122.7,866-458-1430,https://bankersfidelity.com/,"4370 Peachtree Road, NE Atlanta, GA  30319"
NC,28401,G,MALE,"Physicians Mutual Insurance Company, Inc. (Innovative)",ATTAINED_AGE,147.79,147.79,,,131.37,131.37,800-325-6300,https://www.physiciansmutual.com/cs/products/medsup/medsup.html,"2600 Dodge Street, Omaha, Nebraska 68131"
NC,28401,G,MALE,Nassau Life Insurance Company,ATTAINED_AGE,151.2,151.2,,,,,860-403-5000,https://www.nsre.com/,"One American Row, Hartford, CT  06103"
NC,28401,G,MALE,Old Surety Life Insurance Company,ISSUE_AGE,162.85,162.85,,,,,800-272-5466,http://www.oldsurety.com/,"5201 N Lincoln Blvd, Oklahoma City, OK 73105"
NC,28401,G,MALE,Atlantic Capital Life Assurance Company (Standard),ATTAINED_AGE,164.56,164.56,,,153.04,153.04,866-458-1430,https://bankersfidelity.com/,"4370 Peachtree Road, NE Atlanta, GA  30319"
NC,28401,G,MALE,Lumos Insurance,ATTAINED_AGE,165.54,165.54,,,153.95,153.95,800-752-8328,https://www.lumosinsurance.com/life-health,"2701 North Main Street, Crossville, TN 38555"
NC,28401,G,MALE,Insurance Company of North America,ATTAINED_AGE,166.75,166.75,,,155.08,155.08,215-640-1000,https://www.chubb.com/microsites/ace-medicare-supplement.html,436 Walnut Street
NC,28401,G,MALE,Globe Life and Accident Insurance Company,ATTAINED_AGE,168,168,,,156.24,156.24,888-678-3403,https://www.globelifeinsurance.com/globecaremedsupp,"3700 S. Stonebridge Drive McKinney, TX 75070"
NC,28401,G,MALE,LifeShield National Insurance Company,ATTAINED_AGE,170.56,170.56,,,158.62,158.62,800-851-5041,https://www.lifeshieldnational.com/,"5500 N Western Avenue, Suite 200, Oklahoma City, OK 73118"
NC,28401,G,MALE,HealthSpring Insurance Company,ATTAINED_AGE,171.92,171.92,,,,,877-607-6002,https://www.cigna.com/medicare/shop-plans/supplemental/,"PO Box 5700, Scranton PA 18505-5700"
NC,28401,G,MALE,WoodmenLife,ATTAINED_AGE,175.57,175.57,,,158.01,158.01,1-866-236-0029,https://www.woodmenlife.org/insurance/medicare-supplement-insurance/,"1700 Farnam Street, Omaha, NE 68102"
NC,28401,G,MALE,Erie Family Life Insurance Company,ATTAINED_AGE,177.95,177.95,163.71,163.71,163.71,163.71,800-458-0811,https://www.erieinsurance.com/medicare-supplement,"100 Erie Insurance Place Erie, PA  16530"
NC,28401,G,MALE,American Benefit Life Insurance Company,ATTAINED_AGE,178.74,178.74,,,160.87,160.87,833-504-0331,https://lbig.com/,"1605 LBJ Freeway, Suite 700 Dallas, Texas 75234"
NC,28401,G,MALE,AFLAC,ATTAINED_AGE,179.69,179.69,,,161.72,161.72,866-990-2668,https://www.aflac.com/individuals,"Aflac Tier One, PO Box 14863, Lexington, KY 40512-4863"
NC,28401,G,MALE,Medico Insurance Company (Preferred),ATTAINED_AGE,180.33,180.33,,,158.69,158.69,800-228-6080,https://www.gomedico.com/,"P.O. Box 10386 Des Moines, IA 50306-0386"
NC,28401,G,MALE,State Farm Mutual Automobile Insurance Company,ATTAINED_AGE,181.22,181.22,,,,,800-782-8332,https://www.statefarm.com/insurance/health/medicare-supplemental,"One State Farm Plaza, Bloomington, IL 61710"
NC,28401,G,MALE,Bankers Life (Underwritten by Washington National Insurance Company),ATTAINED_AGE,181.49,181.49,,,,,800-446-5018,https://www.bankerslife.com/medicare-supplement-insurance/?src=medicaregov&medium=listing,"11299 Illinois Street, Suite 200, Carmel, IN 46032"
NC,28401,G,MALE,USAA Life Insurance Company,ATTAINED_AGE,184.28,184.28,,,,,800-531-8722,https://www.usaa.com/inet/wc/insurance-health-medicare,"9800 Fredericksburg Rd. San Antonio, TX 78288"
NC,28401,G,MALE,AARP - UnitedHealthcare Insurance Company (Standard),COMMUNITY_RATED,186.79,186.79,165.12,165.12,,,888-378-0849,https://www.aarpmedicaresupplement.com/,PO Box 9003; Huntingdon Valley PA 19006
NC,28401,G,MALE,"Humana (Humana Benefit Plan of Illinois, Inc.)",ATTAINED_AGE,189.42,189.42,,,166.45,166.45,877-426-1269,https://www.humana.com/medicare/medicare-supplement-plans?kc=0321046030,"P.O. Box 14611 Lexington, KY 40512-4611"
NC,28401,G,MALE,New Era Life Insurance Company of the Midwest,ATTAINED_AGE,190.09,190.09,178.68,178.68,178.68,178.68,877-417-7555,http://www.neweralife.com/,"P.O. Box 4884, Houston, TX 77210-4884"
NC,28401,G,MALE,Medico Insurance Company (Standard I),ATTAINED_AGE,198.37,198.37,,,174.57,174.57,800-228-6080,https://www.gomedico.com/,"P.O. Box 10386 Des Moines, IA 50306-0386"
NC,28401,G,MALE,AARP - UnitedHealthcare Insurance Company of America (Standard),COMMUNITY_RATED,204.57,204.57,173.28,173.28,183.71,183.71,888-378-0849,https://www.aarpmedicaresupplement.com/,PO Box 9003; Huntingdon Valley PA 19006
NC,28401,G,MALE,BlueCross BlueShield of North Carolina,ATTAINED_AGE,205.5,205.5,,,,,800-478-0583,https://www.bluecrossnc.com/,"PO Box 2291 Durham, NC  27702-2291"
NC,28401,G,MALE,Aetna Health Insurance Company,ATTAINED_AGE,208.25,208.25,193.67,193.67,193.67,193.67,800-358-8749 ,https://www.aetnamedicare.com/,"PO Box 14088 Lexington, KY 40513"
NC,28401,G,MALE,Mutual of Omaha (Omaha Insurance Company),ATTAINED_AGE,212.34,212.34,,,186.86,186.86,855-977-6312,https://www.mutualofomaha.com/medicaregov/,"3300 Mutual of Omaha Plaza, Omaha, NE 68175"
NC,28401,G,MALE,Heartland National Life Insurance Company,ATTAINED_AGE,217.98,217.98,,,202.72,202.72,866-916-7971,http://www.heartlandnational.net/medicare.php,"P.O. Box 2878 Salt Lake City , UT 84110-2878"
NC,28401,G,MALE,Humana Achieve (CompBenefits Insurance Company),ATTAINED_AGE,221.35,221.35,,,194.55,194.55,888-602-7443,https://www.humana.com/medicare/medicare-supplement-plans?kc=0321046030,"P.O. Box 14611 Lexington, KY 40512-4614"
NC,28401,G,MALE,Bankers Life (Underwritten by Washington National Insurance Company) (Substandard),ATTAINED_AGE,224.06,224.06,,,,,800-446-5018,https://www.bankerslife.com/medicare-supplement-insurance/?src=medicaregov&medium=listing,"11299 Illinois Street, Suite 200, Carmel, IN 46032"
NC,28401,G,MALE,Medico Insurance Company (Standard II),ATTAINED_AGE,225.41,225.41,,,198.36,198.36,800-228-6080,https://www.gomedico.com/,"P.O. Box 10386 Des Moines, IA 50306-0386"
NC,28401,G,MALE,"Physicians Mutual Insurance Company, Inc.",ATTAINED_AGE,231.45,231.45,,,205.73,205.73,800-325-6300,https://www.physiciansmutual.com/cs/products/medsup/medsup.html,"2600 Dodge Street, Omaha, Nebraska 68131"
NC,28401,G,MALE,HealthSpring Insurance Company (Standard II),ATTAINED_AGE,257.89,257.89,,,,,877-607-6002,https://www.cigna.com/medicare/shop-plans/supplemental/,"PO Box 5700, Scranton PA 18505-5700"
NC,28401,G,MALE,GPM Health and Life Insurance Company,ATTAINED_AGE,312.66,312.66,,,290.77,290.77,866-242-7573,https://www.gpmhealthandlife.com/wps/portal/home/products/medicare-supplement,"2211 N.E. Loop 410 San Antonio, TX 78217-4630"
NC,28401,G,MALE,AARP - UnitedHealthcare Insurance Company (Level 2),COMMUNITY_RATED,318.95,318.95,282.11,282.11,,,888-378-0849,https://www.aarpmedicaresupplement.com/,PO Box 9003; Huntingdon Valley PA 19006
NC,28401,G,MALE,United American Insurance Company,ATTAINED_AGE,324,324,,,,,800-331-2512,https://www2.unitedamerican.com/,"3700 S Stonebridge Dr, McKinney, TX 75070"
NC,28401,G,MALE,Guarantee Trust Life Insurance Company,ATTAINED_AGE,353.03,353.03,,,328.32,328.32,800-338-7452,https://www.gtlic.com/,"1275 Milwaukee Avenue Glenview, IL 60025"
NC,28401,G,MALE,AARP - UnitedHealthcare Insurance Company of America (Level 2),COMMUNITY_RATED,569.58,569.58,483.54,483.54,512.22,512.22,888-378-0849,https://www.aarpmedicaresupplement.com/,PO Box 9003; Huntingdon Valley PA 19006
NC,28401,G,FEMALE,Atlantic Capital Life Assurance Company (Preferred),ATTAINED_AGE,114.97,114.97,,,106.92,106.92,866-458-1430,https://bankersfidelity.com/,"4370 Peachtree Road, NE Atlanta, GA  30319"
NC,28401,G,FEMALE,Nassau Life Insurance Company,ATTAINED_AGE,131.54,131.54,,,,,860-403-5000,https://www.nsre.com/,"One American Row, Hartford, CT  06103"
NC,28401,G,FEMALE,"Physicians Mutual Insurance Company, Inc. (Innovative)",ATTAINED_AGE,133.71,133.71,,,118.85,118.85,800-325-6300,https://www.physiciansmutual.com/cs/products/medsup/medsup.html,"2600 Dodge Street, Omaha, Nebraska 68131"
NC,28401,G,FEMALE,Old Surety Life Insurance Company,ISSUE_AGE,141.61,141.61,,,,,800-272-5466,http://www.oldsurety.com/,"5201 N Lincoln Blvd, Oklahoma City, OK 73105"
NC,28401,G,FEMALE,Atlantic Capital Life Assurance Company (Standard),ATTAINED_AGE,143.35,143.35,,,133.32,133.32,866-458-1430,https://bankersfidelity.com/,"4370 Peachtree Road, NE Atlanta, GA  30319"
NC,28401,G,FEMALE,Insurance Company of North America,ATTAINED_AGE,147.67,147.67,,,137.33,137.33,215-640-1000,https://www.chubb.com/microsites/ace-medicare-supplement.html,436 Walnut Street
NC,28401,G,FEMALE,LifeShield National Insurance Company,ATTAINED_AGE,148.31,148.31,,,137.93,137.93,800-851-5041,https://www.lifeshieldnational.com/,"5500 N Western Avenue, Suite 200, Oklahoma City, OK 73118"
NC,28401,G,FEMALE,HealthSpring Insurance Company,ATTAINED_AGE,149.5,149.5,,,,,877-607-6002,https://www.cigna.com/medicare/shop-plans/supplemental/,"PO Box 5700, Scranton PA 18505-5700"
NC,28401,G,FEMALE,Lumos Insurance,ATTAINED_AGE,150.5,150.5,,,139.96,139.96,800-752-8328,https://www.lumosinsurance.com/life-health,"2701 North Main Street, Crossville, TN 38555"
NC,28401,G,FEMALE,WoodmenLife,ATTAINED_AGE,152.66,152.66,,,137.39,137.39,1-866-236-0029,https://www.woodmenlife.org/insurance/medicare-supplement-insurance/,"1700 Farnam Street, Omaha, NE 68102"
NC,28401,G,FEMALE,Erie Family Life Insurance Company,ATTAINED_AGE,154.71,154.71,142.33,142.33,,,800-458-0811,https://www.erieinsurance.com/medicare-supplement,"100 Erie Insurance Place Erie, PA  16530"
NC,28401,G,FEMALE,American Benefit Life Insurance Company,ATTAINED_AGE,155.43,155.43,,,139.89,139.89,833-504-0331,https://lbig.com/,"1605 LBJ Freeway, Suite 700 Dallas, Texas 75234"
NC,28401,G,FEMALE,Globe Life and Accident Insurance Company,ATTAINED_AGE,156,156,,,145.08,145.08,888-678-3403,https://www.globelifeinsurance.com/globecaremedsupp,"3700 S. Stonebridge Drive McKinney, TX 75070"
NC,28401,G,FEMALE,Medico Insurance Company (Preferred),ATTAINED_AGE,156.81,156.81,,,137.99,137.99,800-228-6080,https://www.gomedico.com/,"P.O. Box 10386 Des Moines, IA 50306-0386"
NC,28401,G,FEMALE,AFLAC,ATTAINED_AGE,156.87,156.87,,,141.18,141.18,866-990-2668,https://www.aflac.com/individuals,"Aflac Tier One, PO Box 14863, Lexington, KY 40512-4863"
NC,28401,G,FEMALE,Bankers Life (Underwritten by Washington National Insurance Company),ATTAINED_AGE,163.34,163.34,,,,,800-446-5018,https://www.bankerslife.com/medicare-supplement-insurance/?src=medicaregov&medium=listing,"11299 Illinois Street, Suite 200, Carmel, IN 46032"
NC,28401,G,FEMALE,AARP - UnitedHealthcare Insurance Company (Standard),COMMUNITY_RATED,165.44,165.44,146.22,146.22,,,888-378-0849,https://www.aarpmedicaresupplement.com/,PO Box 9003; Huntingdon Valley PA 19006
NC,28401,G,FEMALE,"Humana (Humana Benefit Plan of Illinois, Inc.)",ATTAINED_AGE,167.63,167.63,,,147.27,147.27,877-426-1269,https://www.humana.com/medicare/medicare-supplement-plans?kc=0321046030,"P.O. Box 14611 Lexington, KY 40512-4611"
NC,28401,G,FEMALE,Medico Insurance Company (Standard I),ATTAINED_AGE,172.49,172.49,,,151.79,151.79,800-228-6080,https://www.gomedico.com/,"P.O. Box 10386 Des Moines, IA 50306-0386"
NC,28401,G,FEMALE,New Era Life Insurance Company of the Midwest,ATTAINED_AGE,172.8,172.8,162.43,162.43,,,877-417-7555,http://www.neweralife.com/,"P.O. Box 4884, Houston, TX 77210-4884"
NC,28401,G,FEMALE,State Farm Mutual Automobile Insurance Company,ATTAINED_AGE,177.14,177.14,,,,,800-782-8332,https://www.statefarm.com/insurance/health/medicare-supplemental,"One State Farm Plaza, Bloomington, IL 61710"
NC,28401,G,FEMALE,BlueCross BlueShield of North Carolina,ATTAINED_AGE,179.5,179.5,,,,,800-478-0583,https://www.bluecrossnc.com/,"PO Box 2291 Durham, NC  27702-2291"
NC,28401,G,FEMALE,AARP - UnitedHealthcare Insurance Company of America (Standard),COMMUNITY_RATED,180.95,180.95,153.2,153.2,162.45,162.45,888-378-0849,https://www.aarpmedicaresupplement.com/,PO Box 9003; Huntingdon Valley PA 19006
NC,28401,G,FEMALE,Aetna Health Insurance Company,ATTAINED_AGE,181.01,181.01,168.34,168.34,,,800-358-8749 ,https://www.aetnamedicare.com/,"PO Box 14088 Lexington, KY 40513"
NC,28401,G,FEMALE,USAA Life Insurance Company,ATTAINED_AGE,184.28,184.28,,,,,800-531-8722,https://www.usaa.com/inet/wc/insurance-health-medicare,"9800 Fredericksburg Rd. San Antonio, TX 78288"
NC,28401,G,FEMALE,Mutual of Omaha (Omaha Insurance Company),ATTAINED_AGE,184.64,184.64,,,162.48,162.48,855-977-6312,https://www.mutualofomaha.com/medicaregov/,"3300 Mutual of Omaha Plaza, Omaha, NE 68175"
NC,28401,G,FEMALE,Heartland National Life Insurance Company,ATTAINED_AGE,189.55,189.55,,,176.28,176.28,866-916-7971,http://www.heartlandnational.net/medicare.php,"P.O. Box 2878 Salt Lake City , UT 84110-2878"
NC,28401,G,FEMALE,Humana Achieve (CompBenefits Insurance Company),ATTAINED_AGE,192.48,192.48,,,169.14,169.14,888-602-7443,https://www.humana.com/medicare/medicare-supplement-plans?kc=0321046030,"P.O. Box 14611 Lexington, KY 40512-4614"
NC,28401,G,FEMALE,Medico Insurance Company (Standard II),ATTAINED_AGE,196.01,196.01,,,172.49,172.49,800-228-6080,https://www.gomedico.com/,"P.O. Box 10386 Des Moines, IA 50306-0386"
NC,28401,G,FEMALE,Bankers Life (Underwritten by Washington National Insurance Company) (Substandard),ATTAINED_AGE,201.65,201.65,,,,,800-446-5018,https://www.bankerslife.com/medicare-supplement-insurance/?src=medicaregov&medium=listing,"11299 Illinois Street, Suite 200, Carmel, IN 46032"
NC,28401,G,FEMALE,"Physicians Mutual Insurance Company, Inc.",ATTAINED_AGE,209.4,209.4,,,186.13,186.13,800-325-6300,https://www.physiciansmutual.com/cs/products/medsup/medsup.html,"2600 Dodge Street, Omaha, Nebraska 68131"
NC,28401,G,FEMALE,HealthSpring Insurance Company (Standard II),ATTAINED_AGE,224.25,224.25,,,,,877-607-6002,https://www.cigna.com/medicare/shop-plans/supplemental/,"PO Box 5700, Scranton PA 18505-5700"
NC,28401,G,FEMALE,GPM Health and Life Insurance Company,ATTAINED_AGE,271.87,271.87,,,252.84,252.84,866-242-7573,https://www.gpmhealthandlife.com/wps/portal/home/products/medicare-supplement,"2211 N.E. Loop 410 San Antonio, TX 78217-4630"
NC,28401,G,FEMALE,United American Insurance Company,ATTAINED_AGE,281,281,,,,,800-331-2512,https://www2.unitedamerican.com/,"3700 S Stonebridge Dr, McKinney, TX 75070"
NC,28401,G,FEMALE,AARP - UnitedHealthcare Insurance Company (Level 2),COMMUNITY_RATED,282.65,282.65,249.98,249.98,,,888-378-0849,https://www.aarpmedicaresupplement.com/,PO Box 9003; Huntingdon Valley PA 19006
NC,28401,G,FEMALE,Guarantee Trust Life Insurance Company,ATTAINED_AGE,315.2,315.2,,,293.14,293.14,800-338-7452,https://www.gtlic.com/,"1275 Milwaukee Avenue Glenview, IL 60025"
NC,28401,G,FEMALE,AARP - UnitedHealthcare Insurance Company of America (Level 2),COMMUNITY_RATED,504.63,504.63,428.33,428.33,453.76,453.76,888-378-0849,https://www.aarpmedicaresupplement.com/,PO Box 9003; Huntingdon Valley PA 19006
NC,28401,N,MALE,Atlantic Capital Life Assurance Company (Preferred),ATTAINED_AGE,101.7,101.7,,,94.58,94.58,866-458-1430,https://bankersfidelity.com/,"4370 Peachtree Road, NE Atlanta, GA  30319"
NC,28401,N,MALE,Bankers Life (Underwritten by Washington National Insurance Company),ATTAINED_AGE,105.76,105.76,,,,,800-446-5018,https://www.bankerslife.com/medicare-supplement-insurance/?src=medicaregov&medium=listing,"11299 Illinois Street, Suite 200, Carmel, IN 46032"
NC,28401,N,MALE,Insurance Company of North America,ATTAINED_AGE,110.33,110.33,,,102.61,102.61,215-640-1000,https://www.chubb.com/microsites/ace-medicare-supplement.html,436 Walnut Street
NC,28401,N,MALE,Nassau Life Insurance Company,ATTAINED_AGE,112.31,112.31,,,,,860-403-5000,https://www.nsre.com/,"One American Row, Hartford, CT  06103"
NC,28401,N,MALE,Humana Achieve (CompBenefits Insurance Company),ATTAINED_AGE,113.66,113.66,,,99.78,99.78,888-602-7443,https://www.humana.com/medicare/medicare-supplement-plans?kc=0321046030,"P.O. Box 14611 Lexington, KY 40512-4614"
NC,28401,N,MALE,AFLAC,ATTAINED_AGE,116.44,116.44,,,104.8,104.8,866-990-2668,https://www.aflac.com/individuals,"Aflac Tier One, PO Box 14863, Lexington, KY 40512-4863"
NC,28401,N,MALE,Lumos Insurance,ATTAINED_AGE,117.32,117.32,,,109.11,109.11,800-752-8328,https://www.lumosinsurance.com/life-health,"2701 North Main Street, Crossville, TN 38555"
NC,28401,N,MALE,HealthSpring Insurance Company,ATTAINED_AGE,125.5,125.5,,,,,877-607-6002,https://www.cigna.com/medicare/shop-plans/supplemental/,"PO Box 5700, Scranton PA 18505-5700"
NC,28401,N,MALE,Atlantic Capital Life Assurance Company (Standard),ATTAINED_AGE,126.77,126.77,,,117.9,117.9,866-458-1430,https://bankersfidelity.com/,"4370 Peachtree Road, NE Atlanta, GA  30319"
NC,28401,N,MALE,WoodmenLife,ATTAINED_AGE,127,127,,,114.3,114.3,1-866-236-0029,https://www.woodmenlife.org/insurance/medicare-supplement-insurance/,"1700 Farnam Street, Omaha, NE 68102"
NC,28401,N,MALE,LifeShield National Insurance Company,ATTAINED_AGE,127.41,127.41,,,118.49,118.49,800-851-5041,https://www.lifeshieldnational.com/,"5500 N Western Avenue, Suite 200, Oklahoma City, OK 73118"
NC,28401,N,MALE,Bankers Life (Underwritten by Washington National Insurance Company) (Substandard),ATTAINED_AGE,130.57,130.57,,,,,800-446-5018,https://www.bankerslife.com/medicare-supplement-insurance/?src=medicaregov&medium=listing,"11299 Illinois Street, Suite 200, Carmel, IN 46032"
NC,28401,N,MALE,Medico Insurance Company (Preferred),ATTAINED_AGE,132.38,132.38,,,116.49,116.49,800-228-6080,https://www.gomedico.com/,"P.O. Box 10386 Des Moines, IA 50306-0386"
NC,28401,N,MALE,"Humana (Humana Benefit Plan of Illinois, Inc.)",ATTAINED_AGE,134.39,134.39,,,118.02,118.02,877-426-1269,https://www.humana.com/medicare/medicare-supplement-plans?kc=0321046030,"P.O. Box 14611 Lexington, KY 40512-4611"
NC,28401,N,MALE,American Benefit Life Insurance Company,ATTAINED_AGE,135.13,135.13,,,121.62,121.62,833-504-0331,https://lbig.com/,"1605 LBJ Freeway, Suite 700 Dallas, Texas 75234"
NC,28401,N,MALE,Mutual of Omaha (Omaha Insurance Company),ATTAINED_AGE,136.76,136.76,,,120.35,120.35,855-977-6312,https://www.mutualofomaha.com/medicaregov/,"3300 Mutual of Omaha Plaza, Omaha, NE 68175"
NC,28401,N,MALE,State Farm Mutual Automobile Insurance Company,ATTAINED_AGE,140.17,140.17,,,,,800-782-8332,https://www.statefarm.com/insurance/health/medicare-supplemental,"One State Farm Plaza, Bloomington, IL 61710"
NC,28401,N,MALE,Aetna Health Insurance Company,ATTAINED_AGE,143.36,143.36,133.32,133.32,133.32,133.32,800-358-8749 ,https://www.aetnamedicare.com/,"PO Box 14088 Lexington, KY 40513"
NC,28401,N,MALE,New Era Life Insurance Company of the Midwest,ATTAINED_AGE,143.45,143.45,134.84,134.84,134.84,134.84,877-417-7555,http://www.neweralife.com/,"P.O. Box 4884, Houston, TX 77210-4884"
NC,28401,N,MALE,USAA Life Insurance Company,ATTAINED_AGE,144.33,144.33,,,,,800-531-8722,https://www.usaa.com/inet/wc/insurance-health-medicare,"9800 Fredericksburg Rd. San Antonio, TX 78288"
NC,28401,N,MALE,Globe Life and Accident Insurance Company,ATTAINED_AGE,145,145,,,134.85,134.85,888-678-3403,https://www.globelifeinsurance.com/globecaremedsupp,"3700 S. Stonebridge Drive McKinney, TX 75070"
NC,28401,N,MALE,Medico Insurance Company (Standard I),ATTAINED_AGE,145.62,145.62,,,128.15,128.15,800-228-6080,https://www.gomedico.com/,"P.O. Box 10386 Des Moines, IA 50306-0386"
NC,28401,N,MALE,GPM Health and Life Insurance Company,ATTAINED_AGE,147.66,147.66,,,137.32,137.32,866-242-7573,https://www.gpmhealthandlife.com/wps/portal/home/products/medicare-supplement,"2211 N.E. Loop 410 San Antonio, TX 78217-4630"
NC,28401,N,MALE,Erie Family Life Insurance Company,ATTAINED_AGE,147.68,147.68,135.87,135.87,135.87,135.87,800-458-0811,https://www.erieinsurance.com/medicare-supplement,"100 Erie Insurance Place Erie, PA  16530"
NC,28401,N,MALE,AARP - UnitedHealthcare Insurance Company of America (Standard),COMMUNITY_RATED,148.02,148.02,125.21,125.21,132.81,132.81,888-378-0849,https://www.aarpmedicaresupplement.com/,PO Box 9003; Huntingdon Valley PA 19006
NC,28401,N,MALE,Medico Insurance Company (Standard II),ATTAINED_AGE,165.48,165.48,,,145.62,145.62,800-228-6080,https://www.gomedico.com/,"P.O. Box 10386 Des Moines, IA 50306-0386"
NC,28401,N,MALE,Heartland National Life Insurance Company,ATTAINED_AGE,171.53,171.53,,,159.52,159.52,866-916-7971,http://www.heartlandnational.net/medicare.php,"P.O. Box 2878 Salt Lake City , UT 84110-2878"
NC,28401,N,MALE,BlueCross BlueShield of North Carolina,ATTAINED_AGE,172.75,172.75,,,,,800-478-0583,https://www.bluecrossnc.com/,"PO Box 2291 Durham, NC  27702-2291"
NC,28401,N,MALE,AARP - UnitedHealthcare Insurance Company (Standard),COMMUNITY_RATED,176.73,176.73,156.22,156.22,,,888-378-0849,https://www.aarpmedicaresupplement.com/,PO Box 9003; Huntingdon Valley PA 19006
NC,28401,N,MALE,HealthSpring Insurance Company (Standard II),ATTAINED_AGE,188.24,188.24,,,,,877-607-6002,https://www.cigna.com/medicare/shop-plans/supplemental/,"PO Box 5700, Scranton PA 18505-5700"
NC,28401,N,MALE,"Physicians Mutual Insurance Company, Inc.",ATTAINED_AGE,214.51,214.51,,,190.68,190.68,800-325-6300,https://www.physiciansmutual.com/cs/products/medsup/medsup.html,"2600 Dodge Street, Omaha, Nebraska 68131"
NC,28401,N,MALE,Guarantee Trust Life Insurance Company,ATTAINED_AGE,228.33,228.33,,,212.35,212.35,800-338-7452,https://www.gtlic.com/,"1275 Milwaukee Avenue Glenview, IL 60025"
NC,28401,N,MALE,AARP - UnitedHealthcare Insurance Company (Level 2),COMMUNITY_RATED,301.84,301.84,266.97,266.97,,,888-378-0849,https://www.aarpmedicaresupplement.com/,PO Box 9003; Huntingdon Valley PA 19006
NC,28401,N,MALE,United American Insurance Company,ATTAINED_AGE,328,328,,,,,800-331-2512,https://www2.unitedamerican.com/,"3700 S Stonebridge Dr, McKinney, TX 75070"
NC,28401,N,MALE,AARP - UnitedHealthcare Insurance Company of America (Level 2),COMMUNITY_RATED,493.1,493.1,418.53,418.53,443.39,443.39,888-378-0849,https://www.aarpmedicaresupplement.com/,PO Box 9003; Huntingdon Valley PA 19006
NC,28401,N,FEMALE,Atlantic Capital Life Assurance Company (Preferred),ATTAINED_AGE,88.67,88.67,,,82.46,82.46,866-458-1430,https://bankersfidelity.com/,"4370 Peachtree Road, NE Atlanta, GA  30319"
NC,28401,N,FEMALE,Bankers Life (Underwritten by Washington National Insurance Company),ATTAINED_AGE,95.18,95.18,,,,,800-446-5018,https://www.bankerslife.com/medicare-supplement-insurance/?src=medicaregov&medium=listing,"11299 Illinois Street, Suite 200, Carmel, IN 46032"
NC,28401,N,FEMALE,Insurance Company of North America,ATTAINED_AGE,97.5,97.5,,,90.68,90.68,215-640-1000,https://www.chubb.com/microsites/ace-medicare-supplement.html,436 Walnut Street
NC,28401,N,FEMALE,Nassau Life Insurance Company,ATTAINED_AGE,97.71,97.71,,,,,860-403-5000,https://www.nsre.com/,"One American Row, Hartford, CT  06103"
NC,28401,N,FEMALE,Humana Achieve (CompBenefits Insurance Company),ATTAINED_AGE,98.83,98.83,,,86.73,86.73,888-602-7443,https://www.humana.com/medicare/medicare-supplement-plans?kc=0321046030,"P.O. Box 14611 Lexington, KY 40512-4614"
NC,28401,N,FEMALE,AFLAC,ATTAINED_AGE,101.65,101.65,,,91.49,91.49,866-990-2668,https://www.aflac.com/individuals,"Aflac Tier One, PO Box 14863, Lexington, KY 40512-4863"
NC,28401,N,FEMALE,Lumos Insurance,ATTAINED_AGE,106.72,106.72,,,99.25,99.25,800-752-8328,https://www.lumosinsurance.com/life-health,"2701 North Main Street, Crossville, TN 38555"
NC,28401,N,FEMALE,HealthSpring Insurance Company,ATTAINED_AGE,109.13,109.13,,,,,877-607-6002,https://www.cigna.com/medicare/shop-plans/supplemental/,"PO Box 5700, Scranton PA 18505-5700"
NC,28401,N,FEMALE,WoodmenLife,ATTAINED_AGE,110.44,110.44,,,99.4,99.4,1-866-236-0029,https://www.woodmenlife.org/insurance/medicare-supplement-insurance/,"1700 Farnam Street, Omaha, NE 68102"
NC,28401,N,FEMALE,Atlantic Capital Life Assurance Company (Standard),ATTAINED_AGE,110.48,110.48,,,102.75,102.75,866-458-1430,https://bankersfidelity.com/,"4370 Peachtree Road, NE Atlanta, GA  30319"
NC,28401,N,FEMALE,LifeShield National Insurance Company,ATTAINED_AGE,110.79,110.79,,,103.03,103.03,800-851-5041,https://www.lifeshieldnational.com/,"5500 N Western Avenue, Suite 200, Oklahoma City, OK 73118"
NC,28401,N,FEMALE,Medico Insurance Company (Preferred),ATTAINED_AGE,115.12,115.12,,,101.31,101.31,800-228-6080,https://www.gomedico.com/,"P.O. Box 10386 Des Moines, IA 50306-0386"
NC,28401,N,FEMALE,Bankers Life (Underwritten by Washington National Insurance Company) (Substandard),ATTAINED_AGE,117.5,117.5,,,,,800-446-5018,https://www.bankerslife.com/medicare-supplement-insurance/?src=medicaregov&medium=listing,"11299 Illinois Street, Suite 200, Carmel, IN 46032"
NC,28401,N,FEMALE,American Benefit Life Insurance Company,ATTAINED_AGE,117.51,117.51,,,105.76,105.76,833-504-0331,https://lbig.com/,"1605 LBJ Freeway, Suite 700 Dallas, Texas 75234"
NC,28401,N,FEMALE,"Humana (Humana Benefit Plan of Illinois, Inc.)",ATTAINED_AGE,118.93,118.93,,,104.42,104.42,877-426-1269,https://www.humana.com/medicare/medicare-supplement-plans?kc=0321046030,"P.O. Box 14611 Lexington, KY 40512-4611"
NC,28401,N,FEMALE,Mutual of Omaha (Omaha Insurance Company),ATTAINED_AGE,118.93,118.93,,,104.66,104.66,855-977-6312,https://www.mutualofomaha.com/medicaregov/,"3300 Mutual of Omaha Plaza, Omaha, NE 68175"
NC,28401,N,FEMALE,Aetna Health Insurance Company,ATTAINED_AGE,124.53,124.53,115.81,115.81,,,800-358-8749 ,https://www.aetnamedicare.com/,"PO Box 14088 Lexington, KY 40513"
NC,28401,N,FEMALE,Medico Insurance Company (Standard I),ATTAINED_AGE,126.63,126.63,,,111.43,111.43,800-228-6080,https://www.gomedico.com/,"P.O. Box 10386 Des Moines, IA 50306-0386"
NC,28401,N,FEMALE,New Era Life Insurance Company of the Midwest,ATTAINED_AGE,126.95,126.95,119.33,119.33,,,877-417-7555,http://www.neweralife.com/,"P.O. Box 4884, Houston, TX 77210-4884"
NC,28401,N,FEMALE,GPM Health and Life Insurance Company,ATTAINED_AGE,128.39,128.39,,,119.4,119.4,866-242-7573,https://www.gpmhealthandlife.com/wps/portal/home/products/medicare-supplement,"2211 N.E. Loop 410 San Antonio, TX 78217-4630"
NC,28401,N,FEMALE,Erie Family Life Insurance Company,ATTAINED_AGE,128.4,128.4,118.13,118.13,,,800-458-0811,https://www.erieinsurance.com/medicare-supplement,"100 Erie Insurance Place Erie, PA  16530"
NC,28401,N,FEMALE,AARP - UnitedHealthcare Insurance Company of America (Standard),COMMUNITY_RATED,130.81,130.81,110.58,110.58,117.32,117.32,888-378-0849,https://www.aarpmedicaresupplement.com/,PO Box 9003; Huntingdon Valley PA 19006
NC,28401,N,FEMALE,State Farm Mutual Automobile Insurance Company,ATTAINED_AGE,134.39,134.39,,,,,800-782-8332,https://www.statefarm.com/insurance/health/medicare-supplemental,"One State Farm Plaza, Bloomington, IL 61710"
NC,28401,N,FEMALE,Globe Life and Accident Insurance Company,ATTAINED_AGE,135,135,,,125.55,125.55,888-678-3403,https://www.globelifeinsurance.com/globecaremedsupp,"3700 S. Stonebridge Drive McKinney, TX 75070"
NC,28401,N,FEMALE,Medico Insurance Company (Standard II),ATTAINED_AGE,143.9,143.9,,,126.63,126.63,800-228-6080,https://www.gomedico.com/,"P.O. Box 10386 Des Moines, IA 50306-0386"
NC,28401,N,FEMALE,USAA Life Insurance Company,ATTAINED_AGE,144.33,144.33,,,,,800-531-8722,https://www.usaa.com/inet/wc/insurance-health-medicare,"9800 Fredericksburg Rd. San Antonio, TX 78288"
NC,28401,N,FEMALE,Heartland National Life Insurance Company,ATTAINED_AGE,149.16,149.16,,,138.72,138.72,866-916-7971,http://www.heartlandnational.net/medicare.php,"P.O. Box 2878 Salt Lake City , UT 84110-2878"
NC,28401,N,FEMALE,BlueCross BlueShield of North Carolina,ATTAINED_AGE,150.75,150.75,,,,,800-478-0583,https://www.bluecrossnc.com/,"PO Box 2291 Durham, NC  27702-2291"
NC,28401,N,FEMALE,AARP - UnitedHealthcare Insurance Company (Standard),COMMUNITY_RATED,156.6,156.6,138.4,138.4,,,888-378-0849,https://www.aarpmedicaresupplement.com/,PO Box 9003; Huntingdon Valley PA 19006
NC,28401,N,FEMALE,HealthSpring Insurance Company (Standard II),ATTAINED_AGE,163.69,163.69,,,,,877-607-6002,https://www.cigna.com/medicare/shop-plans/supplemental/,"PO Box 5700, Scranton PA 18505-5700"
NC,28401,N,FEMALE,"Physicians Mutual Insurance Company, Inc.",ATTAINED_AGE,194.08,194.08,,,172.52,172.52,800-325-6300,https://www.physiciansmutual.com/cs/products/medsup/medsup.html,"2600 Dodge Street, Omaha, Nebraska 68131"
NC,28401,N,FEMALE,Guarantee Trust Life Insurance Company,ATTAINED_AGE,203.86,203.86,,,189.59,189.59,800-338-7452,https://www.gtlic.com/,"1275 Milwaukee Avenue Glenview, IL 60025"
NC,28401,N,FEMALE,AARP - UnitedHealthcare Insurance Company (Level 2),COMMUNITY_RATED,267.62,267.62,236.68,236.68,,,888-378-0849,https://www.aarpmedicaresupplement.com/,PO Box 9003; Huntingdon Valley PA 19006
NC,28401,N,FEMALE,United American Insurance Company,ATTAINED_AGE,285,285,,,,,800-331-2512,https://www2.unitedamerican.com/,"3700 S Stonebridge Dr, McKinney, TX 75070"
NC,28401,N,FEMALE,AARP - UnitedHealthcare Insurance Company of America (Level 2),COMMUNITY_RATED,436.82,436.82,370.69,370.69,392.73,392.73,888-378-0849,https://www.aarpmedicaresupplement.com/,PO Box 9003; Huntingdon Valley PA 19006
NC,28540,G,MALE,Atlantic Capital Life Assurance Company (Preferred),ATTAINED_AGE,131.94,131.94,,,122.7,122.7,866-458-1430,https://bankersfidelity.com/,"4370 Peachtree Road, NE Atlanta, GA  30319"
NC,28540,G,MALE,"Physicians Mutual Insurance Company, Inc. (Innovative)",ATTAINED_AGE,147.79,147.79,,,131.37,131.37,800-325-6300,https://www.physiciansmutual.com/cs/products/medsup/medsup.html,"2600 Dodge Street, Omaha, Nebraska 68131"
NC,28540,G,MALE,Nassau Life Insurance Company,ATTAINED_AGE,151.2,151.2,,,,,860-403-5000,https://www.nsre.com/,"One American Row, Hartford, CT  06103"
NC,28540,G,MALE,Old Surety Life Insurance Company,ISSUE_AGE,162.85,162.85,,,,,800-272-5466,http://www.oldsurety.com/,"5201 N Lincoln Blvd, Oklahoma City, OK 73105"
NC,28540,G,MALE,Atlantic Capital Life Assurance Company (Standard),ATTAINED_AGE,164.56,164.56,,,153.04,153.04,866-458-1430,https://bankersfidelity.com/,"4370 Peachtree Road, NE Atlanta, GA  30319"
NC,28540,G,MALE,Lumos Insurance,ATTAINED_AGE,165.54,165.54,,,153.95,153.95,800-752-8328,https://www.lumosinsurance.com/life-health,"2701 North Main Street, Crossville, TN 38555"
NC,28540,G,MALE,Insurance Company of North America,ATTAINED_AGE,166.75,166.75,,,155.08,155.08,215-640-1000,https://www.chubb.com/microsites/ace-medicare-supplement.html,436 Walnut Street
NC,28540,G,MALE,Globe Life and Accident Insurance Company,ATTAINED_AGE,168,168,,,156.24,156.24,888-678-3403,https://www.globelifeinsurance.com/globecaremedsupp,"3700 S. Stonebridge Drive McKinney, TX 75070"
NC,28540,G,MALE,LifeShield National Insurance Company,ATTAINED_AGE,170.56,170.56,,,158.62,158.62,800-851-5041,https://www.lifeshieldnational.com/,"5500 N Western Avenue, Suite 200, Oklahoma City, OK 73118"
NC,28540,G,MALE,HealthSpring Insurance Company,ATTAINED_AGE,171.92,171.92,,,,,877-607-6002,https://www.cigna.com/medicare/shop-plans/supplemental/,"PO Box 5700, Scranton PA 18505-5700"
NC,28540,G,MALE,WoodmenLife,ATTAINED_AGE,175.57,175.57,,,158.01,158.01,1-866-236-0029,https://www.woodmenlife.org/insurance/medicare-supplement-insurance/,"1700 Farnam Street, Omaha, NE 68102"
NC,28540,G,MALE,Erie Family Life Insurance Company,ATTAINED_AGE,177.95,177.95,163.71,163.71,163.71,163.71,800-458-0811,https://www.erieinsurance.com/medicare-supplement,"100 Erie Insurance Place Erie, PA  16530"
NC,28540,G,MALE,American Benefit Life Insurance Company,ATTAINED_AGE,178.74,178.74,,,160.87,160.87,833-504-0331,https://lbig.com/,"1605 LBJ Freeway, Suite 700 Dallas, Texas 75234"
NC,28540,G,MALE,AFLAC,ATTAINED_AGE,179.69,179.69,,,161.72,161.72,866-990-2668,https://www.aflac.com/individuals,"Aflac Tier One, PO Box 14863, Lexington, KY 40512-4863"
NC,28540,G,MALE,Medico Insurance Company (Preferred),ATTAINED_AGE,180.33,180.33,,,158.69,158.69,800-228-6080,https://www.gomedico.com/,"P.O. Box 10386 Des Moines, IA 50306-0386"
NC,28540,G,MALE,State Farm Mutual Automobile Insurance Company,ATTAINED_AGE,181.22,181.22,,,,,800-782-8332,https://www.statefarm.com/insurance/health/medicare-supplemental,"One State Farm Plaza, Bloomington, IL 61710"
NC,28540,G,MALE,Bankers Life (Underwritten by Washington National Insurance Company),ATTAINED_AGE,181.49,181.49,,,,,800-446-5018,https://www.bankerslife.com/medicare-supplement-insurance/?src=medicaregov&medium=listing,"11299 Illinois Street, Suite 200, Carmel, IN 46032"
NC,28540,G,MALE,USAA Life Insurance Company,ATTAINED_AGE,184.28,184.28,,,,,800-531-8722,https://www.usaa.com/inet/wc/insurance-health-medicare,"9800 Fredericksburg Rd. San Antonio, TX 78288"
NC,28540,G,MALE,AARP - UnitedHealthcare Insurance Company (Standard),COMMUNITY_RATED,186.79,186.79,165.12,165.12,,,888-378-0849,https://www.aarpmedicaresupplement.com/,PO Box 9003; Huntingdon Valley PA 19006
NC,28540,G,MALE,"Humana (Humana Benefit Plan of Illinois, Inc.)",ATTAINED_AGE,189.42,189.42,,,166.45,166.45,877-426-1269,https://www.humana.com/medicare/medicare-supplement-plans?kc=0321046030,"P.O. Box 14611 Lexington, KY 40512-4611"
NC,28540,G,MALE,New Era Life Insurance Company of the Midwest,ATTAINED_AGE,190.09,190.09,178.68,178.68,178.68,178.68,877-417-7555,http://www.neweralife.com/,"P.O. Box 4884, Houston, TX 77210-4884"
NC,28540,G,MALE,Medico Insurance Company (Standard I),ATTAINED_AGE,198.37,198.37,,,174.57,174.57,800-228-6080,https://www.gomedico.com/,"P.O. Box 10386 Des Moines, IA 50306-0386"
NC,28540,G,MALE,AARP - UnitedHealthcare Insurance Company of America (Standard),COMMUNITY_RATED,204.57,204.57,173.28,173.28,183.71,183.71,888-378-0849,https://www.aarpmedicaresupplement.com/,PO Box 9003; Huntingdon Valley PA 19006
NC,28540,G,MALE,BlueCross BlueShield of North Carolina,ATTAINED_AGE,205.5,205.5,,,,,800-478-0583,https://www.bluecrossnc.com/,"PO Box 2291 Durham, NC  27702-2291"
NC,28540,G,MALE,Aetna Health Insurance Company,ATTAINED_AGE,208.25,208.25,193.67,193.67,193.67,193.67,800-358-8749 ,https://www.aetnamedicare.com/,"PO Box 14088 Lexington, KY 40513"
NC,28540,G,MALE,Mutual of Omaha (Omaha Insurance Company),ATTAINED_AGE,212.34,212.34,,,186.86,186.86,855-977-6312,https://www.mutualofomaha.com/medicaregov/,"3300 Mutual of Omaha Plaza, Omaha, NE 68175"
NC,28540,G,MALE,Heartland National Life Insurance Company,ATTAINED_AGE,217.98,217.98,,,202.72,202.72,866-916-7971,http://www.heartlandnational.net/medicare.php,"P.O. Box 2878 Salt Lake City , UT 84110-2878"
NC,28540,G,MALE,Humana Achieve (CompBenefits Insurance Company),ATTAINED_AGE,221.35,221.35,,,194.55,194.55,888-602-7443,https://www.humana.com/medicare/medicare-supplement-plans?kc=0321046030,"P.O. Box 14611 Lexington, KY 40512-4614"
NC,28540,G,MALE,Bankers Life (Underwritten by Washington National Insurance Company) (Substandard),ATTAINED_AGE,224.06,224.06,,,,,800-446-5018,https://www.bankerslife.com/medicare-supplement-insurance/?src=medicaregov&medium=listing,"11299 Illinois Street, Suite 200, Carmel, IN 46032"
NC,28540,G,MALE,Medico Insurance Company (Standard II),ATTAINED_AGE,225.41,225.41,,,198.36,198.36,800-228-6080,https://www.gomedico.com/,"P.O. Box 10386 Des Moines, IA 50306-0386"
NC,28540,G,MALE,"Physicians Mutual Insurance Company, Inc.",ATTAINED_AGE,231.45,231.45,,,205.73,205.73,800-325-6300,https://www.physiciansmutual.com/cs/products/medsup/medsup.html,"2600 Dodge Street, Omaha, Nebraska 68131"
NC,28540,G,MALE,HealthSpring Insurance Company (Standard II),ATTAINED_AGE,257.89,257.89,,,,,877-607-6002,https://www.cigna.com/medicare/shop-plans/supplemental/,"PO Box 5700, Scranton PA 18505-5700"
NC,28540,G,MALE,GPM Health and Life Insurance Company,ATTAINED_AGE,312.66,312.66,,,290.77,290.77,866-242-7573,https://www.gpmhealthandlife.com/wps/portal/home/products/medicare-supplement,"2211 N.E. Loop 410 San Antonio, TX 78217-4630"
NC,28540,G,MALE,AARP - UnitedHealthcare Insurance Company (Level 2),COMMUNITY_RATED,318.95,318.95,282.11,282.11,,,888-378-0849,https://www.aarpmedicaresupplement.com/,PO Box 9003; Huntingdon Valley PA 19006
NC,28540,G,MALE,Guarantee Trust Life Insurance Company,ATTAINED_AGE,353.03,353.03,,,328.32,328.32,800-338-7452,https://www.gtlic.com/,"1275 Milwaukee Avenue Glenview, IL 60025"
NC,28540,G,MALE,United American Insurance Company,ATTAINED_AGE,357,357,,,,,800-331-2512,https://www2.unitedamerican.com/,"3700 S Stonebridge Dr, McKinney, TX 75070"
NC,28540,G,MALE,AARP - UnitedHealthcare Insurance Company of America (Level 2),COMMUNITY_RATED,569.58,569.58,483.54,483.54,512.22,512.22,888-378-0849,https://www.aarpmedicaresupplement.com/,PO Box 9003; Huntingdon Valley PA 19006
NC,28540,G,FEMALE,Atlantic Capital Life Assurance Company (Preferred),ATTAINED_AGE,114.97,114.97,,,106.92,106.92,866-458-1430,https://bankersfidelity.com/,"4370 Peachtree Road, NE Atlanta, GA  30319"
NC,28540,G,FEMALE,Nassau Life Insurance Company,ATTAINED_AGE,131.54,131.54,,,,,860-403-5000,https://www.nsre.com/,"One American Row, Hartford, CT  06103"
NC,28540,G,FEMALE,"Physicians Mutual Insurance Company, Inc. (Innovative)",ATTAINED_AGE,133.71,133.71,,,118.85,118.85,800-325-6300,https://www.physiciansmutual.com/cs/products/medsup/medsup.html,"2600 Dodge Street, Omaha, Nebraska 68131"
NC,28540,G,FEMALE,Old Surety Life Insurance Company,ISSUE_AGE,141.61,141.61,,,,,800-272-5466,http://www.oldsurety.com/,"5201 N Lincoln Blvd, Oklahoma City, OK 73105"
NC,28540,G,FEMALE,Atlantic Capital Life Assurance Company (Standard),ATTAINED_AGE,143.35,143.35,,,133.32,133.32,866-458-1430,https://bankersfidelity.com/,"4370 Peachtree Road, NE Atlanta, GA  30319"
NC,28540,G,FEMALE,Insurance Company of North America,ATTAINED_AGE,147.67,147.67,,,137.33,137.33,215-640-1000,https://www.chubb.com/microsites/ace-medicare-supplement.html,436 Walnut Street
NC,28540,G,FEMALE,LifeShield National Insurance Company,ATTAINED_AGE,148.31,148.31,,,137.93,137.93,800-851-5041,https://www.lifeshieldnational.com/,"5500 N Western Avenue, Suite 200, Oklahoma City, OK 73118"
NC,28540,G,FEMALE,HealthSpring Insurance Company,ATTAINED_AGE,149.5,149.5,,,,,877-607-6002,https://www.cigna.com/medicare/shop-plans/supplemental/,"PO Box 5700, Scranton PA 18505-5700"
NC,28540,G,FEMALE,Lumos Insurance,ATTAINED_AGE,150.5,150.5,,,139.96,139.96,800-752-8328,https://www.lumosinsurance.com/life-health,"2701 North Main Street, Crossville, TN 38555"
NC,28540,G,FEMALE,WoodmenLife,ATTAINED_AGE,152.66,152.66,,,137.39,137.39,1-866-236-0029,https://www.woodmenlife.org/insurance/medicare-supplement-insurance/,"1700 Farnam Street, Omaha, NE 68102"
NC,28540,G,FEMALE,Erie Family Life Insurance Company,ATTAINED_AGE,154.71,154.71,142.33,142.33,,,800-458-0811,https://www.erieinsurance.com/medicare-supplement,"100 Erie Insurance Place Erie, PA  16530"
NC,28540,G,FEMALE,American Benefit Life Insurance Company,ATTAINED_AGE,155.43,155.43,,,139.89,139.89,833-504-0331,https://lbig.com/,"1605 LBJ Freeway, Suite 700 Dallas, Texas 75234"
NC,28540,G,FEMALE,Globe Life and Accident Insurance Company,ATTAINED_AGE,156,156,,,145.08,145.08,888-678-3403,https://www.globelifeinsurance.com/globecaremedsupp,"3700 S. Stonebridge Drive McKinney, TX 75070"
NC,28540,G,FEMALE,Medico Insurance Company (Preferred),ATTAINED_AGE,156.81,156.81,,,137.99,137.99,800-228-6080,https://www.gomedico.com/,"P.O. Box 10386 Des Moines, IA 50306-0386"
NC,28540,G,FEMALE,AFLAC,ATTAINED_AGE,156.87,156.87,,,141.18,141.18,866-990-2668,https://www.aflac.com/individuals,"Aflac Tier One, PO Box 14863, Lexington, KY 40512-4863"
NC,28540,G,FEMALE,Bankers Life (Underwritten by Washington National Insurance Company),ATTAINED_AGE,163.34,163.34,,,,,800-446-5018,https://www.bankerslife.com/medicare-supplement-insurance/?src=medicaregov&medium=listing,"11299 Illinois Street, Suite 200, Carmel, IN 46032"
NC,28540,G,FEMALE,AARP - UnitedHealthcare Insurance Company (Standard),COMMUNITY_RATED,165.44,165.44,146.22,146.22,,,888-378-0849,https://www.aarpmedicaresupplement.com/,PO Box 9003; Huntingdon Valley PA 19006
NC,28540,G,FEMALE,"Humana (Humana Benefit Plan of Illinois, Inc.)",ATTAINED_AGE,167.63,167.63,,,147.27,147.27,877-426-1269,https://www.humana.com/medicare/medicare-supplement-plans?kc=0321046030,"P.O. Box 14611 Lexington, KY 40512-4611"
NC,28540,G,FEMALE,Medico Insurance Company (Standard I),ATTAINED_AGE,172.49,172.49,,,151.79,151.79,800-228-6080,https://www.gomedico.com/,"P.O. Box 10386 Des Moines, IA 50306-0386"
NC,28540,G,FEMALE,New Era Life Insurance Company of the Midwest,ATTAINED_AGE,172.8,172.8,162.43,162.43,,,877-417-7555,http://www.neweralife.com/,"P.O. Box 4884, Houston, TX 77210-4884"
NC,28540,G,FEMALE,State Farm Mutual Automobile Insurance Company,ATTAINED_AGE,177.14,177.14,,,,,800-782-8332,https://www.statefarm.com/insurance/health/medicare-supplemental,"One State Farm Plaza, Bloomington, IL 61710"
NC,28540,G,FEMALE,BlueCross BlueShield of North Carolina,ATTAINED_AGE,179.5,179.5,,,,,800-478-0583,https://www.bluecrossnc.com/,"PO Box 2291 Durham, NC  27702-2291"
NC,28540,G,FEMALE,AARP - UnitedHealthcare Insurance Company of America (Standard),COMMUNITY_RATED,180.95,180.95,153.2,153.2,162.45,162.45,888-378-0849,https://www.aarpmedicaresupplement.com/,PO Box 9003; Huntingdon Valley PA 19006
NC,28540,G,FEMALE,Aetna Health Insurance Company,ATTAINED_AGE,181.01,181.01,168.34,168.34,,,800-358-8749 ,https://www.aetnamedicare.com/,"PO Box 14088 Lexington, KY 40513"
NC,28540,G,FEMALE,USAA Life Insurance Company,ATTAINED_AGE,184.28,184.28,,,,,800-531-8722,https://www.usaa.com/inet/wc/insurance-health-medicare,"9800 Fredericksburg Rd. San Antonio, TX 78288"
NC,28540,G,FEMALE,Mutual of Omaha (Omaha Insurance Company),ATTAINED_AGE,184.64,184.64,,,162.48,162.48,855-977-6312,https://www.mutualofomaha.com/medicaregov/,"3300 Mutual of Omaha Plaza, Omaha, NE 68175"
NC,28540,G,FEMALE,Heartland National Life Insurance Company,ATTAINED_AGE,189.55,189.55,,,176.28,176.28,866-916-7971,http://www.heartlandnational.net/medicare.php,"P.O. Box 2878 Salt Lake City , UT 84110-2878"
NC,28540,G,FEMALE,Humana Achieve (CompBenefits Insurance Company),ATTAINED_AGE,192.48,192.48,,,169.14,169.14,888-602-7443,https://www.humana.com/medicare/medicare-supplement-plans?kc=0321046030,"P.O. Box 14611 Lexington, KY 40512-4614"
NC,28540,G,FEMALE,Medico Insurance Company (Standard II),ATTAINED_AGE,196.01,196.01,,,172.49,172.49,800-228-6080,https://www.gomedico.com/,"P.O. Box 10386 Des Moines, IA 50306-0386"
NC,28540,G,FEMALE,Bankers Life (Underwritten by Washington National Insurance Company) (Substandard),ATTAINED_AGE,201.65,201.65,,,,,800-446-5018,https://www.bankerslife.com/medicare-supplement-insurance/?src=medicaregov&medium=listing,"11299 Illinois Street, Suite 200, Carmel, IN 46032"
NC,28540,G,FEMALE,"Physicians Mutual Insurance Company, Inc.",ATTAINED_AGE,209.4,209.4,,,186.13,186.13,800-325-6300,https://www.physiciansmutual.com/cs/products/medsup/medsup.html,"2600 Dodge Street, Omaha, Nebraska 68131"
NC,28540,G,FEMALE,HealthSpring Insurance Company (Standard II),ATTAINED_AGE,224.25,224.25,,,,,877-607-6002,https://www.cigna.com/medicare/shop-plans/supplemental/,"PO Box 5700, Scranton PA 18505-5700"
NC,28540,G,FEMALE,GPM Health and Life Insurance Company,ATTAINED_AGE,271.87,271.87,,,252.84,252.84,866-242-7573,https://www.gpmhealthandlife.com/wps/portal/home/products/medicare-supplement,"2211 N.E. Loop 410 San Antonio, TX 78217-4630"
NC,28540,G,FEMALE,AARP - UnitedHealthcare Insurance Company (Level 2),COMMUNITY_RATED,282.65,282.65,249.98,249.98,,,888-378-0849,https://www.aarpmedicaresupplement.com/,PO Box 9003; Huntingdon Valley PA 19006
NC,28540,G,FEMALE,United American Insurance Company,ATTAINED_AGE,310,310,,,,,800-331-2512,https://www2.unitedamerican.com/,"3700 S Stonebridge Dr, McKinney, TX 75070"
NC,28540,G,FEMALE,Guarantee Trust Life Insurance Company,ATTAINED_AGE,315.2,315.2,,,293.14,293.14,800-338-7452,https://www.gtlic.com/,"1275 Milwaukee Avenue Glenview, IL 60025"
NC,28540,G,FEMALE,AARP - UnitedHealthcare Insurance Company of America (Level 2),COMMUNITY_RATED,504.63,504.63,428.33,428.33,453.76,453.76,888-378-0849,https://www.aarpmedicaresupplement.com/,PO Box 9003; Huntingdon Valley PA 19006
NC,28540,N,MALE,Atlantic Capital Life Assurance Company (Preferred),ATTAINED_AGE,101.7,101.7,,,94.58,94.58,866-458-1430,https://bankersfidelity.com/,"4370 Peachtree Road, NE Atlanta, GA  30319"
NC,28540,N,MALE,Bankers Life (Underwritten by Washington National Insurance Company),ATTAINED_AGE,105.76,105.76,,,,,800-446-5018,https://www.bankerslife.com/medicare-supplement-insurance/?src=medicaregov&medium=listing,"11299 Illinois Street, Suite 200, Carmel, IN 46032"
NC,28540,N,MALE,Insurance Company of North America,ATTAINED_AGE,110.33,110.33,,,102.61,102.61,215-640-1000,https://www.chubb.com/microsites/ace-medicare-supplement.html,436 Walnut Street
NC,28540,N,MALE,Nassau Life Insurance Company,ATTAINED_AGE,112.31,112.31,,,,,860-403-5000,https://www.nsre.com/,"One American Row, Hartford, CT  06103"
NC,28540,N,MALE,Humana Achieve (CompBenefits Insurance Company),ATTAINED_AGE,113.66,113.66,,,99.78,99.78,888-602-7443,https://www.humana.com/medicare/medicare-supplement-plans?kc=0321046030,"P.O. Box 14611 Lexington, KY 40512-4614"
NC,28540,N,MALE,AFLAC,ATTAINED_AGE,116.44,116.44,,,104.8,104.8,866-990-2668,https://www.aflac.com/individuals,"Aflac Tier One, PO Box 14863, Lexington, KY 40512-4863"
NC,28540,N,MALE,Lumos Insurance,ATTAINED_AGE,117.32,117.32,,,109.11,109.11,800-752-8328,https://www.lumosinsurance.com/life-health,"2701 North Main Street, Crossville, TN 38555"
NC,28540,N,MALE,HealthSpring Insurance Company,ATTAINED_AGE,125.5,125.5,,,,,877-607-6002,https://www.cigna.com/medicare/shop-plans/supplemental/,"PO Box 5700, Scranton PA 18505-5700"
NC,28540,N,MALE,Atlantic Capital Life Assurance Company (Standard),ATTAINED_AGE,126.77,126.77,,,117.9,117.9,866-458-1430,https://bankersfidelity.com/,"4370 Peachtree Road, NE Atlanta, GA  30319"
NC,28540,N,MALE,WoodmenLife,ATTAINED_AGE,127,127,,,114.3,114.3,1-866-236-0029,https://www.woodmenlife.org/insurance/medicare-supplement-insurance/,"1700 Farnam Street, Omaha, NE 68102"
NC,28540,N,MALE,LifeShield National Insurance Company,ATTAINED_AGE,127.41,127.41,,,118.49,118.49,800-851-5041,https://www.lifeshieldnational.com/,"5500 N Western Avenue, Suite 200, Oklahoma City, OK 73118"
NC,28540,N,MALE,Bankers Life (Underwritten by Washington National Insurance Company) (Substandard),ATTAINED_AGE,130.57,130.57,,,,,800-446-5018,https://www.bankerslife.com/medicare-supplement-insurance/?src=medicaregov&medium=listing,"11299 Illinois Street, Suite 200, Carmel, IN 46032"
NC,28540,N,MALE,Medico Insurance Company (Preferred),ATTAINED_AGE,132.38,132.38,,,116.49,116.49,800-228-6080,https://www.gomedico.com/,"P.O. Box 10386 Des Moines, IA 50306-0386"
NC,28540,N,MALE,"Humana (Humana Benefit Plan of Illinois, Inc.)",ATTAINED_AGE,134.39,134.39,,,118.02,118.02,877-426-1269,https://www.humana.com/medicare/medicare-supplement-plans?kc=0321046030,"P.O. Box 14611 Lexington, KY 40512-4611"
NC,28540,N,MALE,American Benefit Life Insurance Company,ATTAINED_AGE,135.13,135.13,,,121.62,121.62,833-504-0331,https://lbig.com/,"1605 LBJ Freeway, Suite 700 Dallas, Texas 75234"
NC,28540,N,MALE,Mutual of Omaha (Omaha Insurance Company),ATTAINED_AGE,136.76,136.76,,,120.35,120.35,855-977-6312,https://www.mutualofomaha.com/medicaregov/,"3300 Mutual of Omaha Plaza, Omaha, NE 68175"
NC,28540,N,MALE,State Farm Mutual Automobile Insurance Company,ATTAINED_AGE,140.17,140.17,,,,,800-782-8332,https://www.statefarm.com/insurance/health/medicare-supplemental,"One State Farm Plaza, Bloomington, IL 61710"
NC,28540,N,MALE,Aetna Health Insurance Company,ATTAINED_AGE,143.36,143.36,133.32,133.32,133.32,133.32,800-358-8749 ,https://www.aetnamedicare.com/,"PO Box 14088 Lexington, KY 40513"
NC,28540,N,MALE,New Era Life Insurance Company of the Midwest,ATTAINED_AGE,143.45,143.45,134.84,134.84,134.84,134.84,877-417-7555,http://www.neweralife.com/,"P.O. Box 4884, Houston, TX 77210-4884"
NC,28540,N,MALE,USAA Life Insurance Company,ATTAINED_AGE,144.33,144.33,,,,,800-531-8722,https://www.usaa.com/inet/wc/insurance-health-medicare,"9800 Fredericksburg Rd. San Antonio, TX 78288"
NC,28540,N,MALE,Globe Life and Accident Insurance Company,ATTAINED_AGE,145,145,,,134.85,134.85,888-678-3403,https://www.globelifeinsurance.com/globecaremedsupp,"3700 S. Stonebridge Drive McKinney, TX 75070"
NC,28540,N,MALE,Medico Insurance Company (Standard I),ATTAINED_AGE,145.62,145.62,,,128.15,128.15,800-228-6080,https://www.gomedico.com/,"P.O. Box 10386 Des Moines, IA 50306-0386"
NC,28540,N,MALE,GPM Health and Life Insurance Company,ATTAINED_AGE,147.66,147.66,,,137.32,137.32,866-242-7573,https://www.gpmhealthandlife.com/wps/portal/home/products/medicare-supplement,"2211 N.E. Loop 410 San Antonio, TX 78217-4630"
NC,28540,N,MALE,Erie Family Life Insurance Company,ATTAINED_AGE,147.68,147.68,135.87,135.87,135.87,135.87,800-458-0811,https://www.erieinsurance.com/medicare-supplement,"100 Erie Insurance Place Erie, PA  16530"
NC,28540,N,MALE,AARP - UnitedHealthcare Insurance Company of America (Standard),COMMUNITY_RATED,148.02,148.02,125.21,125.21,132.81,132.81,888-378-0849,https://www.aarpmedicaresupplement.com/,PO Box 9003; Huntingdon Valley PA 19006
NC,28540,N,MALE,Medico Insurance Company (Standard II),ATTAINED_AGE,165.48,165.48,,,145.62,145.62,800-228-6080,https://www.gomedico.com/,"P.O. Box 10386 Des Moines, IA 50306-0386"
NC,28540,N,MALE,Heartland National Life Insurance Company,ATTAINED_AGE,171.53,171.53,,,159.52,159.52,866-916-7971,http://www.heartlandnational.net/medicare.php,"P.O. Box 2878 Salt Lake City , UT 84110-2878"
NC,28540,N,MALE,BlueCross BlueShield of North Carolina,ATTAINED_AGE,172.75,172.75,,,,,800-478-0583,https://www.bluecrossnc.com/,"PO Box 2291 Durham, NC  27702-2291"
NC,28540,N,MALE,AARP - UnitedHealthcare Insurance Company (Standard),COMMUNITY_RATED,176.73,176.73,156.22,156.22,,,888-378-0849,https://www.aarpmedicaresupplement.com/,PO Box 9003; Huntingdon Valley PA 19006
NC,28540,N,MALE,HealthSpring Insurance Company (Standard II),ATTAINED_AGE,188.24,188.24,,,,,877-607-6002,https://www.cigna.com/medicare/shop-plans/supplemental/,"PO Box 5700, Scranton PA 18505-5700"
NC,28540,N,MALE,"Physicians Mutual Insurance Company, Inc.",ATTAINED_AGE,214.51,214.51,,,190.68,190.68,800-325-6300,https://www.physiciansmutual.com/cs/products/medsup/medsup.html,"2600 Dodge Street, Omaha, Nebraska 68131"
NC,28540,N,MALE,Guarantee Trust Life Insurance Company,ATTAINED_AGE,228.33,228.33,,,212.35,212.35,800-338-7452,https://www.gtlic.com/,"1275 Milwaukee Avenue Glenview, IL 60025"
NC,28540,N,MALE,AARP - UnitedHealthcare Insurance Company (Level 2),COMMUNITY_RATED,301.84,301.84,266.97,266.97,,,888-378-0849,https://www.aarpmedicaresupplement.com/,PO Box 9003; Huntingdon Valley PA 19006
NC,28540,N,MALE,United American Insurance Company,ATTAINED_AGE,361,361,,,,,800-331-2512,https://www2.unitedamerican.com/,"3700 S Stonebridge Dr, McKinney, TX 75070"
NC,28540,N,MALE,AARP - UnitedHealthcare Insurance Company of America (Level 2),COMMUNITY_RATED,493.1,493.1,418.53,418.53,443.39,443.39,888-378-0849,https://www.aarpmedicaresupplement.com/,PO Box 9003; Huntingdon Valley PA 19006
NC,28540,N,FEMALE,Atlantic Capital Life Assurance Company (Preferred),ATTAINED_AGE,88.67,88.67,,,82.46,82.46,866-458-1430,https://bankersfidelity.com/,"4370 Peachtree Road, NE Atlanta, GA  30319"
NC,28540,N,FEMALE,Bankers Life (Underwritten by Washington National Insurance Company),ATTAINED_AGE,95.18,95.18,,,,,800-446-5018,https://www.bankerslife.com/medicare-supplement-insurance/?src=medicaregov&medium=listing,"11299 Illinois Street, Suite 200, Carmel, IN 46032"
NC,28540,N,FEMALE,Insurance Company of North America,ATTAINED_AGE,97.5,97.5,,,90.68,90.68,215-640-1000,https://www.chubb.com/microsites/ace-medicare-supplement.html,436 Walnut Street
NC,28540,N,FEMALE,Nassau Life Insurance Company,ATTAINED_AGE,97.71,97.71,,,,,860-403-5000,https://www.nsre.com/,"One American Row, Hartford, CT  06103"
NC,28540,N,FEMALE,Humana Achieve (CompBenefits Insurance Company),ATTAINED_AGE,98.83,98.83,,,86.73,86.73,888-602-7443,https://www.humana.com/medicare/medicare-supplement-plans?kc=0321046030,"P.O. Box 14611 Lexington, KY 40512-4614"
NC,28540,N,FEMALE,AFLAC,ATTAINED_AGE,101.65,101.65,,,91.49,91.49,866-990-2668,https://www.aflac.com/individuals,"Aflac Tier One, PO Box 14863, Lexington, KY 40512-4863"
NC,28540,N,FEMALE,Lumos Insurance,ATTAINED_AGE,106.72,106.72,,,99.25,99.25,800-752-8328,https://www.lumosinsurance.com/life-health,"2701 North Main Street, Crossville, TN 38555"
NC,28540,N,FEMALE,HealthSpring Insurance Company,ATTAINED_AGE,109.13,109.13,,,,,877-607-6002,https://www.cigna.com/medicare/shop-plans/supplemental/,"PO Box 5700, Scranton PA 18505-5700"
NC,28540,N,FEMALE,WoodmenLife,ATTAINED_AGE,110.44,110.44,,,99.4,99.4,1-866-236-0029,https://www.woodmenlife.org/insurance/medicare-supplement-insurance/,"1700 Farnam Street, Omaha, NE 68102"
NC,28540,N,FEMALE,Atlantic Capital Life Assurance Company (Standard),ATTAINED_AGE,110.48,110.48,,,102.75,102.75,866-458-1430,https://bankersfidelity.com/,"4370 Peachtree Road, NE Atlanta, GA  30319"
NC,28540,N,FEMALE,LifeShield National Insurance Company,ATTAINED_AGE,110.79,110.79,,,103.03,103.03,800-851-5041,https://www.lifeshieldnational.com/,"5500 N Western Avenue, Suite 200, Oklahoma City, OK 73118"
NC,28540,N,FEMALE,Medico Insurance Company (Preferred),ATTAINED_AGE,115.12,115.12,,,101.31,101.31,800-228-6080,https://www.gomedico.com/,"P.O. Box 10386 Des Moines, IA 50306-0386"
NC,28540,N,FEMALE,Bankers Life (Underwritten by Washington National Insurance Company) (Substandard),ATTAINED_AGE,117.5,117.5,,,,,800-446-5018,https://www.bankerslife.com/medicare-supplement-insurance/?src=medicaregov&medium=listing,"11299 Illinois Street, Suite 200, Carmel, IN 46032"
NC,28540,N,FEMALE,American Benefit Life Insurance Company,ATTAINED_AGE,117.51,117.51,,,105.76,105.76,833-504-0331,https://lbig.com/,"1605 LBJ Freeway, Suite 700 Dallas, Texas 75234"
NC,28540,N,FEMALE,"Humana (Humana Benefit Plan of Illinois, Inc.)",ATTAINED_AGE,118.93,118.93,,,104.42,104.42,877-426-1269,https://www.humana.com/medicare/medicare-supplement-plans?kc=0321046030,"P.O. Box 14611 Lexington, KY 40512-4611"
NC,28540,N,FEMALE,Mutual of Omaha (Omaha Insurance Company),ATTAINED_AGE,118.93,118.93,,,104.66,104.66,855-977-6312,https://www.mutualofomaha.com/medicaregov/,"3300 Mutual of Omaha Plaza, Omaha, NE 68175"
NC,28540,N,FEMALE,Aetna Health Insurance Company,ATTAINED_AGE,124.53,124.53,115.81,115.81,,,800-358-8749 ,https://www.aetnamedicare.com/,"PO Box 14088 Lexington, KY 40513"
NC,28540,N,FEMALE,Medico Insurance Company (Standard I),ATTAINED_AGE,126.63,126.63,,,111.43,111.43,800-228-6080,https://www.gomedico.com/,"P.O. Box 10386 Des Moines, IA 50306-0386"
NC,28540,N,FEMALE,New Era Life Insurance Company of the Midwest,ATTAINED_AGE,126.95,126.95,119.33,119.33,,,877-417-7555,http://www.neweralife.com/,"P.O. Box 4884, Houston, TX 77210-4884"
NC,28540,N,FEMALE,GPM Health and Life Insurance Company,ATTAINED_AGE,128.39,128.39,,,119.4,119.4,866-242-7573,https://www.gpmhealthandlife.com/wps/portal/home/products/medicare-supplement,"2211 N.E. Loop 410 San Antonio, TX 78217-4630"
NC,28540,N,FEMALE,Erie Family Life Insurance Company,ATTAINED_AGE,128.4,128.4,118.13,118.13,,,800-458-0811,https://www.erieinsurance.com/medicare-supplement,"100 Erie Insurance Place Erie, PA  16530"
NC,28540,N,FEMALE,AARP - UnitedHealthcare Insurance Company of America (Standard),COMMUNITY_RATED,130.81,130.81,110.58,110.58,117.32,117.32,888-378-0849,https://www.aarpmedicaresupplement.com/,PO Box 9003; Huntingdon Valley PA 19006
NC,28540,N,FEMALE,State Farm Mutual Automobile Insurance Company,ATTAINED_AGE,134.39,134.39,,,,,800-782-8332,https://www.statefarm.com/insurance/health/medicare-supplemental,"One State Farm Plaza, Bloomington, IL 61710"
NC,28540,N,FEMALE,Globe Life and Accident Insurance Company,ATTAINED_AGE,135,135,,,125.55,125.55,888-678-3403,https://www.globelifeinsurance.com/globecaremedsupp,"3700 S. Stonebridge Drive McKinney, TX 75070"
NC,28540,N,FEMALE,Medico Insurance Company (Standard II),ATTAINED_AGE,143.9,143.9,,,126.63,126.63,800-228-6080,https://www.gomedico.com/,"P.O. Box 10386 Des Moines, IA 50306-0386"
NC,28540,N,FEMALE,USAA Life Insurance Company,ATTAINED_AGE,144.33,144.33,,,,,800-531-8722,https://www.usaa.com/inet/wc/insurance-health-medicare,"9800 Fredericksburg Rd. San Antonio, TX 78288"
NC,28540,N,FEMALE,Heartland National Life Insurance Company,ATTAINED_AGE,149.16,149.16,,,138.72,138.72,866-916-7971,http://www.heartlandnational.net/medicare.php,"P.O. Box 2878 Salt Lake City , UT 84110-2878"
NC,28540,N,FEMALE,BlueCross BlueShield of North Carolina,ATTAINED_AGE,150.75,150.75,,,,,800-478-0583,https://www.bluecrossnc.com/,"PO Box 2291 Durham, NC  27702-2291"
NC,28540,N,FEMALE,AARP - UnitedHealthcare Insurance Company (Standard),COMMUNITY_RATED,156.6,156.6,138.4,138.4,,,888-378-0849,https://www.aarpmedicaresupplement.com/,PO Box 9003; Huntingdon Valley PA 19006
NC,28540,N,FEMALE,HealthSpring Insurance Company (Standard II),ATTAINED_AGE,163.69,163.69,,,,,877-607-6002,https://www.cigna.com/medicare/shop-plans/supplemental/,"PO Box 5700, Scranton PA 18505-5700"
NC,28540,N,FEMALE,"Physicians Mutual Insurance Company, Inc.",ATTAINED_AGE,194.08,194.08,,,172.52,172.52,800-325-6300,https://www.physiciansmutual.com/cs/products/medsup/medsup.html,"2600 Dodge Street, Omaha, Nebraska 68131"
NC,28540,N,FEMALE,Guarantee Trust Life Insurance Company,ATTAINED_AGE,203.86,203.86,,,189.59,189.59,800-338-7452,https://www.gtlic.com/,"1275 Milwaukee Avenue Glenview, IL 60025"
NC,28540,N,FEMALE,AARP - UnitedHealthcare Insurance Company (Level 2),COMMUNITY_RATED,267.62,267.62,236.68,236.68,,,888-378-0849,https://www.aarpmedicaresupplement.com/,PO Box 9003; Huntingdon Valley PA 19006
NC,28540,N,FEMALE,United American Insurance Company,ATTAINED_AGE,314,314,,,,,800-331-2512,https://www2.unitedamerican.com/,"3700 S Stonebridge Dr, McKinney, TX 75070"
NC,28540,N,FEMALE,AARP - UnitedHealthcare Insurance Company of America (Level 2),COMMUNITY_RATED,436.82,436.82,370.69,370.69,392.73,392.73,888-378-0849,https://www.aarpmedicaresupplement.com/,PO Box 9003; Huntingdon Valley PA 19006
NC,28655,G,MALE,Atlantic Capital Life Assurance Company (Preferred),ATTAINED_AGE,131.94,131.94,,,122.7,122.7,866-458-1430,https://bankersfidelity.com/,"4370 Peachtree Road, NE Atlanta, GA  30319"
NC,28655,G,MALE,"Physicians Mutual Insurance Company, Inc. (Innovative)",ATTAINED_AGE,147.79,147.79,,,131.37,131.37,800-325-6300,https://www.physiciansmutual.com/cs/products/medsup/medsup.html,"2600 Dodge Street, Omaha, Nebraska 68131"
NC,28655,G,MALE,Nassau Life Insurance Company,ATTAINED_AGE,151.2,151.2,,,,,860-403-5000,https://www.nsre.com/,"One American Row, Hartford, CT  06103"
NC,28655,G,MALE,Old Surety Life Insurance Company,ISSUE_AGE,162.85,162.85,,,,,800-272-5466,http://www.oldsurety.com/,"5201 N Lincoln Blvd, Oklahoma City, OK 73105"
NC,28655,G,MALE,Atlantic Capital Life Assurance Company (Standard),ATTAINED_AGE,164.56,164.56,,,153.04,153.04,866-458-1430,https://bankersfidelity.com/,"4370 Peachtree Road, NE Atlanta, GA  30319"
NC,28655,G,MALE,Lumos Insurance,ATTAINED_AGE,165.54,165.54,,,153.95,153.95,800-752-8328,https://www.lumosinsurance.com/life-health,"2701 North Main Street, Crossville, TN 38555"
NC,28655,G,MALE,Insurance Company of North America,ATTAINED_AGE,166.75,166.75,,,155.08,155.08,215-640-1000,https://www.chubb.com/microsites/ace-medicare-supplement.html,436 Walnut Street
NC,28655,G,MALE,Globe Life and Accident Insurance Company,ATTAINED_AGE,168,168,,,156.24,156.24,888-678-3403,https://www.globelifeinsurance.com/globecaremedsupp,"3700 S. Stonebridge Drive McKinney, TX 75070"
NC,28655,G,MALE,LifeShield National Insurance Company,ATTAINED_AGE,170.56,170.56,,,158.62,158.62,800-851-5041,https://www.lifeshieldnational.com/,"5500 N Western Avenue, Suite 200, Oklahoma City, OK 73118"
NC,28655,G,MALE,AFLAC,ATTAINED_AGE,171.79,171.79,,,154.61,154.61,866-990-2668,https://www.aflac.com/individuals,"Aflac Tier One, PO Box 14863, Lexington, KY 40512-4863"
NC,28655,G,MALE,HealthSpring Insurance Company,ATTAINED_AGE,171.92,171.92,,,,,877-607-6002,https://www.cigna.com/medicare/shop-plans/supplemental/,"PO Box 5700, Scranton PA 18505-5700"
NC,28655,G,MALE,WoodmenLife,ATTAINED_AGE,175.57,175.57,,,158.01,158.01,1-866-236-0029,https://www.woodmenlife.org/insurance/medicare-supplement-insurance/,"1700 Farnam Street, Omaha, NE 68102"
NC,28655,G,MALE,Erie Family Life Insurance Company,ATTAINED_AGE,177.95,177.95,163.71,163.71,163.71,163.71,800-458-0811,https://www.erieinsurance.com/medicare-supplement,"100 Erie Insurance Place Erie, PA  16530"
NC,28655,G,MALE,American Benefit Life Insurance Company,ATTAINED_AGE,178.74,178.74,,,160.87,160.87,833-504-0331,https://lbig.com/,"1605 LBJ Freeway, Suite 700 Dallas, Texas 75234"
NC,28655,G,MALE,State Farm Mutual Automobile Insurance Company,ATTAINED_AGE,181.22,181.22,,,,,800-782-8332,https://www.statefarm.com/insurance/health/medicare-supplemental,"One State Farm Plaza, Bloomington, IL 61710"
NC,28655,G,MALE,Bankers Life (Underwritten by Washington National Insurance Company),ATTAINED_AGE,181.49,181.49,,,,,800-446-5018,https://www.bankerslife.com/medicare-supplement-insurance/?src=medicaregov&medium=listing,"11299 Illinois Street, Suite 200, Carmel, IN 46032"
NC,28655,G,MALE,USAA Life Insurance Company,ATTAINED_AGE,184.28,184.28,,,,,800-531-8722,https://www.usaa.com/inet/wc/insurance-health-medicare,"9800 Fredericksburg Rd. San Antonio, TX 78288"
NC,28655,G,MALE,AARP - UnitedHealthcare Insurance Company (Standard),COMMUNITY_RATED,186.79,186.79,165.12,165.12,,,888-378-0849,https://www.aarpmedicaresupplement.com/,PO Box 9003; Huntingdon Valley PA 19006
NC,28655,G,MALE,"Humana (Humana Benefit Plan of Illinois, Inc.)",ATTAINED_AGE,189.42,189.42,,,166.45,166.45,877-426-1269,https://www.humana.com/medicare/medicare-supplement-plans?kc=0321046030,"P.O. Box 14611 Lexington, KY 40512-4611"
NC,28655,G,MALE,New Era Life Insurance Company of the Midwest,ATTAINED_AGE,190.09,190.09,178.68,178.68,178.68,178.68,877-417-7555,http://www.neweralife.com/,"P.O. Box 4884, Houston, TX 77210-4884"
NC,28655,G,MALE,AARP - UnitedHealthcare Insurance Company of America (Standard),COMMUNITY_RATED,204.57,204.57,173.28,173.28,183.71,183.71,888-378-0849,https://www.aarpmedicaresupplement.com/,PO Box 9003; Huntingdon Valley PA 19006
NC,28655,G,MALE,BlueCross BlueShield of North Carolina,ATTAINED_AGE,205.5,205.5,,,,,800-478-0583,https://www.bluecrossnc.com/,"PO Box 2291 Durham, NC  27702-2291"
NC,28655,G,MALE,Aetna Health Insurance Company,ATTAINED_AGE,208.25,208.25,193.67,193.67,193.67,193.67,800-358-8749 ,https://www.aetnamedicare.com/,"PO Box 14088 Lexington, KY 40513"
NC,28655,G,MALE,Medico Insurance Company (Preferred),ATTAINED_AGE,209.48,209.48,,,184.34,184.34,800-228-6080,https://www.gomedico.com/,"P.O. Box 10386 Des Moines, IA 50306-0386"
NC,28655,G,MALE,Mutual of Omaha (Omaha Insurance Company),ATTAINED_AGE,212.34,212.34,,,186.86,186.86,855-977-6312,https://www.mutualofomaha.com/medicaregov/,"3300 Mutual of Omaha Plaza, Omaha, NE 68175"
NC,28655,G,MALE,Heartland National Life Insurance Company,ATTAINED_AGE,217.98,217.98,,,202.72,202.72,866-916-7971,http://www.heartlandnational.net/medicare.php,"P.O. Box 2878 Salt Lake City , UT 84110-2878"
NC,28655,G,MALE,Humana Achieve (CompBenefits Insurance Company),ATTAINED_AGE,221.35,221.35,,,194.55,194.55,888-602-7443,https://www.humana.com/medicare/medicare-supplement-plans?kc=0321046030,"P.O. Box 14611 Lexington, KY 40512-4614"
NC,28655,G,MALE,Bankers Life (Underwritten by Washington National Insurance Company) (Substandard),ATTAINED_AGE,224.06,224.06,,,,,800-446-5018,https://www.bankerslife.com/medicare-supplement-insurance/?src=medicaregov&medium=listing,"11299 Illinois Street, Suite 200, Carmel, IN 46032"
NC,28655,G,MALE,Medico Insurance Company (Standard I),ATTAINED_AGE,230.42,230.42,,,202.77,202.77,800-228-6080,https://www.gomedico.com/,"P.O. Box 10386 Des Moines, IA 50306-0386"
NC,28655,G,MALE,"Physicians Mutual Insurance Company, Inc.",ATTAINED_AGE,231.45,231.45,,,205.73,205.73,800-325-6300,https://www.physiciansmutual.com/cs/products/medsup/medsup.html,"2600 Dodge Street, Omaha, Nebraska 68131"
NC,28655,G,MALE,HealthSpring Insurance Company (Standard II),ATTAINED_AGE,257.89,257.89,,,,,877-607-6002,https://www.cigna.com/medicare/shop-plans/supplemental/,"PO Box 5700, Scranton PA 18505-5700"
NC,28655,G,MALE,Medico Insurance Company (Standard II),ATTAINED_AGE,261.85,261.85,,,230.43,230.43,800-228-6080,https://www.gomedico.com/,"P.O. Box 10386 Des Moines, IA 50306-0386"
NC,28655,G,MALE,GPM Health and Life Insurance Company,ATTAINED_AGE,312.66,312.66,,,290.77,290.77,866-242-7573,https://www.gpmhealthandlife.com/wps/portal/home/products/medicare-supplement,"2211 N.E. Loop 410 San Antonio, TX 78217-4630"
NC,28655,G,MALE,AARP - UnitedHealthcare Insurance Company (Level 2),COMMUNITY_RATED,318.95,318.95,282.11,282.11,,,888-378-0849,https://www.aarpmedicaresupplement.com/,PO Box 9003; Huntingdon Valley PA 19006
NC,28655,G,MALE,Guarantee Trust Life Insurance Company,ATTAINED_AGE,353.03,353.03,,,328.32,328.32,800-338-7452,https://www.gtlic.com/,"1275 Milwaukee Avenue Glenview, IL 60025"
NC,28655,G,MALE,United American Insurance Company,ATTAINED_AGE,357,357,,,,,800-331-2512,https://www2.unitedamerican.com/,"3700 S Stonebridge Dr, McKinney, TX 75070"
NC,28655,G,MALE,AARP - UnitedHealthcare Insurance Company of America (Level 2),COMMUNITY_RATED,569.58,569.58,483.54,483.54,512.22,512.22,888-378-0849,https://www.aarpmedicaresupplement.com/,PO Box 9003; Huntingdon Valley PA 19006
NC,28655,G,FEMALE,Atlantic Capital Life Assurance Company (Preferred),ATTAINED_AGE,114.97,114.97,,,106.92,106.92,866-458-1430,https://bankersfidelity.com/,"4370 Peachtree Road, NE Atlanta, GA  30319"
NC,28655,G,FEMALE,Nassau Life Insurance Company,ATTAINED_AGE,131.54,131.54,,,,,860-403-5000,https://www.nsre.com/,"One American Row, Hartford, CT  06103"
NC,28655,G,FEMALE,"Physicians Mutual Insurance Company, Inc. (Innovative)",ATTAINED_AGE,133.71,133.71,,,118.85,118.85,800-325-6300,https://www.physiciansmutual.com/cs/products/medsup/medsup.html,"2600 Dodge Street, Omaha, Nebraska 68131"
NC,28655,G,FEMALE,Old Surety Life Insurance Company,ISSUE_AGE,141.61,141.61,,,,,800-272-5466,http://www.oldsurety.com/,"5201 N Lincoln Blvd, Oklahoma City, OK 73105"
NC,28655,G,FEMALE,Atlantic Capital Life Assurance Company (Standard),ATTAINED_AGE,143.35,143.35,,,133.32,133.32,866-458-1430,https://bankersfidelity.com/,"4370 Peachtree Road, NE Atlanta, GA  30319"
NC,28655,G,FEMALE,Insurance Company of North America,ATTAINED_AGE,147.67,147.67,,,137.33,137.33,215-640-1000,https://www.chubb.com/microsites/ace-medicare-supplement.html,436 Walnut Street
NC,28655,G,FEMALE,LifeShield National Insurance Company,ATTAINED_AGE,148.31,148.31,,,137.93,137.93,800-851-5041,https://www.lifeshieldnational.com/,"5500 N Western Avenue, Suite 200, Oklahoma City, OK 73118"
NC,28655,G,FEMALE,HealthSpring Insurance Company,ATTAINED_AGE,149.5,149.5,,,,,877-607-6002,https://www.cigna.com/medicare/shop-plans/supplemental/,"PO Box 5700, Scranton PA 18505-5700"
NC,28655,G,FEMALE,AFLAC,ATTAINED_AGE,149.97,149.97,,,134.97,134.97,866-990-2668,https://www.aflac.com/individuals,"Aflac Tier One, PO Box 14863, Lexington, KY 40512-4863"
NC,28655,G,FEMALE,Lumos Insurance,ATTAINED_AGE,150.5,150.5,,,139.96,139.96,800-752-8328,https://www.lumosinsurance.com/life-health,"2701 North Main Street, Crossville, TN 38555"
NC,28655,G,FEMALE,WoodmenLife,ATTAINED_AGE,152.66,152.66,,,137.39,137.39,1-866-236-0029,https://www.woodmenlife.org/insurance/medicare-supplement-insurance/,"1700 Farnam Street, Omaha, NE 68102"
NC,28655,G,FEMALE,Erie Family Life Insurance Company,ATTAINED_AGE,154.71,154.71,142.33,142.33,,,800-458-0811,https://www.erieinsurance.com/medicare-supplement,"100 Erie Insurance Place Erie, PA  16530"
NC,28655,G,FEMALE,American Benefit Life Insurance Company,ATTAINED_AGE,155.43,155.43,,,139.89,139.89,833-504-0331,https://lbig.com/,"1605 LBJ Freeway, Suite 700 Dallas, Texas 75234"
NC,28655,G,FEMALE,Globe Life and Accident Insurance Company,ATTAINED_AGE,156,156,,,145.08,145.08,888-678-3403,https://www.globelifeinsurance.com/globecaremedsupp,"3700 S. Stonebridge Drive McKinney, TX 75070"
NC,28655,G,FEMALE,Bankers Life (Underwritten by Washington National Insurance Company),ATTAINED_AGE,163.34,163.34,,,,,800-446-5018,https://www.bankerslife.com/medicare-supplement-insurance/?src=medicaregov&medium=listing,"11299 Illinois Street, Suite 200, Carmel, IN 46032"
NC,28655,G,FEMALE,AARP - UnitedHealthcare Insurance Company (Standard),COMMUNITY_RATED,165.44,165.44,146.22,146.22,,,888-378-0849,https://www.aarpmedicaresupplement.com/,PO Box 9003; Huntingdon Valley PA 19006
NC,28655,G,FEMALE,"Humana (Humana Benefit Plan of Illinois, Inc.)",ATTAINED_AGE,167.63,167.63,,,147.27,147.27,877-426-1269,https://www.humana.com/medicare/medicare-supplement-plans?kc=0321046030,"P.O. Box 14611 Lexington, KY 40512-4611"
NC,28655,G,FEMALE,New Era Life Insurance Company of the Midwest,ATTAINED_AGE,172.8,172.8,162.43,162.43,,,877-417-7555,http://www.neweralife.com/,"P.O. Box 4884, Houston, TX 77210-4884"
NC,28655,G,FEMALE,State Farm Mutual Automobile Insurance Company,ATTAINED_AGE,177.14,177.14,,,,,800-782-8332,https://www.statefarm.com/insurance/health/medicare-supplemental,"One State Farm Plaza, Bloomington, IL 61710"
NC,28655,G,FEMALE,BlueCross BlueShield of North Carolina,ATTAINED_AGE,179.5,179.5,,,,,800-478-0583,https://www.bluecrossnc.com/,"PO Box 2291 Durham, NC  27702-2291"
NC,28655,G,FEMALE,AARP - UnitedHealthcare Insurance Company of America (Standard),COMMUNITY_RATED,180.95,180.95,153.2,153.2,162.45,162.45,888-378-0849,https://www.aarpmedicaresupplement.com/,PO Box 9003; Huntingdon Valley PA 19006
NC,28655,G,FEMALE,Aetna Health Insurance Company,ATTAINED_AGE,181.01,181.01,168.34,168.34,,,800-358-8749 ,https://www.aetnamedicare.com/,"PO Box 14088 Lexington, KY 40513"
NC,28655,G,FEMALE,Medico Insurance Company (Preferred),ATTAINED_AGE,182.15,182.15,,,160.29,160.29,800-228-6080,https://www.gomedico.com/,"P.O. Box 10386 Des Moines, IA 50306-0386"
NC,28655,G,FEMALE,USAA Life Insurance Company,ATTAINED_AGE,184.28,184.28,,,,,800-531-8722,https://www.usaa.com/inet/wc/insurance-health-medicare,"9800 Fredericksburg Rd. San Antonio, TX 78288"
NC,28655,G,FEMALE,Mutual of Omaha (Omaha Insurance Company),ATTAINED_AGE,184.64,184.64,,,162.48,162.48,855-977-6312,https://www.mutualofomaha.com/medicaregov/,"3300 Mutual of Omaha Plaza, Omaha, NE 68175"
NC,28655,G,FEMALE,Heartland National Life Insurance Company,ATTAINED_AGE,189.55,189.55,,,176.28,176.28,866-916-7971,http://www.heartlandnational.net/medicare.php,"P.O. Box 2878 Salt Lake City , UT 84110-2878"
NC,28655,G,FEMALE,Humana Achieve (CompBenefits Insurance Company),ATTAINED_AGE,192.48,192.48,,,169.14,169.14,888-602-7443,https://www.humana.com/medicare/medicare-supplement-plans?kc=0321046030,"P.O. Box 14611 Lexington, KY 40512-4614"
NC,28655,G,FEMALE,Medico Insurance Company (Standard I),ATTAINED_AGE,200.37,200.37,,,176.33,176.33,800-228-6080,https://www.gomedico.com/,"P.O. Box 10386 Des Moines, IA 50306-0386"
NC,28655,G,FEMALE,Bankers Life (Underwritten by Washington National Insurance Company) (Substandard),ATTAINED_AGE,201.65,201.65,,,,,800-446-5018,https://www.bankerslife.com/medicare-supplement-insurance/?src=medicaregov&medium=listing,"11299 Illinois Street, Suite 200, Carmel, IN 46032"
NC,28655,G,FEMALE,"Physicians Mutual Insurance Company, Inc.",ATTAINED_AGE,209.4,209.4,,,186.13,186.13,800-325-6300,https://www.physiciansmutual.com/cs/products/medsup/medsup.html,"2600 Dodge Street, Omaha, Nebraska 68131"
NC,28655,G,FEMALE,HealthSpring Insurance Company (Standard II),ATTAINED_AGE,224.25,224.25,,,,,877-607-6002,https://www.cigna.com/medicare/shop-plans/supplemental/,"PO Box 5700, Scranton PA 18505-5700"
NC,28655,G,FEMALE,Medico Insurance Company (Standard II),ATTAINED_AGE,227.69,227.69,,,200.37,200.37,800-228-6080,https://www.gomedico.com/,"P.O. Box 10386 Des Moines, IA 50306-0386"
NC,28655,G,FEMALE,GPM Health and Life Insurance Company,ATTAINED_AGE,271.87,271.87,,,252.84,252.84,866-242-7573,https://www.gpmhealthandlife.com/wps/portal/home/products/medicare-supplement,"2211 N.E. Loop 410 San Antonio, TX 78217-4630"
NC,28655,G,FEMALE,AARP - UnitedHealthcare Insurance Company (Level 2),COMMUNITY_RATED,282.65,282.65,249.98,249.98,,,888-378-0849,https://www.aarpmedicaresupplement.com/,PO Box 9003; Huntingdon Valley PA 19006
NC,28655,G,FEMALE,United American Insurance Company,ATTAINED_AGE,310,310,,,,,800-331-2512,https://www2.unitedamerican.com/,"3700 S Stonebridge Dr, McKinney, TX 75070"
NC,28655,G,FEMALE,Guarantee Trust Life Insurance Company,ATTAINED_AGE,315.2,315.2,,,293.14,293.14,800-338-7452,https://www.gtlic.com/,"1275 Milwaukee Avenue Glenview, IL 60025"
NC,28655,G,FEMALE,AARP - UnitedHealthcare Insurance Company of America (Level 2),COMMUNITY_RATED,504.63,504.63,428.33,428.33,453.76,453.76,888-378-0849,https://www.aarpmedicaresupplement.com/,PO Box 9003; Huntingdon Valley PA 19006
NC,28655,N,MALE,Atlantic Capital Life Assurance Company (Preferred),ATTAINED_AGE,101.7,101.7,,,94.58,94.58,866-458-1430,https://bankersfidelity.com/,"4370 Peachtree Road, NE Atlanta, GA  30319"
NC,28655,N,MALE,Bankers Life (Underwritten by Washington National Insurance Company),ATTAINED_AGE,105.76,105.76,,,,,800-446-5018,https://www.bankerslife.com/medicare-supplement-insurance/?src=medicaregov&medium=listing,"11299 Illinois Street, Suite 200, Carmel, IN 46032"
NC,28655,N,MALE,Insurance Company of North America,ATTAINED_AGE,110.33,110.33,,,102.61,102.61,215-640-1000,https://www.chubb.com/microsites/ace-medicare-supplement.html,436 Walnut Street
NC,28655,N,MALE,AFLAC,ATTAINED_AGE,111.32,111.32,,,100.19,100.19,866-990-2668,https://www.aflac.com/individuals,"Aflac Tier One, PO Box 14863, Lexington, KY 40512-4863"
NC,28655,N,MALE,Nassau Life Insurance Company,ATTAINED_AGE,112.31,112.31,,,,,860-403-5000,https://www.nsre.com/,"One American Row, Hartford, CT  06103"
NC,28655,N,MALE,Humana Achieve (CompBenefits Insurance Company),ATTAINED_AGE,113.66,113.66,,,99.78,99.78,888-602-7443,https://www.humana.com/medicare/medicare-supplement-plans?kc=0321046030,"P.O. Box 14611 Lexington, KY 40512-4614"
NC,28655,N,MALE,Lumos Insurance,ATTAINED_AGE,117.32,117.32,,,109.11,109.11,800-752-8328,https://www.lumosinsurance.com/life-health,"2701 North Main Street, Crossville, TN 38555"
NC,28655,N,MALE,HealthSpring Insurance Company,ATTAINED_AGE,125.5,125.5,,,,,877-607-6002,https://www.cigna.com/medicare/shop-plans/supplemental/,"PO Box 5700, Scranton PA 18505-5700"
NC,28655,N,MALE,Atlantic Capital Life Assurance Company (Standard),ATTAINED_AGE,126.77,126.77,,,117.9,117.9,866-458-1430,https://bankersfidelity.com/,"4370 Peachtree Road, NE Atlanta, GA  30319"
NC,28655,N,MALE,WoodmenLife,ATTAINED_AGE,127,127,,,114.3,114.3,1-866-236-0029,https://www.woodmenlife.org/insurance/medicare-supplement-insurance/,"1700 Farnam Street, Omaha, NE 68102"
NC,28655,N,MALE,LifeShield National Insurance Company,ATTAINED_AGE,127.41,127.41,,,118.49,118.49,800-851-5041,https://www.lifeshieldnational.com/,"5500 N Western Avenue, Suite 200, Oklahoma City, OK 73118"
NC,28655,N,MALE,Bankers Life (Underwritten by Washington National Insurance Company) (Substandard),ATTAINED_AGE,130.57,130.57,,,,,800-446-5018,https://www.bankerslife.com/medicare-supplement-insurance/?src=medicaregov&medium=listing,"11299 Illinois Street, Suite 200, Carmel, IN 46032"
NC,28655,N,MALE,"Humana (Humana Benefit Plan of Illinois, Inc.)",ATTAINED_AGE,134.39,134.39,,,118.02,118.02,877-426-1269,https://www.humana.com/medicare/medicare-supplement-plans?kc=0321046030,"P.O. Box 14611 Lexington, KY 40512-4611"
NC,28655,N,MALE,American Benefit Life Insurance Company,ATTAINED_AGE,135.13,135.13,,,121.62,121.62,833-504-0331,https://lbig.com/,"1605 LBJ Freeway, Suite 700 Dallas, Texas 75234"
NC,28655,N,MALE,Mutual of Omaha (Omaha Insurance Company),ATTAINED_AGE,136.76,136.76,,,120.35,120.35,855-977-6312,https://www.mutualofomaha.com/medicaregov/,"3300 Mutual of Omaha Plaza, Omaha, NE 68175"
NC,28655,N,MALE,State Farm Mutual Automobile Insurance Company,ATTAINED_AGE,140.17,140.17,,,,,800-782-8332,https://www.statefarm.com/insurance/health/medicare-supplemental,"One State Farm Plaza, Bloomington, IL 61710"
NC,28655,N,MALE,Aetna Health Insurance Company,ATTAINED_AGE,143.36,143.36,133.32,133.32,133.32,133.32,800-358-8749 ,https://www.aetnamedicare.com/,"PO Box 14088 Lexington, KY 40513"
NC,28655,N,MALE,New Era Life Insurance Company of the Midwest,ATTAINED_AGE,143.45,143.45,134.84,134.84,134.84,134.84,877-417-7555,http://www.neweralife.com/,"P.O. Box 4884, Houston, TX 77210-4884"
NC,28655,N,MALE,USAA Life Insurance Company,ATTAINED_AGE,144.33,144.33,,,,,800-531-8722,https://www.usaa.com/inet/wc/insurance-health-medicare,"9800 Fredericksburg Rd. San Antonio, TX 78288"
NC,28655,N,MALE,Globe Life and Accident Insurance Company,ATTAINED_AGE,145,145,,,134.85,134.85,888-678-3403,https://www.globelifeinsurance.com/globecaremedsupp,"3700 S. Stonebridge Drive McKinney, TX 75070"
NC,28655,N,MALE,GPM Health and Life Insurance Company,ATTAINED_AGE,147.66,147.66,,,137.32,137.32,866-242-7573,https://www.gpmhealthandlife.com/wps/portal/home/products/medicare-supplement,"2211 N.E. Loop 410 San Antonio, TX 78217-4630"
NC,28655,N,MALE,Erie Family Life Insurance Company,ATTAINED_AGE,147.68,147.68,135.87,135.87,135.87,135.87,800-458-0811,https://www.erieinsurance.com/medicare-supplement,"100 Erie Insurance Place Erie, PA  16530"
NC,28655,N,MALE,AARP - UnitedHealthcare Insurance Company of America (Standard),COMMUNITY_RATED,148.02,148.02,125.21,125.21,132.81,132.81,888-378-0849,https://www.aarpmedicaresupplement.com/,PO Box 9003; Huntingdon Valley PA 19006
NC,28655,N,MALE,Medico Insurance Company (Preferred),ATTAINED_AGE,153.78,153.78,,,135.33,135.33,800-228-6080,https://www.gomedico.com/,"P.O. Box 10386 Des Moines, IA 50306-0386"
NC,28655,N,MALE,Medico Insurance Company (Standard I),ATTAINED_AGE,169.16,169.16,,,148.86,148.86,800-228-6080,https://www.gomedico.com/,"P.O. Box 10386 Des Moines, IA 50306-0386"
NC,28655,N,MALE,Heartland National Life Insurance Company,ATTAINED_AGE,171.53,171.53,,,159.52,159.52,866-916-7971,http://www.heartlandnational.net/medicare.php,"P.O. Box 2878 Salt Lake City , UT 84110-2878"
NC,28655,N,MALE,BlueCross BlueShield of North Carolina,ATTAINED_AGE,172.75,172.75,,,,,800-478-0583,https://www.bluecrossnc.com/,"PO Box 2291 Durham, NC  27702-2291"
NC,28655,N,MALE,AARP - UnitedHealthcare Insurance Company (Standard),COMMUNITY_RATED,176.73,176.73,156.22,156.22,,,888-378-0849,https://www.aarpmedicaresupplement.com/,PO Box 9003; Huntingdon Valley PA 19006
NC,28655,N,MALE,HealthSpring Insurance Company (Standard II),ATTAINED_AGE,188.24,188.24,,,,,877-607-6002,https://www.cigna.com/medicare/shop-plans/supplemental/,"PO Box 5700, Scranton PA 18505-5700"
NC,28655,N,MALE,Medico Insurance Company (Standard II),ATTAINED_AGE,192.23,192.23,,,169.16,169.16,800-228-6080,https://www.gomedico.com/,"P.O. Box 10386 Des Moines, IA 50306-0386"
NC,28655,N,MALE,"Physicians Mutual Insurance Company, Inc.",ATTAINED_AGE,214.51,214.51,,,190.68,190.68,800-325-6300,https://www.physiciansmutual.com/cs/products/medsup/medsup.html,"2600 Dodge Street, Omaha, Nebraska 68131"
NC,28655,N,MALE,Guarantee Trust Life Insurance Company,ATTAINED_AGE,228.33,228.33,,,212.35,212.35,800-338-7452,https://www.gtlic.com/,"1275 Milwaukee Avenue Glenview, IL 60025"
NC,28655,N,MALE,AARP - UnitedHealthcare Insurance Company (Level 2),COMMUNITY_RATED,301.84,301.84,266.97,266.97,,,888-378-0849,https://www.aarpmedicaresupplement.com/,PO Box 9003; Huntingdon Valley PA 19006
NC,28655,N,MALE,United American Insurance Company,ATTAINED_AGE,361,361,,,,,800-331-2512,https://www2.unitedamerican.com/,"3700 S Stonebridge Dr, McKinney, TX 75070"
NC,28655,N,MALE,AARP - UnitedHealthcare Insurance Company of America (Level 2),COMMUNITY_RATED,493.1,493.1,418.53,418.53,443.39,443.39,888-378-0849,https://www.aarpmedicaresupplement.com/,PO Box 9003; Huntingdon Valley PA 19006
NC,28655,N,FEMALE,Atlantic Capital Life Assurance Company (Preferred),ATTAINED_AGE,88.67,88.67,,,82.46,82.46,866-458-1430,https://bankersfidelity.com/,"4370 Peachtree Road, NE Atlanta, GA  30319"
NC,28655,N,FEMALE,Bankers Life (Underwritten by Washington National Insurance Company),ATTAINED_AGE,95.18,95.18,,,,,800-446-5018,https://www.bankerslife.com/medicare-supplement-insurance/?src=medicaregov&medium=listing,"11299 Illinois Street, Suite 200, Carmel, IN 46032"
NC,28655,N,FEMALE,AFLAC,ATTAINED_AGE,97.18,97.18,,,87.46,87.46,866-990-2668,https://www.aflac.com/individuals,"Aflac Tier One, PO Box 14863, Lexington, KY 40512-4863"
NC,28655,N,FEMALE,Insurance Company of North America,ATTAINED_AGE,97.5,97.5,,,90.68,90.68,215-640-1000,https://www.chubb.com/microsites/ace-medicare-supplement.html,436 Walnut Street
NC,28655,N,FEMALE,Nassau Life Insurance Company,ATTAINED_AGE,97.71,97.71,,,,,860-403-5000,https://www.nsre.com/,"One American Row, Hartford, CT  06103"
NC,28655,N,FEMALE,Humana Achieve (CompBenefits Insurance Company),ATTAINED_AGE,98.83,98.83,,,86.73,86.73,888-602-7443,https://www.humana.com/medicare/medicare-supplement-plans?kc=0321046030,"P.O. Box 14611 Lexington, KY 40512-4614"
NC,28655,N,FEMALE,Lumos Insurance,ATTAINED_AGE,106.72,106.72,,,99.25,99.25,800-752-8328,https://www.lumosinsurance.com/life-health,"2701 North Main Street, Crossville, TN 38555"
NC,28655,N,FEMALE,HealthSpring Insurance Company,ATTAINED_AGE,109.13,109.13,,,,,877-607-6002,https://www.cigna.com/medicare/shop-plans/supplemental/,"PO Box 5700, Scranton PA 18505-5700"
NC,28655,N,FEMALE,WoodmenLife,ATTAINED_AGE,110.44,110.44,,,99.4,99.4,1-866-236-0029,https://www.woodmenlife.org/insurance/medicare-supplement-insurance/,"1700 Farnam Street, Omaha, NE 68102"
NC,28655,N,FEMALE,Atlantic Capital Life Assurance Company (Standard),ATTAINED_AGE,110.48,110.48,,,102.75,102.75,866-458-1430,https://bankersfidelity.com/,"4370 Peachtree Road, NE Atlanta, GA  30319"
NC,28655,N,FEMALE,LifeShield National Insurance Company,ATTAINED_AGE,110.79,110.79,,,103.03,103.03,800-851-5041,https://www.lifeshieldnational.com/,"5500 N Western Avenue, Suite 200, Oklahoma City, OK 73118"
NC,28655,N,FEMALE,Bankers Life (Underwritten by Washington National Insurance Company) (Substandard),ATTAINED_AGE,117.5,117.5,,,,,800-446-5018,https://www.bankerslife.com/medicare-supplement-insurance/?src=medicaregov&medium=listing,"11299 Illinois Street, Suite 200, Carmel, IN 46032"
NC,28655,N,FEMALE,American Benefit Life Insurance Company,ATTAINED_AGE,117.51,117.51,,,105.76,105.76,833-504-0331,https://lbig.com/,"1605 LBJ Freeway, Suite 700 Dallas, Texas 75234"
NC,28655,N,FEMALE,"Humana (Humana Benefit Plan of Illinois, Inc.)",ATTAINED_AGE,118.93,118.93,,,104.42,104.42,877-426-1269,https://www.humana.com/medicare/medicare-supplement-plans?kc=0321046030,"P.O. Box 14611 Lexington, KY 40512-4611"
NC,28655,N,FEMALE,Mutual of Omaha (Omaha Insurance Company),ATTAINED_AGE,118.93,118.93,,,104.66,104.66,855-977-6312,https://www.mutualofomaha.com/medicaregov/,"3300 Mutual of Omaha Plaza, Omaha, NE 68175"
NC,28655,N,FEMALE,Aetna Health Insurance Company,ATTAINED_AGE,124.53,124.53,115.81,115.81,,,800-358-8749 ,https://www.aetnamedicare.com/,"PO Box 14088 Lexington, KY 40513"
NC,28655,N,FEMALE,New Era Life Insurance Company of the Midwest,ATTAINED_AGE,126.95,126.95,119.33,119.33,,,877-417-7555,http://www.neweralife.com/,"P.O. Box 4884, Houston, TX 77210-4884"
NC,28655,N,FEMALE,GPM Health and Life Insurance Company,ATTAINED_AGE,128.39,128.39,,,119.4,119.4,866-242-7573,https://www.gpmhealthandlife.com/wps/portal/home/products/medicare-supplement,"2211 N.E. Loop 410 San Antonio, TX 78217-4630"
NC,28655,N,FEMALE,Erie Family Life Insurance Company,ATTAINED_AGE,128.4,128.4,118.13,118.13,,,800-458-0811,https://www.erieinsurance.com/medicare-supplement,"100 Erie Insurance Place Erie, PA  16530"
NC,28655,N,FEMALE,AARP - UnitedHealthcare Insurance Company of America (Standard),COMMUNITY_RATED,130.81,130.81,110.58,110.58,117.32,117.32,888-378-0849,https://www.aarpmedicaresupplement.com/,PO Box 9003; Huntingdon Valley PA 19006
NC,28655,N,FEMALE,Medico Insurance Company (Preferred),ATTAINED_AGE,133.72,133.72,,,117.67,117.67,800-228-6080,https://www.gomedico.com/,"P.O. Box 10386 Des Moines, IA 50306-0386"
NC,28655,N,FEMALE,State Farm Mutual Automobile Insurance Company,ATTAINED_AGE,134.39,134.39,,,,,800-782-8332,https://www.statefarm.com/insurance/health/medicare-supplemental,"One State Farm Plaza, Bloomington, IL 61710"
NC,28655,N,FEMALE,Globe Life and Accident Insurance Company,ATTAINED_AGE,135,135,,,125.55,125.55,888-678-3403,https://www.globelifeinsurance.com/globecaremedsupp,"3700 S. Stonebridge Drive McKinney, TX 75070"
NC,28655,N,FEMALE,USAA Life Insurance Company,ATTAINED_AGE,144.33,144.33,,,,,800-531-8722,https://www.usaa.com/inet/wc/insurance-health-medicare,"9800 Fredericksburg Rd. San Antonio, TX 78288"
NC,28655,N,FEMALE,Medico Insurance Company (Standard I),ATTAINED_AGE,147.09,147.09,,,129.44,129.44,800-228-6080,https://www.gomedico.com/,"P.O. Box 10386 Des Moines, IA 50306-0386"
NC,28655,N,FEMALE,Heartland National Life Insurance Company,ATTAINED_AGE,149.16,149.16,,,138.72,138.72,866-916-7971,http://www.heartlandnational.net/medicare.php,"P.O. Box 2878 Salt Lake City , UT 84110-2878"
NC,28655,N,FEMALE,BlueCross BlueShield of North Carolina,ATTAINED_AGE,150.75,150.75,,,,,800-478-0583,https://www.bluecrossnc.com/,"PO Box 2291 Durham, NC  27702-2291"
NC,28655,N,FEMALE,AARP - UnitedHealthcare Insurance Company (Standard),COMMUNITY_RATED,156.6,156.6,138.4,138.4,,,888-378-0849,https://www.aarpmedicaresupplement.com/,PO Box 9003; Huntingdon Valley PA 19006
NC,28655,N,FEMALE,HealthSpring Insurance Company (Standard II),ATTAINED_AGE,163.69,163.69,,,,,877-607-6002,https://www.cigna.com/medicare/shop-plans/supplemental/,"PO Box 5700, Scranton PA 18505-5700"
NC,28655,N,FEMALE,Medico Insurance Company (Standard II),ATTAINED_AGE,167.15,167.15,,,147.09,147.09,800-228-6080,https://www.gomedico.com/,"P.O. Box 10386 Des Moines, IA 50306-0386"
NC,28655,N,FEMALE,"Physicians Mutual Insurance Company, Inc.",ATTAINED_AGE,194.08,194.08,,,172.52,172.52,800-325-6300,https://www.physiciansmutual.com/cs/products/medsup/medsup.html,"2600 Dodge Street, Omaha, Nebraska 68131"
NC,28655,N,FEMALE,Guarantee Trust Life Insurance Company,ATTAINED_AGE,203.86,203.86,,,189.59,189.59,800-338-7452,https://www.gtlic.com/,"1275 Milwaukee Avenue Glenview, IL 60025"
NC,28655,N,FEMALE,AARP - UnitedHealthcare Insurance Company (Level 2),COMMUNITY_RATED,267.62,267.62,236.68,236.68,,,888-378-0849,https://www.aarpmedicaresupplement.com/,PO Box 9003; Huntingdon Valley PA 19006
NC,28655,N,FEMALE,United American Insurance Company,ATTAINED_AGE,314,314,,,,,800-331-2512,https://www2.unitedamerican.com/,"3700 S Stonebridge Dr, McKinney, TX 75070"
NC,28655,N,FEMALE,AARP - UnitedHealthcare Insurance Company of America (Level 2),COMMUNITY_RATED,436.82,436.82,370.69,370.69,392.73,392.73,888-378-0849,https://www.aarpmedicaresupplement.com/,PO Box 9003; Huntingdon Valley PA 19006
NC,28677,G,MALE,Atlantic Capital Life Assurance Company (Preferred),ATTAINED_AGE,131.94,131.94,,,122.7,122.7,866-458-1430,https://bankersfidelity.com/,"4370 Peachtree Road, NE Atlanta, GA  30319"
NC,28677,G,MALE,"Physicians Mutual Insurance Company, Inc. (Innovative)",ATTAINED_AGE,147.79,147.79,,,131.37,131.37,800-325-6300,https://www.physiciansmutual.com/cs/products/medsup/medsup.html,"2600 Dodge Street, Omaha, Nebraska 68131"
NC,28677,G,MALE,Nassau Life Insurance Company,ATTAINED_AGE,151.2,151.2,,,,,860-403-5000,https://www.nsre.com/,"One American Row, Hartford, CT  06103"
NC,28677,G,MALE,Old Surety Life Insurance Company,ISSUE_AGE,162.85,162.85,,,,,800-272-5466,http://www.oldsurety.com/,"5201 N Lincoln Blvd, Oklahoma City, OK 73105"
NC,28677,G,MALE,Atlantic Capital Life Assurance Company (Standard),ATTAINED_AGE,164.56,164.56,,,153.04,153.04,866-458-1430,https://bankersfidelity.com/,"4370 Peachtree Road, NE Atlanta, GA  30319"
NC,28677,G,MALE,Lumos Insurance,ATTAINED_AGE,165.54,165.54,,,153.95,153.95,800-752-8328,https://www.lumosinsurance.com/life-health,"2701 North Main Street, Crossville, TN 38555"
NC,28677,G,MALE,Insurance Company of North America,ATTAINED_AGE,166.75,166.75,,,155.08,155.08,215-640-1000,https://www.chubb.com/microsites/ace-medicare-supplement.html,436 Walnut Street
NC,28677,G,MALE,Globe Life and Accident Insurance Company,ATTAINED_AGE,168,168,,,156.24,156.24,888-678-3403,https://www.globelifeinsurance.com/globecaremedsupp,"3700 S. Stonebridge Drive McKinney, TX 75070"
NC,28677,G,MALE,LifeShield National Insurance Company,ATTAINED_AGE,170.56,170.56,,,158.62,158.62,800-851-5041,https://www.lifeshieldnational.com/,"5500 N Western Avenue, Suite 200, Oklahoma City, OK 73118"
NC,28677,G,MALE,AFLAC,ATTAINED_AGE,171.79,171.79,,,154.61,154.61,866-990-2668,https://www.aflac.com/individuals,"Aflac Tier One, PO Box 14863, Lexington, KY 40512-4863"
NC,28677,G,MALE,HealthSpring Insurance Company,ATTAINED_AGE,171.92,171.92,,,,,877-607-6002,https://www.cigna.com/medicare/shop-plans/supplemental/,"PO Box 5700, Scranton PA 18505-5700"
NC,28677,G,MALE,WoodmenLife,ATTAINED_AGE,175.57,175.57,,,158.01,158.01,1-866-236-0029,https://www.woodmenlife.org/insurance/medicare-supplement-insurance/,"1700 Farnam Street, Omaha, NE 68102"
NC,28677,G,MALE,Erie Family Life Insurance Company,ATTAINED_AGE,177.95,177.95,163.71,163.71,163.71,163.71,800-458-0811,https://www.erieinsurance.com/medicare-supplement,"100 Erie Insurance Place Erie, PA  16530"
NC,28677,G,MALE,American Benefit Life Insurance Company,ATTAINED_AGE,178.74,178.74,,,160.87,160.87,833-504-0331,https://lbig.com/,"1605 LBJ Freeway, Suite 700 Dallas, Texas 75234"
NC,28677,G,MALE,State Farm Mutual Automobile Insurance Company,ATTAINED_AGE,181.22,181.22,,,,,800-782-8332,https://www.statefarm.com/insurance/health/medicare-supplemental,"One State Farm Plaza, Bloomington, IL 61710"
NC,28677,G,MALE,Bankers Life (Underwritten by Washington National Insurance Company),ATTAINED_AGE,181.49,181.49,,,,,800-446-5018,https://www.bankerslife.com/medicare-supplement-insurance/?src=medicaregov&medium=listing,"11299 Illinois Street, Suite 200, Carmel, IN 46032"
NC,28677,G,MALE,USAA Life Insurance Company,ATTAINED_AGE,184.28,184.28,,,,,800-531-8722,https://www.usaa.com/inet/wc/insurance-health-medicare,"9800 Fredericksburg Rd. San Antonio, TX 78288"
NC,28677,G,MALE,AARP - UnitedHealthcare Insurance Company (Standard),COMMUNITY_RATED,186.79,186.79,165.12,165.12,,,888-378-0849,https://www.aarpmedicaresupplement.com/,PO Box 9003; Huntingdon Valley PA 19006
NC,28677,G,MALE,"Humana (Humana Benefit Plan of Illinois, Inc.)",ATTAINED_AGE,189.42,189.42,,,166.45,166.45,877-426-1269,https://www.humana.com/medicare/medicare-supplement-plans?kc=0321046030,"P.O. Box 14611 Lexington, KY 40512-4611"
NC,28677,G,MALE,New Era Life Insurance Company of the Midwest,ATTAINED_AGE,190.09,190.09,178.68,178.68,178.68,178.68,877-417-7555,http://www.neweralife.com/,"P.O. Box 4884, Houston, TX 77210-4884"
NC,28677,G,MALE,AARP - UnitedHealthcare Insurance Company of America (Standard),COMMUNITY_RATED,204.57,204.57,173.28,173.28,183.71,183.71,888-378-0849,https://www.aarpmedicaresupplement.com/,PO Box 9003; Huntingdon Valley PA 19006
NC,28677,G,MALE,BlueCross BlueShield of North Carolina,ATTAINED_AGE,205.5,205.5,,,,,800-478-0583,https://www.bluecrossnc.com/,"PO Box 2291 Durham, NC  27702-2291"
NC,28677,G,MALE,Aetna Health Insurance Company,ATTAINED_AGE,208.25,208.25,193.67,193.67,193.67,193.67,800-358-8749 ,https://www.aetnamedicare.com/,"PO Box 14088 Lexington, KY 40513"
NC,28677,G,MALE,Medico Insurance Company (Preferred),ATTAINED_AGE,209.48,209.48,,,184.34,184.34,800-228-6080,https://www.gomedico.com/,"P.O. Box 10386 Des Moines, IA 50306-0386"
NC,28677,G,MALE,Mutual of Omaha (Omaha Insurance Company),ATTAINED_AGE,212.34,212.34,,,186.86,186.86,855-977-6312,https://www.mutualofomaha.com/medicaregov/,"3300 Mutual of Omaha Plaza, Omaha, NE 68175"
NC,28677,G,MALE,Heartland National Life Insurance Company,ATTAINED_AGE,217.98,217.98,,,202.72,202.72,866-916-7971,http://www.heartlandnational.net/medicare.php,"P.O. Box 2878 Salt Lake City , UT 84110-2878"
NC,28677,G,MALE,Humana Achieve (CompBenefits Insurance Company),ATTAINED_AGE,221.35,221.35,,,194.55,194.55,888-602-7443,https://www.humana.com/medicare/medicare-supplement-plans?kc=0321046030,"P.O. Box 14611 Lexington, KY 40512-4614"
NC,28677,G,MALE,Bankers Life (Underwritten by Washington National Insurance Company) (Substandard),ATTAINED_AGE,224.06,224.06,,,,,800-446-5018,https://www.bankerslife.com/medicare-supplement-insurance/?src=medicaregov&medium=listing,"11299 Illinois Street, Suite 200, Carmel, IN 46032"
NC,28677,G,MALE,Medico Insurance Company (Standard I),ATTAINED_AGE,230.42,230.42,,,202.77,202.77,800-228-6080,https://www.gomedico.com/,"P.O. Box 10386 Des Moines, IA 50306-0386"
NC,28677,G,MALE,"Physicians Mutual Insurance Company, Inc.",ATTAINED_AGE,231.45,231.45,,,205.73,205.73,800-325-6300,https://www.physiciansmutual.com/cs/products/medsup/medsup.html,"2600 Dodge Street, Omaha, Nebraska 68131"
NC,28677,G,MALE,HealthSpring Insurance Company (Standard II),ATTAINED_AGE,257.89,257.89,,,,,877-607-6002,https://www.cigna.com/medicare/shop-plans/supplemental/,"PO Box 5700, Scranton PA 18505-5700"
NC,28677,G,MALE,Medico Insurance Company (Standard II),ATTAINED_AGE,261.85,261.85,,,230.43,230.43,800-228-6080,https://www.gomedico.com/,"P.O. Box 10386 Des Moines, IA 50306-0386"
NC,28677,G,MALE,GPM Health and Life Insurance Company,ATTAINED_AGE,312.66,312.66,,,290.77,290.77,866-242-7573,https://www.gpmhealthandlife.com/wps/portal/home/products/medicare-supplement,"2211 N.E. Loop 410 San Antonio, TX 78217-4630"
NC,28677,G,MALE,AARP - UnitedHealthcare Insurance Company (Level 2),COMMUNITY_RATED,318.95,318.95,282.11,282.11,,,888-378-0849,https://www.aarpmedicaresupplement.com/,PO Box 9003; Huntingdon Valley PA 19006
NC,28677,G,MALE,Guarantee Trust Life Insurance Company,ATTAINED_AGE,353.03,353.03,,,328.32,328.32,800-338-7452,https://www.gtlic.com/,"1275 Milwaukee Avenue Glenview, IL 60025"
NC,28677,G,MALE,United American Insurance Company,ATTAINED_AGE,357,357,,,,,800-331-2512,https://www2.unitedamerican.com/,"3700 S Stonebridge Dr, McKinney, TX 75070"
NC,28677,G,MALE,AARP - UnitedHealthcare Insurance Company of America (Level 2),COMMUNITY_RATED,569.58,569.58,483.54,483.54,512.22,512.22,888-378-0849,https://www.aarpmedicaresupplement.com/,PO Box 9003; Huntingdon Valley PA 19006
NC,28677,G,FEMALE,Atlantic Capital Life Assurance Company (Preferred),ATTAINED_AGE,114.97,114.97,,,106.92,106.92,866-458-1430,https://bankersfidelity.com/,"4370 Peachtree Road, NE Atlanta, GA  30319"
NC,28677,G,FEMALE,Nassau Life Insurance Company,ATTAINED_AGE,131.54,131.54,,,,,860-403-5000,https://www.nsre.com/,"One American Row, Hartford, CT  06103"
NC,28677,G,FEMALE,"Physicians Mutual Insurance Company, Inc. (Innovative)",ATTAINED_AGE,133.71,133.71,,,118.85,118.85,800-325-6300,https://www.physiciansmutual.com/cs/products/medsup/medsup.html,"2600 Dodge Street, Omaha, Nebraska 68131"
NC,28677,G,FEMALE,Old Surety Life Insurance Company,ISSUE_AGE,141.61,141.61,,,,,800-272-5466,http://www.oldsurety.com/,"5201 N Lincoln Blvd, Oklahoma City, OK 73105"
NC,28677,G,FEMALE,Atlantic Capital Life Assurance Company (Standard),ATTAINED_AGE,143.35,143.35,,,133.32,133.32,866-458-1430,https://bankersfidelity.com/,"4370 Peachtree Road, NE Atlanta, GA  30319"
NC,28677,G,FEMALE,Insurance Company of North America,ATTAINED_AGE,147.67,147.67,,,137.33,137.33,215-640-1000,https://www.chubb.com/microsites/ace-medicare-supplement.html,436 Walnut Street
NC,28677,G,FEMALE,LifeShield National Insurance Company,ATTAINED_AGE,148.31,148.31,,,137.93,137.93,800-851-5041,https://www.lifeshieldnational.com/,"5500 N Western Avenue, Suite 200, Oklahoma City, OK 73118"
NC,28677,G,FEMALE,HealthSpring Insurance Company,ATTAINED_AGE,149.5,149.5,,,,,877-607-6002,https://www.cigna.com/medicare/shop-plans/supplemental/,"PO Box 5700, Scranton PA 18505-5700"
NC,28677,G,FEMALE,AFLAC,ATTAINED_AGE,149.97,149.97,,,134.97,134.97,866-990-2668,https://www.aflac.com/individuals,"Aflac Tier One, PO Box 14863, Lexington, KY 40512-4863"
NC,28677,G,FEMALE,Lumos Insurance,ATTAINED_AGE,150.5,150.5,,,139.96,139.96,800-752-8328,https://www.lumosinsurance.com/life-health,"2701 North Main Street, Crossville, TN 38555"
NC,28677,G,FEMALE,WoodmenLife,ATTAINED_AGE,152.66,152.66,,,137.39,137.39,1-866-236-0029,https://www.woodmenlife.org/insurance/medicare-supplement-insurance/,"1700 Farnam Street, Omaha, NE 68102"
NC,28677,G,FEMALE,Erie Family Life Insurance Company,ATTAINED_AGE,154.71,154.71,142.33,142.33,,,800-458-0811,https://www.erieinsurance.com/medicare-supplement,"100 Erie Insurance Place Erie, PA  16530"
NC,28677,G,FEMALE,American Benefit Life Insurance Company,ATTAINED_AGE,155.43,155.43,,,139.89,139.89,833-504-0331,https://lbig.com/,"1605 LBJ Freeway, Suite 700 Dallas, Texas 75234"
NC,28677,G,FEMALE,Globe Life and Accident Insurance Company,ATTAINED_AGE,156,156,,,145.08,145.08,888-678-3403,https://www.globelifeinsurance.com/globecaremedsupp,"3700 S. Stonebridge Drive McKinney, TX 75070"
NC,28677,G,FEMALE,Bankers Life (Underwritten by Washington National Insurance Company),ATTAINED_AGE,163.34,163.34,,,,,800-446-5018,https://www.bankerslife.com/medicare-supplement-insurance/?src=medicaregov&medium=listing,"11299 Illinois Street, Suite 200, Carmel, IN 46032"
NC,28677,G,FEMALE,AARP - UnitedHealthcare Insurance Company (Standard),COMMUNITY_RATED,165.44,165.44,146.22,146.22,,,888-378-0849,https://www.aarpmedicaresupplement.com/,PO Box 9003; Huntingdon Valley PA 19006
NC,28677,G,FEMALE,"Humana (Humana Benefit Plan of Illinois, Inc.)",ATTAINED_AGE,167.63,167.63,,,147.27,147.27,877-426-1269,https://www.humana.com/medicare/medicare-supplement-plans?kc=0321046030,"P.O. Box 14611 Lexington, KY 40512-4611"
NC,28677,G,FEMALE,New Era Life Insurance Company of the Midwest,ATTAINED_AGE,172.8,172.8,162.43,162.43,,,877-417-7555,http://www.neweralife.com/,"P.O. Box 4884, Houston, TX 77210-4884"
NC,28677,G,FEMALE,State Farm Mutual Automobile Insurance Company,ATTAINED_AGE,177.14,177.14,,,,,800-782-8332,https://www.statefarm.com/insurance/health/medicare-supplemental,"One State Farm Plaza, Bloomington, IL 61710"
NC,28677,G,FEMALE,BlueCross BlueShield of North Carolina,ATTAINED_AGE,179.5,179.5,,,,,800-478-0583,https://www.bluecrossnc.com/,"PO Box 2291 Durham, NC  27702-2291"
NC,28677,G,FEMALE,AARP - UnitedHealthcare Insurance Company of America (Standard),COMMUNITY_RATED,180.95,180.95,153.2,153.2,162.45,162.45,888-378-0849,https://www.aarpmedicaresupplement.com/,PO Box 9003; Huntingdon Valley PA 19006
NC,28677,G,FEMALE,Aetna Health Insurance Company,ATTAINED_AGE,181.01,181.01,168.34,168.34,,,800-358-8749 ,https://www.aetnamedicare.com/,"PO Box 14088 Lexington, KY 40513"
NC,28677,G,FEMALE,Medico Insurance Company (Preferred),ATTAINED_AGE,182.15,182.15,,,160.29,160.29,800-228-6080,https://www.gomedico.com/,"P.O. Box 10386 Des Moines, IA 50306-0386"
NC,28677,G,FEMALE,USAA Life Insurance Company,ATTAINED_AGE,184.28,184.28,,,,,800-531-8722,https://www.usaa.com/inet/wc/insurance-health-medicare,"9800 Fredericksburg Rd. San Antonio, TX 78288"
NC,28677,G,FEMALE,Mutual of Omaha (Omaha Insurance Company),ATTAINED_AGE,184.64,184.64,,,162.48,162.48,855-977-6312,https://www.mutualofomaha.com/medicaregov/,"3300 Mutual of Omaha Plaza, Omaha, NE 68175"
NC,28677,G,FEMALE,Heartland National Life Insurance Company,ATTAINED_AGE,189.55,189.55,,,176.28,176.28,866-916-7971,http://www.heartlandnational.net/medicare.php,"P.O. Box 2878 Salt Lake City , UT 84110-2878"
NC,28677,G,FEMALE,Humana Achieve (CompBenefits Insurance Company),ATTAINED_AGE,192.48,192.48,,,169.14,169.14,888-602-7443,https://www.humana.com/medicare/medicare-supplement-plans?kc=0321046030,"P.O. Box 14611 Lexington, KY 40512-4614"
NC,28677,G,FEMALE,Medico Insurance Company (Standard I),ATTAINED_AGE,200.37,200.37,,,176.33,176.33,800-228-6080,https://www.gomedico.com/,"P.O. Box 10386 Des Moines, IA 50306-0386"
NC,28677,G,FEMALE,Bankers Life (Underwritten by Washington National Insurance Company) (Substandard),ATTAINED_AGE,201.65,201.65,,,,,800-446-5018,https://www.bankerslife.com/medicare-supplement-insurance/?src=medicaregov&medium=listing,"11299 Illinois Street, Suite 200, Carmel, IN 46032"
NC,28677,G,FEMALE,"Physicians Mutual Insurance Company, Inc.",ATTAINED_AGE,209.4,209.4,,,186.13,186.13,800-325-6300,https://www.physiciansmutual.com/cs/products/medsup/medsup.html,"2600 Dodge Street, Omaha, Nebraska 68131"
NC,28677,G,FEMALE,HealthSpring Insurance Company (Standard II),ATTAINED_AGE,224.25,224.25,,,,,877-607-6002,https://www.cigna.com/medicare/shop-plans/supplemental/,"PO Box 5700, Scranton PA 18505-5700"
NC,28677,G,FEMALE,Medico Insurance Company (Standard II),ATTAINED_AGE,227.69,227.69,,,200.37,200.37,800-228-6080,https://www.gomedico.com/,"P.O. Box 10386 Des Moines, IA 50306-0386"
NC,28677,G,FEMALE,GPM Health and Life Insurance Company,ATTAINED_AGE,271.87,271.87,,,252.84,252.84,866-242-7573,https://www.gpmhealthandlife.com/wps/portal/home/products/medicare-supplement,"2211 N.E. Loop 410 San Antonio, TX 78217-4630"
NC,28677,G,FEMALE,AARP - UnitedHealthcare Insurance Company (Level 2),COMMUNITY_RATED,282.65,282.65,249.98,249.98,,,888-378-0849,https://www.aarpmedicaresupplement.com/,PO Box 9003; Huntingdon Valley PA 19006
NC,28677,G,FEMALE,United American Insurance Company,ATTAINED_AGE,310,310,,,,,800-331-2512,https://www2.unitedamerican.com/,"3700 S Stonebridge Dr, McKinney, TX 75070"
NC,28677,G,FEMALE,Guarantee Trust Life Insurance Company,ATTAINED_AGE,315.2,315.2,,,293.14,293.14,800-338-7452,https://www.gtlic.com/,"1275 Milwaukee Avenue Glenview, IL 60025"
NC,28677,G,FEMALE,AARP - UnitedHealthcare Insurance Company of America (Level 2),COMMUNITY_RATED,504.63,504.63,428.33,428.33,453.76,453.76,888-378-0849,https://www.aarpmedicaresupplement.com/,PO Box 9003; Huntingdon Valley PA 19006
NC,28677,N,MALE,Atlantic Capital Life Assurance Company (Preferred),ATTAINED_AGE,101.7,101.7,,,94.58,94.58,866-458-1430,https://bankersfidelity.com/,"4370 Peachtree Road, NE Atlanta, GA  30319"
NC,28677,N,MALE,Bankers Life (Underwritten by Washington National Insurance Company),ATTAINED_AGE,105.76,105.76,,,,,800-446-5018,https://www.bankerslife.com/medicare-supplement-insurance/?src=medicaregov&medium=listing,"11299 Illinois Street, Suite 200, Carmel, IN 46032"
NC,28677,N,MALE,Insurance Company of North America,ATTAINED_AGE,110.33,110.33,,,102.61,102.61,215-640-1000,https://www.chubb.com/microsites/ace-medicare-supplement.html,436 Walnut Street
NC,28677,N,MALE,AFLAC,ATTAINED_AGE,111.32,111.32,,,100.19,100.19,866-990-2668,https://www.aflac.com/individuals,"Aflac Tier One, PO Box 14863, Lexington, KY 40512-4863"
NC,28677,N,MALE,Nassau Life Insurance Company,ATTAINED_AGE,112.31,112.31,,,,,860-403-5000,https://www.nsre.com/,"One American Row, Hartford, CT  06103"
NC,28677,N,MALE,Humana Achieve (CompBenefits Insurance Company),ATTAINED_AGE,113.66,113.66,,,99.78,99.78,888-602-7443,https://www.humana.com/medicare/medicare-supplement-plans?kc=0321046030,"P.O. Box 14611 Lexington, KY 40512-4614"
NC,28677,N,MALE,Lumos Insurance,ATTAINED_AGE,117.32,117.32,,,109.11,109.11,800-752-8328,https://www.lumosinsurance.com/life-health,"2701 North Main Street, Crossville, TN 38555"
NC,28677,N,MALE,HealthSpring Insurance Company,ATTAINED_AGE,125.5,125.5,,,,,877-607-6002,https://www.cigna.com/medicare/shop-plans/supplemental/,"PO Box 5700, Scranton PA 18505-5700"
NC,28677,N,MALE,Atlantic Capital Life Assurance Company (Standard),ATTAINED_AGE,126.77,126.77,,,117.9,117.9,866-458-1430,https://bankersfidelity.com/,"4370 Peachtree Road, NE Atlanta, GA  30319"
NC,28677,N,MALE,WoodmenLife,ATTAINED_AGE,127,127,,,114.3,114.3,1-866-236-0029,https://www.woodmenlife.org/insurance/medicare-supplement-insurance/,"1700 Farnam Street, Omaha, NE 68102"
NC,28677,N,MALE,LifeShield National Insurance Company,ATTAINED_AGE,127.41,127.41,,,118.49,118.49,800-851-5041,https://www.lifeshieldnational.com/,"5500 N Western Avenue, Suite 200, Oklahoma City, OK 73118"
NC,28677,N,MALE,Bankers Life (Underwritten by Washington National Insurance Company) (Substandard),ATTAINED_AGE,130.57,130.57,,,,,800-446-5018,https://www.bankerslife.com/medicare-supplement-insurance/?src=medicaregov&medium=listing,"11299 Illinois Street, Suite 200, Carmel, IN 46032"
NC,28677,N,MALE,"Humana (Humana Benefit Plan of Illinois, Inc.)",ATTAINED_AGE,134.39,134.39,,,118.02,118.02,877-426-1269,https://www.humana.com/medicare/medicare-supplement-plans?kc=0321046030,"P.O. Box 14611 Lexington, KY 40512-4611"
NC,28677,N,MALE,American Benefit Life Insurance Company,ATTAINED_AGE,135.13,135.13,,,121.62,121.62,833-504-0331,https://lbig.com/,"1605 LBJ Freeway, Suite 700 Dallas, Texas 75234"
NC,28677,N,MALE,Mutual of Omaha (Omaha Insurance Company),ATTAINED_AGE,136.76,136.76,,,120.35,120.35,855-977-6312,https://www.mutualofomaha.com/medicaregov/,"3300 Mutual of Omaha Plaza, Omaha, NE 68175"
NC,28677,N,MALE,State Farm Mutual Automobile Insurance Company,ATTAINED_AGE,140.17,140.17,,,,,800-782-8332,https://www.statefarm.com/insurance/health/medicare-supplemental,"One State Farm Plaza, Bloomington, IL 61710"
NC,28677,N,MALE,Aetna Health Insurance Company,ATTAINED_AGE,143.36,143.36,133.32,133.32,133.32,133.32,800-358-8749 ,https://www.aetnamedicare.com/,"PO Box 14088 Lexington, KY 40513"
NC,28677,N,MALE,New Era Life Insurance Company of the Midwest,ATTAINED_AGE,143.45,143.45,134.84,134.84,134.84,134.84,877-417-7555,http://www.neweralife.com/,"P.O. Box 4884, Houston, TX 77210-4884"
NC,28677,N,MALE,USAA Life Insurance Company,ATTAINED_AGE,144.33,144.33,,,,,800-531-8722,https://www.usaa.com/inet/wc/insurance-health-medicare,"9800 Fredericksburg Rd. San Antonio, TX 78288"
NC,28677,N,MALE,Globe Life and Accident Insurance Company,ATTAINED_AGE,145,145,,,134.85,134.85,888-678-3403,https://www.globelifeinsurance.com/globecaremedsupp,"3700 S. Stonebridge Drive McKinney, TX 75070"
NC,28677,N,MALE,GPM Health and Life Insurance Company,ATTAINED_AGE,147.66,147.66,,,137.32,137.32,866-242-7573,https://www.gpmhealthandlife.com/wps/portal/home/products/medicare-supplement,"2211 N.E. Loop 410 San Antonio, TX 78217-4630"
NC,28677,N,MALE,Erie Family Life Insurance Company,ATTAINED_AGE,147.68,147.68,135.87,135.87,135.87,135.87,800-458-0811,https://www.erieinsurance.com/medicare-supplement,"100 Erie Insurance Place Erie, PA  16530"
NC,28677,N,MALE,AARP - UnitedHealthcare Insurance Company of America (Standard),COMMUNITY_RATED,148.02,148.02,125.21,125.21,132.81,132.81,888-378-0849,https://www.aarpmedicaresupplement.com/,PO Box 9003; Huntingdon Valley PA 19006
NC,28677,N,MALE,Medico Insurance Company (Preferred),ATTAINED_AGE,153.78,153.78,,,135.33,135.33,800-228-6080,https://www.gomedico.com/,"P.O. Box 10386 Des Moines, IA 50306-0386"
NC,28677,N,MALE,Medico Insurance Company (Standard I),ATTAINED_AGE,169.16,169.16,,,148.86,148.86,800-228-6080,https://www.gomedico.com/,"P.O. Box 10386 Des Moines, IA 50306-0386"
NC,28677,N,MALE,Heartland National Life Insurance Company,ATTAINED_AGE,171.53,171.53,,,159.52,159.52,866-916-7971,http://www.heartlandnational.net/medicare.php,"P.O. Box 2878 Salt Lake City , UT 84110-2878"
NC,28677,N,MALE,BlueCross BlueShield of North Carolina,ATTAINED_AGE,172.75,172.75,,,,,800-478-0583,https://www.bluecrossnc.com/,"PO Box 2291 Durham, NC  27702-2291"
NC,28677,N,MALE,AARP - UnitedHealthcare Insurance Company (Standard),COMMUNITY_RATED,176.73,176.73,156.22,156.22,,,888-378-0849,https://www.aarpmedicaresupplement.com/,PO Box 9003; Huntingdon Valley PA 19006
NC,28677,N,MALE,HealthSpring Insurance Company (Standard II),ATTAINED_AGE,188.24,188.24,,,,,877-607-6002,https://www.cigna.com/medicare/shop-plans/supplemental/,"PO Box 5700, Scranton PA 18505-5700"
NC,28677,N,MALE,Medico Insurance Company (Standard II),ATTAINED_AGE,192.23,192.23,,,169.16,169.16,800-228-6080,https://www.gomedico.com/,"P.O. Box 10386 Des Moines, IA 50306-0386"
NC,28677,N,MALE,"Physicians Mutual Insurance Company, Inc.",ATTAINED_AGE,214.51,214.51,,,190.68,190.68,800-325-6300,https://www.physiciansmutual.com/cs/products/medsup/medsup.html,"2600 Dodge Street, Omaha, Nebraska 68131"
NC,28677,N,MALE,Guarantee Trust Life Insurance Company,ATTAINED_AGE,228.33,228.33,,,212.35,212.35,800-338-7452,https://www.gtlic.com/,"1275 Milwaukee Avenue Glenview, IL 60025"
NC,28677,N,MALE,AARP - UnitedHealthcare Insurance Company (Level 2),COMMUNITY_RATED,301.84,301.84,266.97,266.97,,,888-378-0849,https://www.aarpmedicaresupplement.com/,PO Box 9003; Huntingdon Valley PA 19006
NC,28677,N,MALE,United American Insurance Company,ATTAINED_AGE,361,361,,,,,800-331-2512,https://www2.unitedamerican.com/,"3700 S Stonebridge Dr, McKinney, TX 75070"
NC,28677,N,MALE,AARP - UnitedHealthcare Insurance Company of America (Level 2),COMMUNITY_RATED,493.1,493.1,418.53,418.53,443.39,443.39,888-378-0849,https://www.aarpmedicaresupplement.com/,PO Box 9003; Huntingdon Valley PA 19006
NC,28677,N,FEMALE,Atlantic Capital Life Assurance Company (Preferred),ATTAINED_AGE,88.67,88.67,,,82.46,82.46,866-458-1430,https://bankersfidelity.com/,"4370 Peachtree Road, NE Atlanta, GA  30319"
NC,28677,N,FEMALE,Bankers Life (Underwritten by Washington National Insurance Company),ATTAINED_AGE,95.18,95.18,,,,,800-446-5018,https://www.bankerslife.com/medicare-supplement-insurance/?src=medicaregov&medium=listing,"11299 Illinois Street, Suite 200, Carmel, IN 46032"
NC,28677,N,FEMALE,AFLAC,ATTAINED_AGE,97.18,97.18,,,87.46,87.46,866-990-2668,https://www.aflac.com/individuals,"Aflac Tier One, PO Box 14863, Lexington, KY 40512-4863"
NC,28677,N,FEMALE,Insurance Company of North America,ATTAINED_AGE,97.5,97.5,,,90.68,90.68,215-640-1000,https://www.chubb.com/microsites/ace-medicare-supplement.html,436 Walnut Street
NC,28677,N,FEMALE,Nassau Life Insurance Company,ATTAINED_AGE,97.71,97.71,,,,,860-403-5000,https://www.nsre.com/,"One American Row, Hartford, CT  06103"
NC,28677,N,FEMALE,Humana Achieve (CompBenefits Insurance Company),ATTAINED_AGE,98.83,98.83,,,86.73,86.73,888-602-7443,https://www.humana.com/medicare/medicare-supplement-plans?kc=0321046030,"P.O. Box 14611 Lexington, KY 40512-4614"
NC,28677,N,FEMALE,Lumos Insurance,ATTAINED_AGE,106.72,106.72,,,99.25,99.25,800-752-8328,https://www.lumosinsurance.com/life-health,"2701 North Main Street, Crossville, TN 38555"
NC,28677,N,FEMALE,HealthSpring Insurance Company,ATTAINED_AGE,109.13,109.13,,,,,877-607-6002,https://www.cigna.com/medicare/shop-plans/supplemental/,"PO Box 5700, Scranton PA 18505-5700"
NC,28677,N,FEMALE,WoodmenLife,ATTAINED_AGE,110.44,110.44,,,99.4,99.4,1-866-236-0029,https://www.woodmenlife.org/insurance/medicare-supplement-insurance/,"1700 Farnam Street, Omaha, NE 68102"
NC,28677,N,FEMALE,Atlantic Capital Life Assurance Company (Standard),ATTAINED_AGE,110.48,110.48,,,102.75,102.75,866-458-1430,https://bankersfidelity.com/,"4370 Peachtree Road, NE Atlanta, GA  30319"
NC,28677,N,FEMALE,LifeShield National Insurance Company,ATTAINED_AGE,110.79,110.79,,,103.03,103.03,800-851-5041,https://www.lifeshieldnational.com/,"5500 N Western Avenue, Suite 200, Oklahoma City, OK 73118"
NC,28677,N,FEMALE,Bankers Life (Underwritten by Washington National Insurance Company) (Substandard),ATTAINED_AGE,117.5,117.5,,,,,800-446-5018,https://www.bankerslife.com/medicare-supplement-insurance/?src=medicaregov&medium=listing,"11299 Illinois Street, Suite 200, Carmel, IN 46032"
NC,28677,N,FEMALE,American Benefit Life Insurance Company,ATTAINED_AGE,117.51,117.51,,,105.76,105.76,833-504-0331,https://lbig.com/,"1605 LBJ Freeway, Suite 700 Dallas, Texas 75234"
NC,28677,N,FEMALE,"Humana (Humana Benefit Plan of Illinois, Inc.)",ATTAINED_AGE,118.93,118.93,,,104.42,104.42,877-426-1269,https://www.humana.com/medicare/medicare-supplement-plans?kc=0321046030,"P.O. Box 14611 Lexington, KY 40512-4611"
NC,28677,N,FEMALE,Mutual of Omaha (Omaha Insurance Company),ATTAINED_AGE,118.93,118.93,,,104.66,104.66,855-977-6312,https://www.mutualofomaha.com/medicaregov/,"3300 Mutual of Omaha Plaza, Omaha, NE 68175"
NC,28677,N,FEMALE,Aetna Health Insurance Company,ATTAINED_AGE,124.53,124.53,115.81,115.81,,,800-358-8749 ,https://www.aetnamedicare.com/,"PO Box 14088 Lexington, KY 40513"
NC,28677,N,FEMALE,New Era Life Insurance Company of the Midwest,ATTAINED_AGE,126.95,126.95,119.33,119.33,,,877-417-7555,http://www.neweralife.com/,"P.O. Box 4884, Houston, TX 77210-4884"
NC,28677,N,FEMALE,GPM Health and Life Insurance Company,ATTAINED_AGE,128.39,128.39,,,119.4,119.4,866-242-7573,https://www.gpmhealthandlife.com/wps/portal/home/products/medicare-supplement,"2211 N.E. Loop 410 San Antonio, TX 78217-4630"
NC,28677,N,FEMALE,Erie Family Life Insurance Company,ATTAINED_AGE,128.4,128.4,118.13,118.13,,,800-458-0811,https://www.erieinsurance.com/medicare-supplement,"100 Erie Insurance Place Erie, PA  16530"
NC,28677,N,FEMALE,AARP - UnitedHealthcare Insurance Company of America (Standard),COMMUNITY_RATED,130.81,130.81,110.58,110.58,117.32,117.32,888-378-0849,https://www.aarpmedicaresupplement.com/,PO Box 9003; Huntingdon Valley PA 19006
NC,28677,N,FEMALE,Medico Insurance Company (Preferred),ATTAINED_AGE,133.72,133.72,,,117.67,117.67,800-228-6080,https://www.gomedico.com/,"P.O. Box 10386 Des Moines, IA 50306-0386"
NC,28677,N,FEMALE,State Farm Mutual Automobile Insurance Company,ATTAINED_AGE,134.39,134.39,,,,,800-782-8332,https://www.statefarm.com/insurance/health/medicare-supplemental,"One State Farm Plaza, Bloomington, IL 61710"
NC,28677,N,FEMALE,Globe Life and Accident Insurance Company,ATTAINED_AGE,135,135,,,125.55,125.55,888-678-3403,https://www.globelifeinsurance.com/globecaremedsupp,"3700 S. Stonebridge Drive McKinney, TX 75070"
NC,28677,N,FEMALE,USAA Life Insurance Company,ATTAINED_AGE,144.33,144.33,,,,,800-531-8722,https://www.usaa.com/inet/wc/insurance-health-medicare,"9800 Fredericksburg Rd. San Antonio, TX 78288"
NC,28677,N,FEMALE,Medico Insurance Company (Standard I),ATTAINED_AGE,147.09,147.09,,,129.44,129.44,800-228-6080,https://www.gomedico.com/,"P.O. Box 10386 Des Moines, IA 50306-0386"
NC,28677,N,FEMALE,Heartland National Life Insurance Company,ATTAINED_AGE,149.16,149.16,,,138.72,138.72,866-916-7971,http://www.heartlandnational.net/medicare.php,"P.O. Box 2878 Salt Lake City , UT 84110-2878"
NC,28677,N,FEMALE,BlueCross BlueShield of North Carolina,ATTAINED_AGE,150.75,150.75,,,,,800-478-0583,https://www.bluecrossnc.com/,"PO Box 2291 Durham, NC  27702-2291"
NC,28677,N,FEMALE,AARP - UnitedHealthcare Insurance Company (Standard),COMMUNITY_RATED,156.6,156.6,138.4,138.4,,,888-378-0849,https://www.aarpmedicaresupplement.com/,PO Box 9003; Huntingdon Valley PA 19006
NC,28677,N,FEMALE,HealthSpring Insurance Company (Standard II),ATTAINED_AGE,163.69,163.69,,,,,877-607-6002,https://www.cigna.com/medicare/shop-plans/supplemental/,"PO Box 5700, Scranton PA 18505-5700"
NC,28677,N,FEMALE,Medico Insurance Company (Standard II),ATTAINED_AGE,167.15,167.15,,,147.09,147.09,800-228-6080,https://www.gomedico.com/,"P.O. Box 10386 Des Moines, IA 50306-0386"
NC,28677,N,FEMALE,"Physicians Mutual Insurance Company, Inc.",ATTAINED_AGE,194.08,194.08,,,172.52,172.52,800-325-6300,https://www.physiciansmutual.com/cs/products/medsup/medsup.html,"2600 Dodge Street, Omaha, Nebraska 68131"
NC,28677,N,FEMALE,Guarantee Trust Life Insurance Company,ATTAINED_AGE,203.86,203.86,,,189.59,189.59,800-338-7452,https://www.gtlic.com/,"1275 Milwaukee Avenue Glenview, IL 60025"
NC,28677,N,FEMALE,AARP - UnitedHealthcare Insurance Company (Level 2),COMMUNITY_RATED,267.62,267.62,236.68,236.68,,,888-378-0849,https://www.aarpmedicaresupplement.com/,PO Box 9003; Huntingdon Valley PA 19006
NC,28677,N,FEMALE,United American Insurance Company,ATTAINED_AGE,314,314,,,,,800-331-2512,https://www2.unitedamerican.com/,"3700 S Stonebridge Dr, McKinney, TX 75070"
NC,28677,N,FEMALE,AARP - UnitedHealthcare Insurance Company of America (Level 2),COMMUNITY_RATED,436.82,436.82,370.69,370.69,392.73,392.73,888-378-0849,https://www.aarpmedicaresupplement.com/,PO Box 9003; Huntingdon Valley PA 19006
NC,28801,G,MALE,Atlantic Capital Life Assurance Company (Preferred),ATTAINED_AGE,131.94,131.94,,,122.7,122.7,866-458-1430,https://bankersfidelity.com/,"4370 Peachtree Road, NE Atlanta, GA  30319"
NC,28801,G,MALE,"Physicians Mutual Insurance Company, Inc. (Innovative)",ATTAINED_AGE,147.79,147.79,,,131.37,131.37,800-325-6300,https://www.physiciansmutual.com/cs/products/medsup/medsup.html,"2600 Dodge Street, Omaha, Nebraska 68131"
NC,28801,G,MALE,Nassau Life Insurance Company,ATTAINED_AGE,151.2,151.2,,,,,860-403-5000,https://www.nsre.com/,"One American Row, Hartford, CT  06103"
NC,28801,G,MALE,Old Surety Life Insurance Company,ISSUE_AGE,162.85,162.85,,,,,800-272-5466,http://www.oldsurety.com/,"5201 N Lincoln Blvd, Oklahoma City, OK 73105"
NC,28801,G,MALE,Atlantic Capital Life Assurance Company (Standard),ATTAINED_AGE,164.56,164.56,,,153.04,153.04,866-458-1430,https://bankersfidelity.com/,"4370 Peachtree Road, NE Atlanta, GA  30319"
NC,28801,G,MALE,Lumos Insurance,ATTAINED_AGE,165.54,165.54,,,153.95,153.95,800-752-8328,https://www.lumosinsurance.com/life-health,"2701 North Main Street, Crossville, TN 38555"
NC,28801,G,MALE,Insurance Company of North America,ATTAINED_AGE,166.75,166.75,,,155.08,155.08,215-640-1000,https://www.chubb.com/microsites/ace-medicare-supplement.html,436 Walnut Street
NC,28801,G,MALE,Globe Life and Accident Insurance Company,ATTAINED_AGE,168,168,,,156.24,156.24,888-678-3403,https://www.globelifeinsurance.com/globecaremedsupp,"3700 S. Stonebridge Drive McKinney, TX 75070"
NC,28801,G,MALE,LifeShield National Insurance Company,ATTAINED_AGE,170.56,170.56,,,158.62,158.62,800-851-5041,https://www.lifeshieldnational.com/,"5500 N Western Avenue, Suite 200, Oklahoma City, OK 73118"
NC,28801,G,MALE,AFLAC,ATTAINED_AGE,171.79,171.79,,,154.61,154.61,866-990-2668,https://www.aflac.com/individuals,"Aflac Tier One, PO Box 14863, Lexington, KY 40512-4863"
NC,28801,G,MALE,HealthSpring Insurance Company,ATTAINED_AGE,171.92,171.92,,,,,877-607-6002,https://www.cigna.com/medicare/shop-plans/supplemental/,"PO Box 5700, Scranton PA 18505-5700"
NC,28801,G,MALE,WoodmenLife,ATTAINED_AGE,175.57,175.57,,,158.01,158.01,1-866-236-0029,https://www.woodmenlife.org/insurance/medicare-supplement-insurance/,"1700 Farnam Street, Omaha, NE 68102"
NC,28801,G,MALE,Erie Family Life Insurance Company,ATTAINED_AGE,177.95,177.95,163.71,163.71,163.71,163.71,800-458-0811,https://www.erieinsurance.com/medicare-supplement,"100 Erie Insurance Place Erie, PA  16530"
NC,28801,G,MALE,American Benefit Life Insurance Company,ATTAINED_AGE,178.74,178.74,,,160.87,160.87,833-504-0331,https://lbig.com/,"1605 LBJ Freeway, Suite 700 Dallas, Texas 75234"
NC,28801,G,MALE,Medico Insurance Company (Preferred),ATTAINED_AGE,180.33,180.33,,,158.69,158.69,800-228-6080,https://www.gomedico.com/,"P.O. Box 10386 Des Moines, IA 50306-0386"
NC,28801,G,MALE,State Farm Mutual Automobile Insurance Company,ATTAINED_AGE,181.22,181.22,,,,,800-782-8332,https://www.statefarm.com/insurance/health/medicare-supplemental,"One State Farm Plaza, Bloomington, IL 61710"
NC,28801,G,MALE,Bankers Life (Underwritten by Washington National Insurance Company),ATTAINED_AGE,181.49,181.49,,,,,800-446-5018,https://www.bankerslife.com/medicare-supplement-insurance/?src=medicaregov&medium=listing,"11299 Illinois Street, Suite 200, Carmel, IN 46032"
NC,28801,G,MALE,USAA Life Insurance Company,ATTAINED_AGE,184.28,184.28,,,,,800-531-8722,https://www.usaa.com/inet/wc/insurance-health-medicare,"9800 Fredericksburg Rd. San Antonio, TX 78288"
NC,28801,G,MALE,AARP - UnitedHealthcare Insurance Company (Standard),COMMUNITY_RATED,186.79,186.79,165.12,165.12,,,888-378-0849,https://www.aarpmedicaresupplement.com/,PO Box 9003; Huntingdon Valley PA 19006
NC,28801,G,MALE,"Humana (Humana Benefit Plan of Illinois, Inc.)",ATTAINED_AGE,189.42,189.42,,,166.45,166.45,877-426-1269,https://www.humana.com/medicare/medicare-supplement-plans?kc=0321046030,"P.O. Box 14611 Lexington, KY 40512-4611"
NC,28801,G,MALE,New Era Life Insurance Company of the Midwest,ATTAINED_AGE,190.09,190.09,178.68,178.68,178.68,178.68,877-417-7555,http://www.neweralife.com/,"P.O. Box 4884, Houston, TX 77210-4884"
NC,28801,G,MALE,Medico Insurance Company (Standard I),ATTAINED_AGE,198.37,198.37,,,174.57,174.57,800-228-6080,https://www.gomedico.com/,"P.O. Box 10386 Des Moines, IA 50306-0386"
NC,28801,G,MALE,AARP - UnitedHealthcare Insurance Company of America (Standard),COMMUNITY_RATED,204.57,204.57,173.28,173.28,183.71,183.71,888-378-0849,https://www.aarpmedicaresupplement.com/,PO Box 9003; Huntingdon Valley PA 19006
NC,28801,G,MALE,BlueCross BlueShield of North Carolina,ATTAINED_AGE,205.5,205.5,,,,,800-478-0583,https://www.bluecrossnc.com/,"PO Box 2291 Durham, NC  27702-2291"
NC,28801,G,MALE,Aetna Health Insurance Company,ATTAINED_AGE,208.25,208.25,193.67,193.67,193.67,193.67,800-358-8749 ,https://www.aetnamedicare.com/,"PO Box 14088 Lexington, KY 40513"
NC,28801,G,MALE,Mutual of Omaha (Omaha Insurance Company),ATTAINED_AGE,212.34,212.34,,,186.86,186.86,855-977-6312,https://www.mutualofomaha.com/medicaregov/,"3300 Mutual of Omaha Plaza, Omaha, NE 68175"
NC,28801,G,MALE,Heartland National Life Insurance Company,ATTAINED_AGE,217.98,217.98,,,202.72,202.72,866-916-7971,http://www.heartlandnational.net/medicare.php,"P.O. Box 2878 Salt Lake City , UT 84110-2878"
NC,28801,G,MALE,Humana Achieve (CompBenefits Insurance Company),ATTAINED_AGE,221.35,221.35,,,194.55,194.55,888-602-7443,https://www.humana.com/medicare/medicare-supplement-plans?kc=0321046030,"P.O. Box 14611 Lexington, KY 40512-4614"
NC,28801,G,MALE,Bankers Life (Underwritten by Washington National Insurance Company) (Substandard),ATTAINED_AGE,224.06,224.06,,,,,800-446-5018,https://www.bankerslife.com/medicare-supplement-insurance/?src=medicaregov&medium=listing,"11299 Illinois Street, Suite 200, Carmel, IN 46032"
NC,28801,G,MALE,Medico Insurance Company (Standard II),ATTAINED_AGE,225.41,225.41,,,198.36,198.36,800-228-6080,https://www.gomedico.com/,"P.O. Box 10386 Des Moines, IA 50306-0386"
NC,28801,G,MALE,"Physicians Mutual Insurance Company, Inc.",ATTAINED_AGE,231.45,231.45,,,205.73,205.73,800-325-6300,https://www.physiciansmutual.com/cs/products/medsup/medsup.html,"2600 Dodge Street, Omaha, Nebraska 68131"
NC,28801,G,MALE,HealthSpring Insurance Company (Standard II),ATTAINED_AGE,257.89,257.89,,,,,877-607-6002,https://www.cigna.com/medicare/shop-plans/supplemental/,"PO Box 5700, Scranton PA 18505-5700"
NC,28801,G,MALE,GPM Health and Life Insurance Company,ATTAINED_AGE,312.66,312.66,,,290.77,290.77,866-242-7573,https://www.gpmhealthandlife.com/wps/portal/home/products/medicare-supplement,"2211 N.E. Loop 410 San Antonio, TX 78217-4630"
NC,28801,G,MALE,AARP - UnitedHealthcare Insurance Company (Level 2),COMMUNITY_RATED,318.95,318.95,282.11,282.11,,,888-378-0849,https://www.aarpmedicaresupplement.com/,PO Box 9003; Huntingdon Valley PA 19006
NC,28801,G,MALE,Guarantee Trust Life Insurance Company,ATTAINED_AGE,353.03,353.03,,,328.32,328.32,800-338-7452,https://www.gtlic.com/,"1275 Milwaukee Avenue Glenview, IL 60025"
NC,28801,G,MALE,United American Insurance Company,ATTAINED_AGE,357,357,,,,,800-331-2512,https://www2.unitedamerican.com/,"3700 S Stonebridge Dr, McKinney, TX 75070"
NC,28801,G,MALE,AARP - UnitedHealthcare Insurance Company of America (Level 2),COMMUNITY_RATED,569.58,569.58,483.54,483.54,512.22,512.22,888-378-0849,https://www.aarpmedicaresupplement.com/,PO Box 9003; Huntingdon Valley PA 19006
NC,28801,G,FEMALE,Atlantic Capital Life Assurance Company (Preferred),ATTAINED_AGE,114.97,114.97,,,106.92,106.92,866-458-1430,https://bankersfidelity.com/,"4370 Peachtree Road, NE Atlanta, GA  30319"
NC,28801,G,FEMALE,Nassau Life Insurance Company,ATTAINED_AGE,131.54,131.54,,,,,860-403-5000,https://www.nsre.com/,"One American Row, Hartford, CT  06103"
NC,28801,G,FEMALE,"Physicians Mutual Insurance Company, Inc. (Innovative)",ATTAINED_AGE,133.71,133.71,,,118.85,118.85,800-325-6300,https://www.physiciansmutual.com/cs/products/medsup/medsup.html,"2600 Dodge Street, Omaha, Nebraska 68131"
NC,28801,G,FEMALE,Old Surety Life Insurance Company,ISSUE_AGE,141.61,141.61,,,,,800-272-5466,http://www.oldsurety.com/,"5201 N Lincoln Blvd, Oklahoma City, OK 73105"
NC,28801,G,FEMALE,Atlantic Capital Life Assurance Company (Standard),ATTAINED_AGE,143.35,143.35,,,133.32,133.32,866-458-1430,https://bankersfidelity.com/,"4370 Peachtree Road, NE Atlanta, GA  30319"
NC,28801,G,FEMALE,Insurance Company of North America,ATTAINED_AGE,147.67,147.67,,,137.33,137.33,215-640-1000,https://www.chubb.com/microsites/ace-medicare-supplement.html,436 Walnut Street
NC,28801,G,FEMALE,LifeShield National Insurance Company,ATTAINED_AGE,148.31,148.31,,,137.93,137.93,800-851-5041,https://www.lifeshieldnational.com/,"5500 N Western Avenue, Suite 200, Oklahoma City, OK 73118"
NC,28801,G,FEMALE,HealthSpring Insurance Company,ATTAINED_AGE,149.5,149.5,,,,,877-607-6002,https://www.cigna.com/medicare/shop-plans/supplemental/,"PO Box 5700, Scranton PA 18505-5700"
NC,28801,G,FEMALE,AFLAC,ATTAINED_AGE,149.97,149.97,,,134.97,134.97,866-990-2668,https://www.aflac.com/individuals,"Aflac Tier One, PO Box 14863, Lexington, KY 40512-4863"
NC,28801,G,FEMALE,Lumos Insurance,ATTAINED_AGE,150.5,150.5,,,139.96,139.96,800-752-8328,https://www.lumosinsurance.com/life-health,"2701 North Main Street, Crossville, TN 38555"
NC,28801,G,FEMALE,WoodmenLife,ATTAINED_AGE,152.66,152.66,,,137.39,137.39,1-866-236-0029,https://www.woodmenlife.org/insurance/medicare-supplement-insurance/,"1700 Farnam Street, Omaha, NE 68102"
NC,28801,G,FEMALE,Erie Family Life Insurance Company,ATTAINED_AGE,154.71,154.71,142.33,142.33,,,800-458-0811,https://www.erieinsurance.com/medicare-supplement,"100 Erie Insurance Place Erie, PA  16530"
NC,28801,G,FEMALE,American Benefit Life Insurance Company,ATTAINED_AGE,155.43,155.43,,,139.89,139.89,833-504-0331,https://lbig.com/,"1605 LBJ Freeway, Suite 700 Dallas, Texas 75234"
NC,28801,G,FEMALE,Globe Life and Accident Insurance Company,ATTAINED_AGE,156,156,,,145.08,145.08,888-678-3403,https://www.globelifeinsurance.com/globecaremedsupp,"3700 S. Stonebridge Drive McKinney, TX 75070"
NC,28801,G,FEMALE,Medico Insurance Company (Preferred),ATTAINED_AGE,156.81,156.81,,,137.99,137.99,800-228-6080,https://www.gomedico.com/,"P.O. Box 10386 Des Moines, IA 50306-0386"
NC,28801,G,FEMALE,Bankers Life (Underwritten by Washington National Insurance Company),ATTAINED_AGE,163.34,163.34,,,,,800-446-5018,https://www.bankerslife.com/medicare-supplement-insurance/?src=medicaregov&medium=listing,"11299 Illinois Street, Suite 200, Carmel, IN 46032"
NC,28801,G,FEMALE,AARP - UnitedHealthcare Insurance Company (Standard),COMMUNITY_RATED,165.44,165.44,146.22,146.22,,,888-378-0849,https://www.aarpmedicaresupplement.com/,PO Box 9003; Huntingdon Valley PA 19006
NC,28801,G,FEMALE,"Humana (Humana Benefit Plan of Illinois, Inc.)",ATTAINED_AGE,167.63,167.63,,,147.27,147.27,877-426-1269,https://www.humana.com/medicare/medicare-supplement-plans?kc=0321046030,"P.O. Box 14611 Lexington, KY 40512-4611"
NC,28801,G,FEMALE,Medico Insurance Company (Standard I),ATTAINED_AGE,172.49,172.49,,,151.79,151.79,800-228-6080,https://www.gomedico.com/,"P.O. Box 10386 Des Moines, IA 50306-0386"
NC,28801,G,FEMALE,New Era Life Insurance Company of the Midwest,ATTAINED_AGE,172.8,172.8,162.43,162.43,,,877-417-7555,http://www.neweralife.com/,"P.O. Box 4884, Houston, TX 77210-4884"
NC,28801,G,FEMALE,State Farm Mutual Automobile Insurance Company,ATTAINED_AGE,177.14,177.14,,,,,800-782-8332,https://www.statefarm.com/insurance/health/medicare-supplemental,"One State Farm Plaza, Bloomington, IL 61710"
NC,28801,G,FEMALE,BlueCross BlueShield of North Carolina,ATTAINED_AGE,179.5,179.5,,,,,800-478-0583,https://www.bluecrossnc.com/,"PO Box 2291 Durham, NC  27702-2291"
NC,28801,G,FEMALE,AARP - UnitedHealthcare Insurance Company of America (Standard),COMMUNITY_RATED,180.95,180.95,153.2,153.2,162.45,162.45,888-378-0849,https://www.aarpmedicaresupplement.com/,PO Box 9003; Huntingdon Valley PA 19006
NC,28801,G,FEMALE,Aetna Health Insurance Company,ATTAINED_AGE,181.01,181.01,168.34,168.34,,,800-358-8749 ,https://www.aetnamedicare.com/,"PO Box 14088 Lexington, KY 40513"
NC,28801,G,FEMALE,USAA Life Insurance Company,ATTAINED_AGE,184.28,184.28,,,,,800-531-8722,https://www.usaa.com/inet/wc/insurance-health-medicare,"9800 Fredericksburg Rd. San Antonio, TX 78288"
NC,28801,G,FEMALE,Mutual of Omaha (Omaha Insurance Company),ATTAINED_AGE,184.64,184.64,,,162.48,162.48,855-977-6312,https://www.mutualofomaha.com/medicaregov/,"3300 Mutual of Omaha Plaza, Omaha, NE 68175"
NC,28801,G,FEMALE,Heartland National Life Insurance Company,ATTAINED_AGE,189.55,189.55,,,176.28,176.28,866-916-7971,http://www.heartlandnational.net/medicare.php,"P.O. Box 2878 Salt Lake City , UT 84110-2878"
NC,28801,G,FEMALE,Humana Achieve (CompBenefits Insurance Company),ATTAINED_AGE,192.48,192.48,,,169.14,169.14,888-602-7443,https://www.humana.com/medicare/medicare-supplement-plans?kc=0321046030,"P.O. Box 14611 Lexington, KY 40512-4614"
NC,28801,G,FEMALE,Medico Insurance Company (Standard II),ATTAINED_AGE,196.01,196.01,,,172.49,172.49,800-228-6080,https://www.gomedico.com/,"P.O. Box 10386 Des Moines, IA 50306-0386"
NC,28801,G,FEMALE,Bankers Life (Underwritten by Washington National Insurance Company) (Substandard),ATTAINED_AGE,201.65,201.65,,,,,800-446-5018,https://www.bankerslife.com/medicare-supplement-insurance/?src=medicaregov&medium=listing,"11299 Illinois Street, Suite 200, Carmel, IN 46032"
NC,28801,G,FEMALE,"Physicians Mutual Insurance Company, Inc.",ATTAINED_AGE,209.4,209.4,,,186.13,186.13,800-325-6300,https://www.physiciansmutual.com/cs/products/medsup/medsup.html,"2600 Dodge Street, Omaha, Nebraska 68131"
NC,28801,G,FEMALE,HealthSpring Insurance Company (Standard II),ATTAINED_AGE,224.25,224.25,,,,,877-607-6002,https://www.cigna.com/medicare/shop-plans/supplemental/,"PO Box 5700, Scranton PA 18505-5700"
NC,28801,G,FEMALE,GPM Health and Life Insurance Company,ATTAINED_AGE,271.87,271.87,,,252.84,252.84,866-242-7573,https://www.gpmhealthandlife.com/wps/portal/home/products/medicare-supplement,"2211 N.E. Loop 410 San Antonio, TX 78217-4630"
NC,28801,G,FEMALE,AARP - UnitedHealthcare Insurance Company (Level 2),COMMUNITY_RATED,282.65,282.65,249.98,249.98,,,888-378-0849,https://www.aarpmedicaresupplement.com/,PO Box 9003; Huntingdon Valley PA 19006
NC,28801,G,FEMALE,United American Insurance Company,ATTAINED_AGE,310,310,,,,,800-331-2512,https://www2.unitedamerican.com/,"3700 S Stonebridge Dr, McKinney, TX 75070"
NC,28801,G,FEMALE,Guarantee Trust Life Insurance Company,ATTAINED_AGE,315.2,315.2,,,293.14,293.14,800-338-7452,https://www.gtlic.com/,"1275 Milwaukee Avenue Glenview, IL 60025"
NC,28801,G,FEMALE,AARP - UnitedHealthcare Insurance Company of America (Level 2),COMMUNITY_RATED,504.63,504.63,428.33,428.33,453.76,453.76,888-378-0849,https://www.aarpmedicaresupplement.com/,PO Box 9003; Huntingdon Valley PA 19006
NC,28801,N,MALE,Atlantic Capital Life Assurance Company (Preferred),ATTAINED_AGE,101.7,101.7,,,94.58,94.58,866-458-1430,https://bankersfidelity.com/,"4370 Peachtree Road, NE Atlanta, GA  30319"
NC,28801,N,MALE,Bankers Life (Underwritten by Washington National Insurance Company),ATTAINED_AGE,105.76,105.76,,,,,800-446-5018,https://www.bankerslife.com/medicare-supplement-insurance/?src=medicaregov&medium=listing,"11299 Illinois Street, Suite 200, Carmel, IN 46032"
NC,28801,N,MALE,Insurance Company of North America,ATTAINED_AGE,110.33,110.33,,,102.61,102.61,215-640-1000,https://www.chubb.com/microsites/ace-medicare-supplement.html,436 Walnut Street
NC,28801,N,MALE,AFLAC,ATTAINED_AGE,111.32,111.32,,,100.19,100.19,866-990-2668,https://www.aflac.com/individuals,"Aflac Tier One, PO Box 14863, Lexington, KY 40512-4863"
NC,28801,N,MALE,Nassau Life Insurance Company,ATTAINED_AGE,112.31,112.31,,,,,860-403-5000,https://www.nsre.com/,"One American Row, Hartford, CT  06103"
NC,28801,N,MALE,Humana Achieve (CompBenefits Insurance Company),ATTAINED_AGE,113.66,113.66,,,99.78,99.78,888-602-7443,https://www.humana.com/medicare/medicare-supplement-plans?kc=0321046030,"P.O. Box 14611 Lexington, KY 40512-4614"
NC,28801,N,MALE,Lumos Insurance,ATTAINED_AGE,117.32,117.32,,,109.11,109.11,800-752-8328,https://www.lumosinsurance.com/life-health,"2701 North Main Street, Crossville, TN 38555"
NC,28801,N,MALE,HealthSpring Insurance Company,ATTAINED_AGE,125.5,125.5,,,,,877-607-6002,https://www.cigna.com/medicare/shop-plans/supplemental/,"PO Box 5700, Scranton PA 18505-5700"
NC,28801,N,MALE,Atlantic Capital Life Assurance Company (Standard),ATTAINED_AGE,126.77,126.77,,,117.9,117.9,866-458-1430,https://bankersfidelity.com/,"4370 Peachtree Road, NE Atlanta, GA  30319"
NC,28801,N,MALE,WoodmenLife,ATTAINED_AGE,127,127,,,114.3,114.3,1-866-236-0029,https://www.woodmenlife.org/insurance/medicare-supplement-insurance/,"1700 Farnam Street, Omaha, NE 68102"
NC,28801,N,MALE,LifeShield National Insurance Company,ATTAINED_AGE,127.41,127.41,,,118.49,118.49,800-851-5041,https://www.lifeshieldnational.com/,"5500 N Western Avenue, Suite 200, Oklahoma City, OK 73118"
NC,28801,N,MALE,Bankers Life (Underwritten by Washington National Insurance Company) (Substandard),ATTAINED_AGE,130.57,130.57,,,,,800-446-5018,https://www.bankerslife.com/medicare-supplement-insurance/?src=medicaregov&medium=listing,"11299 Illinois Street, Suite 200, Carmel, IN 46032"
NC,28801,N,MALE,Medico Insurance Company (Preferred),ATTAINED_AGE,132.38,132.38,,,116.49,116.49,800-228-6080,https://www.gomedico.com/,"P.O. Box 10386 Des Moines, IA 50306-0386"
NC,28801,N,MALE,"Humana (Humana Benefit Plan of Illinois, Inc.)",ATTAINED_AGE,134.39,134.39,,,118.02,118.02,877-426-1269,https://www.humana.com/medicare/medicare-supplement-plans?kc=0321046030,"P.O. Box 14611 Lexington, KY 40512-4611"
NC,28801,N,MALE,American Benefit Life Insurance Company,ATTAINED_AGE,135.13,135.13,,,121.62,121.62,833-504-0331,https://lbig.com/,"1605 LBJ Freeway, Suite 700 Dallas, Texas 75234"
NC,28801,N,MALE,Mutual of Omaha (Omaha Insurance Company),ATTAINED_AGE,136.76,136.76,,,120.35,120.35,855-977-6312,https://www.mutualofomaha.com/medicaregov/,"3300 Mutual of Omaha Plaza, Omaha, NE 68175"
NC,28801,N,MALE,State Farm Mutual Automobile Insurance Company,ATTAINED_AGE,140.17,140.17,,,,,800-782-8332,https://www.statefarm.com/insurance/health/medicare-supplemental,"One State Farm Plaza, Bloomington, IL 61710"
NC,28801,N,MALE,Aetna Health Insurance Company,ATTAINED_AGE,143.36,143.36,133.32,133.32,133.32,133.32,800-358-8749 ,https://www.aetnamedicare.com/,"PO Box 14088 Lexington, KY 40513"
NC,28801,N,MALE,New Era Life Insurance Company of the Midwest,ATTAINED_AGE,143.45,143.45,134.84,134.84,134.84,134.84,877-417-7555,http://www.neweralife.com/,"P.O. Box 4884, Houston, TX 77210-4884"
NC,28801,N,MALE,USAA Life Insurance Company,ATTAINED_AGE,144.33,144.33,,,,,800-531-8722,https://www.usaa.com/inet/wc/insurance-health-medicare,"9800 Fredericksburg Rd. San Antonio, TX 78288"
NC,28801,N,MALE,Globe Life and Accident Insurance Company,ATTAINED_AGE,145,145,,,134.85,134.85,888-678-3403,https://www.globelifeinsurance.com/globecaremedsupp,"3700 S. Stonebridge Drive McKinney, TX 75070"
NC,28801,N,MALE,Medico Insurance Company (Standard I),ATTAINED_AGE,145.62,145.62,,,128.15,128.15,800-228-6080,https://www.gomedico.com/,"P.O. Box 10386 Des Moines, IA 50306-0386"
NC,28801,N,MALE,GPM Health and Life Insurance Company,ATTAINED_AGE,147.66,147.66,,,137.32,137.32,866-242-7573,https://www.gpmhealthandlife.com/wps/portal/home/products/medicare-supplement,"2211 N.E. Loop 410 San Antonio, TX 78217-4630"
NC,28801,N,MALE,Erie Family Life Insurance Company,ATTAINED_AGE,147.68,147.68,135.87,135.87,135.87,135.87,800-458-0811,https://www.erieinsurance.com/medicare-supplement,"100 Erie Insurance Place Erie, PA  16530"
NC,28801,N,MALE,AARP - UnitedHealthcare Insurance Company of America (Standard),COMMUNITY_RATED,148.02,148.02,125.21,125.21,132.81,132.81,888-378-0849,https://www.aarpmedicaresupplement.com/,PO Box 9003; Huntingdon Valley PA 19006
NC,28801,N,MALE,Medico Insurance Company (Standard II),ATTAINED_AGE,165.48,165.48,,,145.62,145.62,800-228-6080,https://www.gomedico.com/,"P.O. Box 10386 Des Moines, IA 50306-0386"
NC,28801,N,MALE,Heartland National Life Insurance Company,ATTAINED_AGE,171.53,171.53,,,159.52,159.52,866-916-7971,http://www.heartlandnational.net/medicare.php,"P.O. Box 2878 Salt Lake City , UT 84110-2878"
NC,28801,N,MALE,BlueCross BlueShield of North Carolina,ATTAINED_AGE,172.75,172.75,,,,,800-478-0583,https://www.bluecrossnc.com/,"PO Box 2291 Durham, NC  27702-2291"
NC,28801,N,MALE,AARP - UnitedHealthcare Insurance Company (Standard),COMMUNITY_RATED,176.73,176.73,156.22,156.22,,,888-378-0849,https://www.aarpmedicaresupplement.com/,PO Box 9003; Huntingdon Valley PA 19006
NC,28801,N,MALE,HealthSpring Insurance Company (Standard II),ATTAINED_AGE,188.24,188.24,,,,,877-607-6002,https://www.cigna.com/medicare/shop-plans/supplemental/,"PO Box 5700, Scranton PA 18505-5700"
NC,28801,N,MALE,"Physicians Mutual Insurance Company, Inc.",ATTAINED_AGE,214.51,214.51,,,190.68,190.68,800-325-6300,https://www.physiciansmutual.com/cs/products/medsup/medsup.html,"2600 Dodge Street, Omaha, Nebraska 68131"
NC,28801,N,MALE,Guarantee Trust Life Insurance Company,ATTAINED_AGE,228.33,228.33,,,212.35,212.35,800-338-7452,https://www.gtlic.com/,"1275 Milwaukee Avenue Glenview, IL 60025"
NC,28801,N,MALE,AARP - UnitedHealthcare Insurance Company (Level 2),COMMUNITY_RATED,301.84,301.84,266.97,266.97,,,888-378-0849,https://www.aarpmedicaresupplement.com/,PO Box 9003; Huntingdon Valley PA 19006
NC,28801,N,MALE,United American Insurance Company,ATTAINED_AGE,361,361,,,,,800-331-2512,https://www2.unitedamerican.com/,"3700 S Stonebridge Dr, McKinney, TX 75070"
NC,28801,N,MALE,AARP - UnitedHealthcare Insurance Company of America (Level 2),COMMUNITY_RATED,493.1,493.1,418.53,418.53,443.39,443.39,888-378-0849,https://www.aarpmedicaresupplement.com/,PO Box 9003; Huntingdon Valley PA 19006
NC,28801,N,FEMALE,Atlantic Capital Life Assurance Company (Preferred),ATTAINED_AGE,88.67,88.67,,,82.46,82.46,866-458-1430,https://bankersfidelity.com/,"4370 Peachtree Road, NE Atlanta, GA  30319"
NC,28801,N,FEMALE,Bankers Life (Underwritten by Washington National Insurance Company),ATTAINED_AGE,95.18,95.18,,,,,800-446-5018,https://www.bankerslife.com/medicare-supplement-insurance/?src=medicaregov&medium=listing,"11299 Illinois Street, Suite 200, Carmel, IN 46032"
NC,28801,N,FEMALE,AFLAC,ATTAINED_AGE,97.18,97.18,,,87.46,87.46,866-990-2668,https://www.aflac.com/individuals,"Aflac Tier One, PO Box 14863, Lexington, KY 40512-4863"
NC,28801,N,FEMALE,Insurance Company of North America,ATTAINED_AGE,97.5,97.5,,,90.68,90.68,215-640-1000,https://www.chubb.com/microsites/ace-medicare-supplement.html,436 Walnut Street
NC,28801,N,FEMALE,Nassau Life Insurance Company,ATTAINED_AGE,97.71,97.71,,,,,860-403-5000,https://www.nsre.com/,"One American Row, Hartford, CT  06103"
NC,28801,N,FEMALE,Humana Achieve (CompBenefits Insurance Company),ATTAINED_AGE,98.83,98.83,,,86.73,86.73,888-602-7443,https://www.humana.com/medicare/medicare-supplement-plans?kc=0321046030,"P.O. Box 14611 Lexington, KY 40512-4614"
NC,28801,N,FEMALE,Lumos Insurance,ATTAINED_AGE,106.72,106.72,,,99.25,99.25,800-752-8328,https://www.lumosinsurance.com/life-health,"2701 North Main Street, Crossville, TN 38555"
NC,28801,N,FEMALE,HealthSpring Insurance Company,ATTAINED_AGE,109.13,109.13,,,,,877-607-6002,https://www.cigna.com/medicare/shop-plans/supplemental/,"PO Box 5700, Scranton PA 18505-5700"
NC,28801,N,FEMALE,WoodmenLife,ATTAINED_AGE,110.44,110.44,,,99.4,99.4,1-866-236-0029,https://www.woodmenlife.org/insurance/medicare-supplement-insurance/,"1700 Farnam Street, Omaha, NE 68102"
NC,28801,N,FEMALE,Atlantic Capital Life Assurance Company (Standard),ATTAINED_AGE,110.48,110.48,,,102.75,102.75,866-458-1430,https://bankersfidelity.com/,"4370 Peachtree Road, NE Atlanta, GA  30319"
NC,28801,N,FEMALE,LifeShield National Insurance Company,ATTAINED_AGE,110.79,110.79,,,103.03,103.03,800-851-5041,https://www.lifeshieldnational.com/,"5500 N Western Avenue, Suite 200, Oklahoma City, OK 73118"
NC,28801,N,FEMALE,Medico Insurance Company (Preferred),ATTAINED_AGE,115.12,115.12,,,101.31,101.31,800-228-6080,https://www.gomedico.com/,"P.O. Box 10386 Des Moines, IA 50306-0386"
NC,28801,N,FEMALE,Bankers Life (Underwritten by Washington National Insurance Company) (Substandard),ATTAINED_AGE,117.5,117.5,,,,,800-446-5018,https://www.bankerslife.com/medicare-supplement-insurance/?src=medicaregov&medium=listing,"11299 Illinois Street, Suite 200, Carmel, IN 46032"
NC,28801,N,FEMALE,American Benefit Life Insurance Company,ATTAINED_AGE,117.51,117.51,,,105.76,105.76,833-504-0331,https://lbig.com/,"1605 LBJ Freeway, Suite 700 Dallas, Texas 75234"
NC,28801,N,FEMALE,"Humana (Humana Benefit Plan of Illinois, Inc.)",ATTAINED_AGE,118.93,118.93,,,104.42,104.42,877-426-1269,https://www.humana.com/medicare/medicare-supplement-plans?kc=0321046030,"P.O. Box 14611 Lexington, KY 40512-4611"
NC,28801,N,FEMALE,Mutual of Omaha (Omaha Insurance Company),ATTAINED_AGE,118.93,118.93,,,104.66,104.66,855-977-6312,https://www.mutualofomaha.com/medicaregov/,"3300 Mutual of Omaha Plaza, Omaha, NE 68175"
NC,28801,N,FEMALE,Aetna Health Insurance Company,ATTAINED_AGE,124.53,124.53,115.81,115.81,,,800-358-8749 ,https://www.aetnamedicare.com/,"PO Box 14088 Lexington, KY 40513"
NC,28801,N,FEMALE,Medico Insurance Company (Standard I),ATTAINED_AGE,126.63,126.63,,,111.43,111.43,800-228-6080,https://www.gomedico.com/,"P.O. Box 10386 Des Moines, IA 50306-0386"
NC,28801,N,FEMALE,New Era Life Insurance Company of the Midwest,ATTAINED_AGE,126.95,126.95,119.33,119.33,,,877-417-7555,http://www.neweralife.com/,"P.O. Box 4884, Houston, TX 77210-4884"
NC,28801,N,FEMALE,GPM Health and Life Insurance Company,ATTAINED_AGE,128.39,128.39,,,119.4,119.4,866-242-7573,https://www.gpmhealthandlife.com/wps/portal/home/products/medicare-supplement,"2211 N.E. Loop 410 San Antonio, TX 78217-4630"
NC,28801,N,FEMALE,Erie Family Life Insurance Company,ATTAINED_AGE,128.4,128.4,118.13,118.13,,,800-458-0811,https://www.erieinsurance.com/medicare-supplement,"100 Erie Insurance Place Erie, PA  16530"
NC,28801,N,FEMALE,AARP - UnitedHealthcare Insurance Company of America (Standard),COMMUNITY_RATED,130.81,130.81,110.58,110.58,117.32,117.32,888-378-0849,https://www.aarpmedicaresupplement.com/,PO Box 9003; Huntingdon Valley PA 19006
NC,28801,N,FEMALE,State Farm Mutual Automobile Insurance Company,ATTAINED_AGE,134.39,134.39,,,,,800-782-8332,https://www.statefarm.com/insurance/health/medicare-supplemental,"One State Farm Plaza, Bloomington, IL 61710"
NC,28801,N,FEMALE,Globe Life and Accident Insurance Company,ATTAINED_AGE,135,135,,,125.55,125.55,888-678-3403,https://www.globelifeinsurance.com/globecaremedsupp,"3700 S. Stonebridge Drive McKinney, TX 75070"
NC,28801,N,FEMALE,Medico Insurance Company (Standard II),ATTAINED_AGE,143.9,143.9,,,126.63,126.63,800-228-6080,https://www.gomedico.com/,"P.O. Box 10386 Des Moines, IA 50306-0386"
NC,28801,N,FEMALE,USAA Life Insurance Company,ATTAINED_AGE,144.33,144.33,,,,,800-531-8722,https://www.usaa.com/inet/wc/insurance-health-medicare,"9800 Fredericksburg Rd. San Antonio, TX 78288"
NC,28801,N,FEMALE,Heartland National Life Insurance Company,ATTAINED_AGE,149.16,149.16,,,138.72,138.72,866-916-7971,http://www.heartlandnational.net/medicare.php,"P.O. Box 2878 Salt Lake City , UT 84110-2878"
NC,28801,N,FEMALE,BlueCross BlueShield of North Carolina,ATTAINED_AGE,150.75,150.75,,,,,800-478-0583,https://www.bluecrossnc.com/,"PO Box 2291 Durham, NC  27702-2291"
NC,28801,N,FEMALE,AARP - UnitedHealthcare Insurance Company (Standard),COMMUNITY_RATED,156.6,156.6,138.4,138.4,,,888-378-0849,https://www.aarpmedicaresupplement.com/,PO Box 9003; Huntingdon Valley PA 19006
NC,28801,N,FEMALE,HealthSpring Insurance Company (Standard II),ATTAINED_AGE,163.69,163.69,,,,,877-607-6002,https://www.cigna.com/medicare/shop-plans/supplemental/,"PO Box 5700, Scranton PA 18505-5700"
NC,28801,N,FEMALE,"Physicians Mutual Insurance Company, Inc.",ATTAINED_AGE,194.08,194.08,,,172.52,172.52,800-325-6300,https://www.physiciansmutual.com/cs/products/medsup/medsup.html,"2600 Dodge Street, Omaha, Nebraska 68131"
NC,28801,N,FEMALE,Guarantee Trust Life Insurance Company,ATTAINED_AGE,203.86,203.86,,,189.59,189.59,800-338-7452,https://www.gtlic.com/,"1275 Milwaukee Avenue Glenview, IL 60025"
NC,28801,N,FEMALE,AARP - UnitedHealthcare Insurance Company (Level 2),COMMUNITY_RATED,267.62,267.62,236.68,236.68,,,888-378-0849,https://www.aarpmedicaresupplement.com/,PO Box 9003; Huntingdon Valley PA 19006
NC,28801,N,FEMALE,United American Insurance Company,ATTAINED_AGE,314,314,,,,,800-331-2512,https://www2.unitedamerican.com/,"3700 S Stonebridge Dr, McKinney, TX 75070"
NC,28801,N,FEMALE,AARP - UnitedHealthcare Insurance Company of America (Level 2),COMMUNITY_RATED,436.82,436.82,370.69,370.69,392.73,392.73,888-378-0849,https://www.aarpmedicaresupplement.com/,PO Box 9003; Huntingdon Valley PA 19006
TX,73301,G,MALE,Atlantic Capital Life Assurance Company (Preferred),ATTAINED_AGE,130.02,130.02,,,120.92,120.92,866-458-1430,https://bankersfidelity.com/,"4370 Peachtree Road, NE Atlanta, GA  30319"
TX,73301,G,MALE,Nassau Life Insurance Company,ATTAINED_AGE,149.75,149.75,,,,,860-403-5000,https://www.nsre.com/,"One American Row, Hartford, CT  06103"
TX,73301,G,MALE,New Era Life Insurance Company,ATTAINED_AGE,151.57,151.57,,,,,877-417-7555,http://www.neweralife.com/,"P.O. Box 4884, Houston, TX 77210-4884"
TX,73301,G,MALE,LifeShield National Insurance Company,ATTAINED_AGE,162.41,162.41,,,151.04,151.04,800-851-5041,https://www.lifeshieldnational.com/,"5500 N Western Avenue, Suite 200, Oklahoma City, OK 73118"
TX,73301,G,MALE,Atlantic Capital Life Assurance Company (Standard),ATTAINED_AGE,164.1,164.1,,,152.61,152.61,866-458-1430,https://bankersfidelity.com/,"4370 Peachtree Road, NE Atlanta, GA  30319"
TX,73301,G,MALE,Physicians Select Insurance Company (Innovative),ATTAINED_AGE,164.23,164.23,,,145.98,145.98,800-325-6300,https://www.physiciansmutual.com/cs/products/medsup/medsup.html,"2600 Dodge Street, Omaha, Nebraska 68131"
TX,73301,G,MALE,HealthSpring Insurance Company,ATTAINED_AGE,170,170,,,,,877-607-6002,https://www.cigna.com/medicare/shop-plans/supplemental/,"PO Box 5700, Scranton PA 18505-5700"
TX,73301,G,MALE,Medico Life and Health Insurance Company (Preferred),ATTAINED_AGE,173.47,173.47,,,152.65,152.65,800-228-6080,https://www.gomedico.com/,"P.O. Box 10386 Des Moines, IA 50306-0387"
TX,73301,G,MALE,Insurance Company of North America,ATTAINED_AGE,174.75,174.75,,,162.52,162.52,215-640-1000,https://www.chubb.com/microsites/ace-medicare-supplement.html,436 Walnut Street
TX,73301,G,MALE,AFLAC,ATTAINED_AGE,179.24,179.24,,,161.32,161.32,866-990-2668,https://www.aflac.com/individuals,"Aflac Tier One, PO Box 14863, Lexington, KY 40512-4863"
TX,73301,G,MALE,Old Surety Life Insurance Company,ISSUE_AGE,180.04,180.04,167.44,167.44,167.44,167.44,800-272-5466,http://www.oldsurety.com/,"5201 N Lincoln Blvd, Oklahoma City, OK 73105"
TX,73301,G,MALE,USAA Life Insurance Company,ATTAINED_AGE,180.88,180.88,171.84,171.84,171.84,171.84,800-531-8722,https://www.usaa.com/inet/wc/insurance-health-medicare,"9800 Fredericksburg Rd. San Antonio, TX 78288"
TX,73301,G,MALE,WoodmenLife,ATTAINED_AGE,183.2,183.2,,,164.88,164.88,1-866-236-0029,https://www.woodmenlife.org/insurance/medicare-supplement-insurance/,"1700 Farnam Street, Omaha, NE 68102"
TX,73301,G,MALE,Lumos Insurance,ATTAINED_AGE,183.98,183.98,,,171.1,171.1,800-752-8328,https://www.lumosinsurance.com/life-health,"2701 North Main Street, Crossville, TN 38555"
TX,73301,G,MALE,Wisconsin Physicians Service Insurance Corporation,ATTAINED_AGE,185.36,185.36,172.38,172.38,172.38,172.38,888-915-5108,https://www.wpshealth.com/,"1717 W. Broadway P.O. Box 8190, Madison, WI 53708-8190"
TX,73301,G,MALE,Bankers Life (Underwritten by Washington National Insurance Company),ATTAINED_AGE,186.3,186.3,,,,,800-446-5018,https://www.bankerslife.com/medicare-supplement-insurance/?src=medicaregov&medium=listing,"11299 Illinois Street, Suite 200, Carmel, IN 46032"
TX,73301,G,MALE,American Benefit Life Insurance Company,ATTAINED_AGE,186.73,186.73,,,168.06,168.06,833-504-0331,https://lbig.com/,"1605 LBJ Freeway, Suite 700 Dallas, Texas 75234"
TX,73301,G,MALE,Medico Life and Health Insurance Company (Standard I),ATTAINED_AGE,190.82,190.82,,,167.92,167.92,800-228-6080,https://www.gomedico.com/,"P.O. Box 10386 Des Moines, IA 50306-0387"
TX,73301,G,MALE,State Farm Mutual Automobile Insurance Company,ATTAINED_AGE,192.95,192.95,,,,,800-782-8332,https://www.statefarm.com/insurance/health/medicare-supplemental,"One State Farm Plaza, Bloomington, IL 61710"
TX,73301,G,MALE,Humana (Emphesys Insurance Company),ATTAINED_AGE,194.47,194.47,,,170.89,170.89,877-426-1269,https://www.humana.com/medicare/medicare-supplement-plans?kc=0321046030,"P.O. Box 14611 Lexington, KY 40512-4613"
TX,73301,G,MALE,Physicians Select Insurance Company,ATTAINED_AGE,202.69,202.69,,,180.17,180.17,800-325-6300,https://www.physiciansmutual.com/cs/products/medsup/medsup.html,"2600 Dodge Street, Omaha, Nebraska 68131"
TX,73301,G,MALE,Medico Life and Health Insurance Company (Standard II),ATTAINED_AGE,216.84,216.84,,,190.82,190.82,800-228-6080,https://www.gomedico.com/,"P.O. Box 10386 Des Moines, IA 50306-0387"
TX,73301,G,MALE,BlueCross BlueShield of Texas,ATTAINED_AGE,217.26,217.26,,,195.53,195.53,312-653-6000,http://www.hcsc.com/,"300 East Randolph Street Chicago, IL  60601-5099"
TX,73301,G,MALE,Bankers Life (Underwritten by Washington National Insurance Company) (Substandard),ATTAINED_AGE,229.75,229.75,,,,,800-446-5018,https://www.bankerslife.com/medicare-supplement-insurance/?src=medicaregov&medium=listing,"11299 Illinois Street, Suite 200, Carmel, IN 46032"
TX,73301,G,MALE,AARP - UnitedHealthcare Insurance Company (Standard),COMMUNITY_RATED,230.71,230.71,192.56,192.56,,,888-378-0849,https://www.aarpmedicaresupplement.com/,PO Box 9003; Huntingdon Valley PA 19006
TX,73301,G,MALE,Aetna Health Insurance Company,ATTAINED_AGE,236.32,236.32,219.78,219.78,219.78,219.78,800-358-8749 ,https://www.aetnamedicare.com/,"PO Box 14088 Lexington, KY 40513"
TX,73301,G,MALE,Mutual of Omaha (Mutual of Omaha Insurance Company),ATTAINED_AGE,247.98,247.98,,,218.22,218.22,855-977-6312,https://www.mutualofomaha.com/medicaregov/,"3300 Mutual of Omaha Plaza, Omaha, NE 68175"
TX,73301,G,MALE,Guarantee Trust Life Insurance Company,ATTAINED_AGE,253.26,253.26,,,235.53,235.53,800-338-7452,https://www.gtlic.com/,"1275 Milwaukee Avenue Glenview, IL 60025"
TX,73301,G,MALE,HealthSpring Insurance Company (Standard II),ATTAINED_AGE,254.99,254.99,,,,,877-607-6002,https://www.cigna.com/medicare/shop-plans/supplemental/,"PO Box 5700, Scranton PA 18505-5700"
TX,73301,G,MALE,GPM Health and Life Insurance Company,ATTAINED_AGE,264.68,264.68,,,246.15,246.15,866-242-7573,https://www.gpmhealthandlife.com/wps/portal/home/products/medicare-supplement,"2211 N.E. Loop 410 San Antonio, TX 78217-4630"
TX,73301,G,MALE,AARP - UnitedHealthcare Insurance Company (Level 2),COMMUNITY_RATED,707.59,707.59,636.63,636.63,,,888-378-0849,https://www.aarpmedicaresupplement.com/,PO Box 9003; Huntingdon Valley PA 19006
TX,73301,G,FEMALE,Atlantic Capital Life Assurance Company (Preferred),ATTAINED_AGE,113.32,113.32,,,105.39,105.39,866-458-1430,https://bankersfidelity.com/,"4370 Peachtree Road, NE Atlanta, GA  30319"
TX,73301,G,FEMALE,Nassau Life Insurance Company,ATTAINED_AGE,130.28,130.28,,,,,860-403-5000,https://www.nsre.com/,"One American Row, Hartford, CT  06103"
TX,73301,G,FEMALE,New Era Life Insurance Company,ATTAINED_AGE,137.79,137.79,,,,,877-417-7555,http://www.neweralife.com/,"P.O. Box 4884, Houston, TX 77210-4884"
TX,73301,G,FEMALE,LifeShield National Insurance Company,ATTAINED_AGE,141.22,141.22,,,131.33,131.33,800-851-5041,https://www.lifeshieldnational.com/,"5500 N Western Avenue, Suite 200, Oklahoma City, OK 73118"
TX,73301,G,FEMALE,Atlantic Capital Life Assurance Company (Standard),ATTAINED_AGE,142.97,142.97,,,132.96,132.96,866-458-1430,https://bankersfidelity.com/,"4370 Peachtree Road, NE Atlanta, GA  30319"
TX,73301,G,FEMALE,HealthSpring Insurance Company,ATTAINED_AGE,147.82,147.82,,,,,877-607-6002,https://www.cigna.com/medicare/shop-plans/supplemental/,"PO Box 5700, Scranton PA 18505-5700"
TX,73301,G,FEMALE,Physicians Select Insurance Company (Innovative),ATTAINED_AGE,148.59,148.59,,,132.08,132.08,800-325-6300,https://www.physiciansmutual.com/cs/products/medsup/medsup.html,"2600 Dodge Street, Omaha, Nebraska 68131"
TX,73301,G,FEMALE,Medico Life and Health Insurance Company (Preferred),ATTAINED_AGE,150.84,150.84,,,132.74,132.74,800-228-6080,https://www.gomedico.com/,"P.O. Box 10386 Des Moines, IA 50306-0387"
TX,73301,G,FEMALE,Insurance Company of North America,ATTAINED_AGE,154.58,154.58,,,143.76,143.76,215-640-1000,https://www.chubb.com/microsites/ace-medicare-supplement.html,436 Walnut Street
TX,73301,G,FEMALE,AFLAC,ATTAINED_AGE,156.47,156.47,,,140.82,140.82,866-990-2668,https://www.aflac.com/individuals,"Aflac Tier One, PO Box 14863, Lexington, KY 40512-4863"
TX,73301,G,FEMALE,WoodmenLife,ATTAINED_AGE,159.3,159.3,,,143.37,143.37,1-866-236-0029,https://www.woodmenlife.org/insurance/medicare-supplement-insurance/,"1700 Farnam Street, Omaha, NE 68102"
TX,73301,G,FEMALE,American Benefit Life Insurance Company,ATTAINED_AGE,162.37,162.37,,,146.13,146.13,833-504-0331,https://lbig.com/,"1605 LBJ Freeway, Suite 700 Dallas, Texas 75234"
TX,73301,G,FEMALE,Old Surety Life Insurance Company,ISSUE_AGE,163.67,163.67,152.21,152.21,,,800-272-5466,http://www.oldsurety.com/,"5201 N Lincoln Blvd, Oklahoma City, OK 73105"
TX,73301,G,FEMALE,Medico Life and Health Insurance Company (Standard I),ATTAINED_AGE,165.93,165.93,,,146.02,146.02,800-228-6080,https://www.gomedico.com/,"P.O. Box 10386 Des Moines, IA 50306-0387"
TX,73301,G,FEMALE,Lumos Insurance,ATTAINED_AGE,167.28,167.28,,,155.57,155.57,800-752-8328,https://www.lumosinsurance.com/life-health,"2701 North Main Street, Crossville, TN 38555"
TX,73301,G,FEMALE,Bankers Life (Underwritten by Washington National Insurance Company),ATTAINED_AGE,167.77,167.77,,,,,800-446-5018,https://www.bankerslife.com/medicare-supplement-insurance/?src=medicaregov&medium=listing,"11299 Illinois Street, Suite 200, Carmel, IN 46032"
TX,73301,G,FEMALE,Wisconsin Physicians Service Insurance Corporation,ATTAINED_AGE,168.5,168.5,156.7,156.7,,,888-915-5108,https://www.wpshealth.com/,"1717 W. Broadway P.O. Box 8190, Madison, WI 53708-8190"
TX,73301,G,FEMALE,Humana (Emphesys Insurance Company),ATTAINED_AGE,174.67,174.67,,,153.47,153.47,877-426-1269,https://www.humana.com/medicare/medicare-supplement-plans?kc=0321046030,"P.O. Box 14611 Lexington, KY 40512-4613"
TX,73301,G,FEMALE,USAA Life Insurance Company,ATTAINED_AGE,180.88,180.88,171.84,171.84,,,800-531-8722,https://www.usaa.com/inet/wc/insurance-health-medicare,"9800 Fredericksburg Rd. San Antonio, TX 78288"
TX,73301,G,FEMALE,Physicians Select Insurance Company,ATTAINED_AGE,183.38,183.38,,,163,163,800-325-6300,https://www.physiciansmutual.com/cs/products/medsup/medsup.html,"2600 Dodge Street, Omaha, Nebraska 68131"
TX,73301,G,FEMALE,Medico Life and Health Insurance Company (Standard II),ATTAINED_AGE,188.56,188.56,,,165.93,165.93,800-228-6080,https://www.gomedico.com/,"P.O. Box 10386 Des Moines, IA 50306-0387"
TX,73301,G,FEMALE,State Farm Mutual Automobile Insurance Company,ATTAINED_AGE,188.87,188.87,,,,,800-782-8332,https://www.statefarm.com/insurance/health/medicare-supplemental,"One State Farm Plaza, Bloomington, IL 61710"
TX,73301,G,FEMALE,BlueCross BlueShield of Texas,ATTAINED_AGE,193.95,193.95,,,174.56,174.56,312-653-6000,http://www.hcsc.com/,"300 East Randolph Street Chicago, IL  60601-5099"
TX,73301,G,FEMALE,AARP - UnitedHealthcare Insurance Company (Standard),COMMUNITY_RATED,204.48,204.48,170.63,170.63,,,888-378-0849,https://www.aarpmedicaresupplement.com/,PO Box 9003; Huntingdon Valley PA 19006
TX,73301,G,FEMALE,Aetna Health Insurance Company,ATTAINED_AGE,205.42,205.42,191.04,191.04,,,800-358-8749 ,https://www.aetnamedicare.com/,"PO Box 14088 Lexington, KY 40513"
TX,73301,G,FEMALE,Bankers Life (Underwritten by Washington National Insurance Company) (Substandard),ATTAINED_AGE,206.88,206.88,,,,,800-446-5018,https://www.bankerslife.com/medicare-supplement-insurance/?src=medicaregov&medium=listing,"11299 Illinois Street, Suite 200, Carmel, IN 46032"
TX,73301,G,FEMALE,Mutual of Omaha (Mutual of Omaha Insurance Company),ATTAINED_AGE,215.65,215.65,,,189.77,189.77,855-977-6312,https://www.mutualofomaha.com/medicaregov/,"3300 Mutual of Omaha Plaza, Omaha, NE 68175"
TX,73301,G,FEMALE,HealthSpring Insurance Company (Standard II),ATTAINED_AGE,221.73,221.73,,,,,877-607-6002,https://www.cigna.com/medicare/shop-plans/supplemental/,"PO Box 5700, Scranton PA 18505-5700"
TX,73301,G,FEMALE,Guarantee Trust Life Insurance Company,ATTAINED_AGE,226.13,226.13,,,210.3,210.3,800-338-7452,https://www.gtlic.com/,"1275 Milwaukee Avenue Glenview, IL 60025"
TX,73301,G,FEMALE,GPM Health and Life Insurance Company,ATTAINED_AGE,230.15,230.15,,,214.04,214.04,866-242-7573,https://www.gpmhealthandlife.com/wps/portal/home/products/medicare-supplement,"2211 N.E. Loop 410 San Antonio, TX 78217-4630"
TX,73301,G,FEMALE,AARP - UnitedHealthcare Insurance Company (Level 2),COMMUNITY_RATED,627.61,627.61,564.64,564.64,,,888-378-0849,https://www.aarpmedicaresupplement.com/,PO Box 9003; Huntingdon Valley PA 19006
TX,73301,N,MALE,Atlantic Capital Life Assurance Company (Preferred),ATTAINED_AGE,99.17,99.17,,,92.23,92.23,866-458-1430,https://bankersfidelity.com/,"4370 Peachtree Road, NE Atlanta, GA  30319"
TX,73301,N,MALE,Nassau Life Insurance Company,ATTAINED_AGE,107.39,107.39,,,,,860-403-5000,https://www.nsre.com/,"One American Row, Hartford, CT  06103"
TX,73301,N,MALE,HealthSpring Insurance Company,ATTAINED_AGE,114.57,114.57,,,,,877-607-6002,https://www.cigna.com/medicare/shop-plans/supplemental/,"PO Box 5700, Scranton PA 18505-5700"
TX,73301,N,MALE,Insurance Company of North America,ATTAINED_AGE,116.33,116.33,,,108.19,108.19,215-640-1000,https://www.chubb.com/microsites/ace-medicare-supplement.html,436 Walnut Street
TX,73301,N,MALE,Bankers Life (Underwritten by Washington National Insurance Company),ATTAINED_AGE,116.94,116.94,,,,,800-446-5018,https://www.bankerslife.com/medicare-supplement-insurance/?src=medicaregov&medium=listing,"11299 Illinois Street, Suite 200, Carmel, IN 46032"
TX,73301,N,MALE,LifeShield National Insurance Company,ATTAINED_AGE,121.04,121.04,,,112.57,112.57,800-851-5041,https://www.lifeshieldnational.com/,"5500 N Western Avenue, Suite 200, Oklahoma City, OK 73118"
TX,73301,N,MALE,Lumos Insurance,ATTAINED_AGE,121.05,121.05,,,112.58,112.58,800-752-8328,https://www.lumosinsurance.com/life-health,"2701 North Main Street, Crossville, TN 38555"
TX,73301,N,MALE,New Era Life Insurance Company,ATTAINED_AGE,122.28,122.28,,,,,877-417-7555,http://www.neweralife.com/,"P.O. Box 4884, Houston, TX 77210-4884"
TX,73301,N,MALE,AFLAC,ATTAINED_AGE,122.44,122.44,,,110.2,110.2,866-990-2668,https://www.aflac.com/individuals,"Aflac Tier One, PO Box 14863, Lexington, KY 40512-4863"
TX,73301,N,MALE,Atlantic Capital Life Assurance Company (Standard),ATTAINED_AGE,125.08,125.08,,,116.32,116.32,866-458-1430,https://bankersfidelity.com/,"4370 Peachtree Road, NE Atlanta, GA  30319"
TX,73301,N,MALE,Medico Life and Health Insurance Company (Preferred),ATTAINED_AGE,127.35,127.35,,,112.07,112.07,800-228-6080,https://www.gomedico.com/,"P.O. Box 10386 Des Moines, IA 50306-0387"
TX,73301,N,MALE,WoodmenLife,ATTAINED_AGE,127.58,127.58,,,114.82,114.82,1-866-236-0029,https://www.woodmenlife.org/insurance/medicare-supplement-insurance/,"1700 Farnam Street, Omaha, NE 68102"
TX,73301,N,MALE,State Farm Mutual Automobile Insurance Company,ATTAINED_AGE,133.79,133.79,,,,,800-782-8332,https://www.statefarm.com/insurance/health/medicare-supplemental,"One State Farm Plaza, Bloomington, IL 61710"
TX,73301,N,MALE,American Benefit Life Insurance Company,ATTAINED_AGE,134.29,134.29,,,120.86,120.86,833-504-0331,https://lbig.com/,"1605 LBJ Freeway, Suite 700 Dallas, Texas 75234"
TX,73301,N,MALE,Medico Life and Health Insurance Company (Standard I),ATTAINED_AGE,140.08,140.08,,,123.27,123.27,800-228-6080,https://www.gomedico.com/,"P.O. Box 10386 Des Moines, IA 50306-0387"
TX,73301,N,MALE,Bankers Life (Underwritten by Washington National Insurance Company) (Substandard),ATTAINED_AGE,144.14,144.14,,,,,800-446-5018,https://www.bankerslife.com/medicare-supplement-insurance/?src=medicaregov&medium=listing,"11299 Illinois Street, Suite 200, Carmel, IN 46032"
TX,73301,N,MALE,Humana (Emphesys Insurance Company),ATTAINED_AGE,145.35,145.35,,,127.67,127.67,877-426-1269,https://www.humana.com/medicare/medicare-supplement-plans?kc=0321046030,"P.O. Box 14611 Lexington, KY 40512-4613"
TX,73301,N,MALE,USAA Life Insurance Company,ATTAINED_AGE,150.11,150.11,142.6,142.6,142.6,142.6,800-531-8722,https://www.usaa.com/inet/wc/insurance-health-medicare,"9800 Fredericksburg Rd. San Antonio, TX 78288"
TX,73301,N,MALE,Wisconsin Physicians Service Insurance Corporation,ATTAINED_AGE,156.34,156.34,145.4,145.4,145.4,145.4,888-915-5108,https://www.wpshealth.com/,"1717 W. Broadway P.O. Box 8190, Madison, WI 53708-8190"
TX,73301,N,MALE,GPM Health and Life Insurance Company,ATTAINED_AGE,158.97,158.97,,,147.84,147.84,866-242-7573,https://www.gpmhealthandlife.com/wps/portal/home/products/medicare-supplement,"2211 N.E. Loop 410 San Antonio, TX 78217-4630"
TX,73301,N,MALE,Medico Life and Health Insurance Company (Standard II),ATTAINED_AGE,159.19,159.19,,,140.09,140.09,800-228-6080,https://www.gomedico.com/,"P.O. Box 10386 Des Moines, IA 50306-0387"
TX,73301,N,MALE,Guarantee Trust Life Insurance Company,ATTAINED_AGE,160.82,160.82,,,149.56,149.56,800-338-7452,https://www.gtlic.com/,"1275 Milwaukee Avenue Glenview, IL 60025"
TX,73301,N,MALE,Aetna Health Insurance Company,ATTAINED_AGE,162.27,162.27,150.91,150.91,150.91,150.91,800-358-8749 ,https://www.aetnamedicare.com/,"PO Box 14088 Lexington, KY 40513"
TX,73301,N,MALE,HealthSpring Insurance Company (Standard II),ATTAINED_AGE,171.86,171.86,,,,,877-607-6002,https://www.cigna.com/medicare/shop-plans/supplemental/,"PO Box 5700, Scranton PA 18505-5700"
TX,73301,N,MALE,Mutual of Omaha (Mutual of Omaha Insurance Company),ATTAINED_AGE,173.21,173.21,,,152.42,152.42,855-977-6312,https://www.mutualofomaha.com/medicaregov/,"3300 Mutual of Omaha Plaza, Omaha, NE 68175"
TX,73301,N,MALE,BlueCross BlueShield of Texas,ATTAINED_AGE,176.45,176.45,,,158.8,158.8,312-653-6000,http://www.hcsc.com/,"300 East Randolph Street Chicago, IL  60601-5099"
TX,73301,N,MALE,AARP - UnitedHealthcare Insurance Company (Standard),COMMUNITY_RATED,197.77,197.77,165.02,165.02,,,888-378-0849,https://www.aarpmedicaresupplement.com/,PO Box 9003; Huntingdon Valley PA 19006
TX,73301,N,MALE,AARP - UnitedHealthcare Insurance Company (Level 2),COMMUNITY_RATED,573.74,573.74,516.16,516.16,,,888-378-0849,https://www.aarpmedicaresupplement.com/,PO Box 9003; Huntingdon Valley PA 19006
TX,73301,N,FEMALE,Atlantic Capital Life Assurance Company (Preferred),ATTAINED_AGE,86.47,86.47,,,80.42,80.42,866-458-1430,https://bankersfidelity.com/,"4370 Peachtree Road, NE Atlanta, GA  30319"
TX,73301,N,FEMALE,Nassau Life Insurance Company,ATTAINED_AGE,93.43,93.43,,,,,860-403-5000,https://www.nsre.com/,"One American Row, Hartford, CT  06103"
TX,73301,N,FEMALE,HealthSpring Insurance Company,ATTAINED_AGE,99.63,99.63,,,,,877-607-6002,https://www.cigna.com/medicare/shop-plans/supplemental/,"PO Box 5700, Scranton PA 18505-5700"
TX,73301,N,FEMALE,Insurance Company of North America,ATTAINED_AGE,103,103,,,95.79,95.79,215-640-1000,https://www.chubb.com/microsites/ace-medicare-supplement.html,436 Walnut Street
TX,73301,N,FEMALE,LifeShield National Insurance Company,ATTAINED_AGE,105.25,105.25,,,97.88,97.88,800-851-5041,https://www.lifeshieldnational.com/,"5500 N Western Avenue, Suite 200, Oklahoma City, OK 73118"
TX,73301,N,FEMALE,Bankers Life (Underwritten by Washington National Insurance Company),ATTAINED_AGE,105.35,105.35,,,,,800-446-5018,https://www.bankerslife.com/medicare-supplement-insurance/?src=medicaregov&medium=listing,"11299 Illinois Street, Suite 200, Carmel, IN 46032"
TX,73301,N,FEMALE,AFLAC,ATTAINED_AGE,106.89,106.89,,,96.2,96.2,866-990-2668,https://www.aflac.com/individuals,"Aflac Tier One, PO Box 14863, Lexington, KY 40512-4863"
TX,73301,N,FEMALE,New Era Life Insurance Company,ATTAINED_AGE,108.22,108.22,,,,,877-417-7555,http://www.neweralife.com/,"P.O. Box 4884, Houston, TX 77210-4884"
TX,73301,N,FEMALE,Atlantic Capital Life Assurance Company (Standard),ATTAINED_AGE,109.01,109.01,,,101.38,101.38,866-458-1430,https://bankersfidelity.com/,"4370 Peachtree Road, NE Atlanta, GA  30319"
TX,73301,N,FEMALE,Lumos Insurance,ATTAINED_AGE,109.96,109.96,,,102.26,102.26,800-752-8328,https://www.lumosinsurance.com/life-health,"2701 North Main Street, Crossville, TN 38555"
TX,73301,N,FEMALE,Medico Life and Health Insurance Company (Preferred),ATTAINED_AGE,110.74,110.74,,,97.45,97.45,800-228-6080,https://www.gomedico.com/,"P.O. Box 10386 Des Moines, IA 50306-0387"
TX,73301,N,FEMALE,WoodmenLife,ATTAINED_AGE,110.95,110.95,,,99.86,99.86,1-866-236-0029,https://www.woodmenlife.org/insurance/medicare-supplement-insurance/,"1700 Farnam Street, Omaha, NE 68102"
TX,73301,N,FEMALE,American Benefit Life Insurance Company,ATTAINED_AGE,116.77,116.77,,,105.09,105.09,833-504-0331,https://lbig.com/,"1605 LBJ Freeway, Suite 700 Dallas, Texas 75234"
TX,73301,N,FEMALE,Medico Life and Health Insurance Company (Standard I),ATTAINED_AGE,121.81,121.81,,,107.19,107.19,800-228-6080,https://www.gomedico.com/,"P.O. Box 10386 Des Moines, IA 50306-0387"
TX,73301,N,FEMALE,State Farm Mutual Automobile Insurance Company,ATTAINED_AGE,128.44,128.44,,,,,800-782-8332,https://www.statefarm.com/insurance/health/medicare-supplemental,"One State Farm Plaza, Bloomington, IL 61710"
TX,73301,N,FEMALE,Bankers Life (Underwritten by Washington National Insurance Company) (Substandard),ATTAINED_AGE,129.84,129.84,,,,,800-446-5018,https://www.bankerslife.com/medicare-supplement-insurance/?src=medicaregov&medium=listing,"11299 Illinois Street, Suite 200, Carmel, IN 46032"
TX,73301,N,FEMALE,Humana (Emphesys Insurance Company),ATTAINED_AGE,130.55,130.55,,,114.64,114.64,877-426-1269,https://www.humana.com/medicare/medicare-supplement-plans?kc=0321046030,"P.O. Box 14611 Lexington, KY 40512-4613"
TX,73301,N,FEMALE,GPM Health and Life Insurance Company,ATTAINED_AGE,138.23,138.23,,,128.55,128.55,866-242-7573,https://www.gpmhealthandlife.com/wps/portal/home/products/medicare-supplement,"2211 N.E. Loop 410 San Antonio, TX 78217-4630"
TX,73301,N,FEMALE,Medico Life and Health Insurance Company (Standard II),ATTAINED_AGE,138.42,138.42,,,121.81,121.81,800-228-6080,https://www.gomedico.com/,"P.O. Box 10386 Des Moines, IA 50306-0387"
TX,73301,N,FEMALE,Aetna Health Insurance Company,ATTAINED_AGE,141.03,141.03,131.16,131.16,,,800-358-8749 ,https://www.aetnamedicare.com/,"PO Box 14088 Lexington, KY 40513"
TX,73301,N,FEMALE,Wisconsin Physicians Service Insurance Corporation,ATTAINED_AGE,142.13,142.13,132.18,132.18,,,888-915-5108,https://www.wpshealth.com/,"1717 W. Broadway P.O. Box 8190, Madison, WI 53708-8190"
TX,73301,N,FEMALE,Guarantee Trust Life Insurance Company,ATTAINED_AGE,143.59,143.59,,,133.54,133.54,800-338-7452,https://www.gtlic.com/,"1275 Milwaukee Avenue Glenview, IL 60025"
TX,73301,N,FEMALE,HealthSpring Insurance Company (Standard II),ATTAINED_AGE,149.44,149.44,,,,,877-607-6002,https://www.cigna.com/medicare/shop-plans/supplemental/,"PO Box 5700, Scranton PA 18505-5700"
TX,73301,N,FEMALE,USAA Life Insurance Company,ATTAINED_AGE,150.11,150.11,142.6,142.6,,,800-531-8722,https://www.usaa.com/inet/wc/insurance-health-medicare,"9800 Fredericksburg Rd. San Antonio, TX 78288"
TX,73301,N,FEMALE,Mutual of Omaha (Mutual of Omaha Insurance Company),ATTAINED_AGE,150.63,150.63,,,132.55,132.55,855-977-6312,https://www.mutualofomaha.com/medicaregov/,"3300 Mutual of Omaha Plaza, Omaha, NE 68175"
TX,73301,N,FEMALE,BlueCross BlueShield of Texas,ATTAINED_AGE,157.55,157.55,,,141.8,141.8,312-653-6000,http://www.hcsc.com/,"300 East Randolph Street Chicago, IL  60601-5099"
TX,73301,N,FEMALE,AARP - UnitedHealthcare Insurance Company (Standard),COMMUNITY_RATED,175.2,175.2,146.15,146.15,,,888-378-0849,https://www.aarpmedicaresupplement.com/,PO Box 9003; Huntingdon Valley PA 19006
TX,73301,N,FEMALE,AARP - UnitedHealthcare Insurance Company (Level 2),COMMUNITY_RATED,508.69,508.69,457.62,457.62,,,888-378-0849,https://www.aarpmedicaresupplement.com/,PO Box 9003; Huntingdon Valley PA 19006
TX,75201,G,MALE,Atlantic Capital Life Assurance Company (Preferred),ATTAINED_AGE,143.03,143.03,,,133.02,133.02,866-458-1430,https://bankersfidelity.com/,"4370 Peachtree Road, NE Atlanta, GA  30319"
TX,75201,G,MALE,Texas Farm Bureau Health Plans,ATTAINED_AGE,157,157,,,,,888-708-0123,https://www.mhinsurance.com/,"323 E James M Campbell Blvd, Columbia, TN 38401"
TX,75201,G,MALE,Physicians Select Insurance Company (Innovative),ATTAINED_AGE,164.23,164.23,,,145.98,145.98,800-325-6300,https://www.physiciansmutual.com/cs/products/medsup/medsup.html,"2600 Dodge Street, Omaha, Nebraska 68131"
TX,75201,G,MALE,New Era Life Insurance Company,ATTAINED_AGE,168.24,168.24,,,,,877-417-7555,http://www.neweralife.com/,"P.O. Box 4884, Houston, TX 77210-4884"
TX,75201,G,MALE,Nassau Life Insurance Company,ATTAINED_AGE,170.4,170.4,,,,,860-403-5000,https://www.nsre.com/,"One American Row, Hartford, CT  06103"
TX,75201,G,MALE,Medico Life and Health Insurance Company (Preferred),ATTAINED_AGE,173.47,173.47,,,152.65,152.65,800-228-6080,https://www.gomedico.com/,"P.O. Box 10386 Des Moines, IA 50306-0387"
TX,75201,G,MALE,Atlantic Capital Life Assurance Company (Standard),ATTAINED_AGE,180.51,180.51,,,167.87,167.87,866-458-1430,https://bankersfidelity.com/,"4370 Peachtree Road, NE Atlanta, GA  30319"
TX,75201,G,MALE,LifeShield National Insurance Company,ATTAINED_AGE,183.18,183.18,,,170.36,170.36,800-851-5041,https://www.lifeshieldnational.com/,"5500 N Western Avenue, Suite 200, Oklahoma City, OK 73118"
TX,75201,G,MALE,Lumos Insurance,ATTAINED_AGE,183.98,183.98,,,171.1,171.1,800-752-8328,https://www.lumosinsurance.com/life-health,"2701 North Main Street, Crossville, TN 38555"
TX,75201,G,MALE,Bankers Life (Underwritten by Washington National Insurance Company),ATTAINED_AGE,186.3,186.3,,,,,800-446-5018,https://www.bankerslife.com/medicare-supplement-insurance/?src=medicaregov&medium=listing,"11299 Illinois Street, Suite 200, Carmel, IN 46032"
TX,75201,G,MALE,Insurance Company of North America,ATTAINED_AGE,187.33,187.33,,,174.22,174.22,215-640-1000,https://www.chubb.com/microsites/ace-medicare-supplement.html,436 Walnut Street
TX,75201,G,MALE,Medico Life and Health Insurance Company (Standard I),ATTAINED_AGE,190.82,190.82,,,167.92,167.92,800-228-6080,https://www.gomedico.com/,"P.O. Box 10386 Des Moines, IA 50306-0387"
TX,75201,G,MALE,State Farm Mutual Automobile Insurance Company,ATTAINED_AGE,192.95,192.95,,,,,800-782-8332,https://www.statefarm.com/insurance/health/medicare-supplemental,"One State Farm Plaza, Bloomington, IL 61710"
TX,75201,G,MALE,HealthSpring Insurance Company,ATTAINED_AGE,198.49,198.49,,,,,877-607-6002,https://www.cigna.com/medicare/shop-plans/supplemental/,"PO Box 5700, Scranton PA 18505-5700"
TX,75201,G,MALE,USAA Life Insurance Company,ATTAINED_AGE,198.73,198.73,188.79,188.79,188.79,188.79,800-531-8722,https://www.usaa.com/inet/wc/insurance-health-medicare,"9800 Fredericksburg Rd. San Antonio, TX 78288"
TX,75201,G,MALE,Physicians Select Insurance Company,ATTAINED_AGE,202.69,202.69,,,180.17,180.17,800-325-6300,https://www.physiciansmutual.com/cs/products/medsup/medsup.html,"2600 Dodge Street, Omaha, Nebraska 68131"
TX,75201,G,MALE,WoodmenLife,ATTAINED_AGE,206.36,206.36,,,185.72,185.72,1-866-236-0029,https://www.woodmenlife.org/insurance/medicare-supplement-insurance/,"1700 Farnam Street, Omaha, NE 68102"
TX,75201,G,MALE,AFLAC,ATTAINED_AGE,206.65,206.65,,,185.98,185.98,866-990-2668,https://www.aflac.com/individuals,"Aflac Tier One, PO Box 14863, Lexington, KY 40512-4863"
TX,75201,G,MALE,Old Surety Life Insurance Company,ISSUE_AGE,207.25,207.25,192.74,192.74,192.74,192.74,800-272-5466,http://www.oldsurety.com/,"5201 N Lincoln Blvd, Oklahoma City, OK 73105"
TX,75201,G,MALE,Wisconsin Physicians Service Insurance Corporation,ATTAINED_AGE,213.01,213.01,198.1,198.1,198.1,198.1,888-915-5108,https://www.wpshealth.com/,"1717 W. Broadway P.O. Box 8190, Madison, WI 53708-8190"
TX,75201,G,MALE,American Benefit Life Insurance Company,ATTAINED_AGE,214.43,214.43,,,192.99,192.99,833-504-0331,https://lbig.com/,"1605 LBJ Freeway, Suite 700 Dallas, Texas 75234"
TX,75201,G,MALE,BlueCross BlueShield of Texas,ATTAINED_AGE,214.57,214.57,,,193.11,193.11,312-653-6000,http://www.hcsc.com/,"300 East Randolph Street Chicago, IL  60601-5099"
TX,75201,G,MALE,Medico Life and Health Insurance Company (Standard II),ATTAINED_AGE,216.84,216.84,,,190.82,190.82,800-228-6080,https://www.gomedico.com/,"P.O. Box 10386 Des Moines, IA 50306-0387"
TX,75201,G,MALE,United American Insurance Company,ATTAINED_AGE,218,218,,,,,800-331-2512,https://www2.unitedamerican.com/,"3700 S Stonebridge Dr, McKinney, TX 75070"
TX,75201,G,MALE,Humana (Emphesys Insurance Company),ATTAINED_AGE,218.92,218.92,,,192.41,192.41,877-426-1269,https://www.humana.com/medicare/medicare-supplement-plans?kc=0321046030,"P.O. Box 14611 Lexington, KY 40512-4613"
TX,75201,G,MALE,Bankers Life (Underwritten by Washington National Insurance Company) (Substandard),ATTAINED_AGE,229.75,229.75,,,,,800-446-5018,https://www.bankerslife.com/medicare-supplement-insurance/?src=medicaregov&medium=listing,"11299 Illinois Street, Suite 200, Carmel, IN 46032"
TX,75201,G,MALE,AARP - UnitedHealthcare Insurance Company (Standard),COMMUNITY_RATED,239.56,239.56,199.96,199.96,,,888-378-0849,https://www.aarpmedicaresupplement.com/,PO Box 9003; Huntingdon Valley PA 19006
TX,75201,G,MALE,Mutual of Omaha (Mutual of Omaha Insurance Company),ATTAINED_AGE,247.98,247.98,,,218.22,218.22,855-977-6312,https://www.mutualofomaha.com/medicaregov/,"3300 Mutual of Omaha Plaza, Omaha, NE 68175"
TX,75201,G,MALE,Aetna Health Insurance Company,ATTAINED_AGE,259.98,259.98,241.78,241.78,241.78,241.78,800-358-8749 ,https://www.aetnamedicare.com/,"PO Box 14088 Lexington, KY 40513"
TX,75201,G,MALE,Guarantee Trust Life Insurance Company,ATTAINED_AGE,284.94,284.94,,,264.99,264.99,800-338-7452,https://www.gtlic.com/,"1275 Milwaukee Avenue Glenview, IL 60025"
TX,75201,G,MALE,GPM Health and Life Insurance Company,ATTAINED_AGE,296.44,296.44,,,275.69,275.69,866-242-7573,https://www.gpmhealthandlife.com/wps/portal/home/products/medicare-supplement,"2211 N.E. Loop 410 San Antonio, TX 78217-4630"
TX,75201,G,MALE,HealthSpring Insurance Company (Standard II),ATTAINED_AGE,297.73,297.73,,,,,877-607-6002,https://www.cigna.com/medicare/shop-plans/supplemental/,"PO Box 5700, Scranton PA 18505-5700"
TX,75201,G,MALE,AARP - UnitedHealthcare Insurance Company (Level 2),COMMUNITY_RATED,734.56,734.56,660.9,660.9,,,888-378-0849,https://www.aarpmedicaresupplement.com/,PO Box 9003; Huntingdon Valley PA 19006
TX,75201,G,FEMALE,Atlantic Capital Life Assurance Company (Preferred),ATTAINED_AGE,124.65,124.65,,,115.92,115.92,866-458-1430,https://bankersfidelity.com/,"4370 Peachtree Road, NE Atlanta, GA  30319"
TX,75201,G,FEMALE,Texas Farm Bureau Health Plans,ATTAINED_AGE,140.58,140.58,,,,,888-708-0123,https://www.mhinsurance.com/,"323 E James M Campbell Blvd, Columbia, TN 38401"
TX,75201,G,FEMALE,Nassau Life Insurance Company,ATTAINED_AGE,148.25,148.25,,,,,860-403-5000,https://www.nsre.com/,"One American Row, Hartford, CT  06103"
TX,75201,G,FEMALE,Physicians Select Insurance Company (Innovative),ATTAINED_AGE,148.59,148.59,,,132.08,132.08,800-325-6300,https://www.physiciansmutual.com/cs/products/medsup/medsup.html,"2600 Dodge Street, Omaha, Nebraska 68131"
TX,75201,G,FEMALE,Medico Life and Health Insurance Company (Preferred),ATTAINED_AGE,150.84,150.84,,,132.74,132.74,800-228-6080,https://www.gomedico.com/,"P.O. Box 10386 Des Moines, IA 50306-0387"
TX,75201,G,FEMALE,New Era Life Insurance Company,ATTAINED_AGE,152.95,152.95,,,,,877-417-7555,http://www.neweralife.com/,"P.O. Box 4884, Houston, TX 77210-4884"
TX,75201,G,FEMALE,Atlantic Capital Life Assurance Company (Standard),ATTAINED_AGE,157.26,157.26,,,146.25,146.25,866-458-1430,https://bankersfidelity.com/,"4370 Peachtree Road, NE Atlanta, GA  30319"
TX,75201,G,FEMALE,LifeShield National Insurance Company,ATTAINED_AGE,159.29,159.29,,,148.14,148.14,800-851-5041,https://www.lifeshieldnational.com/,"5500 N Western Avenue, Suite 200, Oklahoma City, OK 73118"
TX,75201,G,FEMALE,Insurance Company of North America,ATTAINED_AGE,165.75,165.75,,,154.15,154.15,215-640-1000,https://www.chubb.com/microsites/ace-medicare-supplement.html,436 Walnut Street
TX,75201,G,FEMALE,Medico Life and Health Insurance Company (Standard I),ATTAINED_AGE,165.93,165.93,,,146.02,146.02,800-228-6080,https://www.gomedico.com/,"P.O. Box 10386 Des Moines, IA 50306-0387"
TX,75201,G,FEMALE,Lumos Insurance,ATTAINED_AGE,167.28,167.28,,,155.57,155.57,800-752-8328,https://www.lumosinsurance.com/life-health,"2701 North Main Street, Crossville, TN 38555"
TX,75201,G,FEMALE,Bankers Life (Underwritten by Washington National Insurance Company),ATTAINED_AGE,167.77,167.77,,,,,800-446-5018,https://www.bankerslife.com/medicare-supplement-insurance/?src=medicaregov&medium=listing,"11299 Illinois Street, Suite 200, Carmel, IN 46032"
TX,75201,G,FEMALE,HealthSpring Insurance Company,ATTAINED_AGE,172.6,172.6,,,,,877-607-6002,https://www.cigna.com/medicare/shop-plans/supplemental/,"PO Box 5700, Scranton PA 18505-5700"
TX,75201,G,FEMALE,WoodmenLife,ATTAINED_AGE,179.44,179.44,,,161.5,161.5,1-866-236-0029,https://www.woodmenlife.org/insurance/medicare-supplement-insurance/,"1700 Farnam Street, Omaha, NE 68102"
TX,75201,G,FEMALE,AFLAC,ATTAINED_AGE,180.41,180.41,,,162.37,162.37,866-990-2668,https://www.aflac.com/individuals,"Aflac Tier One, PO Box 14863, Lexington, KY 40512-4863"
TX,75201,G,FEMALE,Physicians Select Insurance Company,ATTAINED_AGE,183.38,183.38,,,163,163,800-325-6300,https://www.physiciansmutual.com/cs/products/medsup/medsup.html,"2600 Dodge Street, Omaha, Nebraska 68131"
TX,75201,G,FEMALE,American Benefit Life Insurance Company,ATTAINED_AGE,186.47,186.47,,,167.82,167.82,833-504-0331,https://lbig.com/,"1605 LBJ Freeway, Suite 700 Dallas, Texas 75234"
TX,75201,G,FEMALE,Old Surety Life Insurance Company,ISSUE_AGE,188.41,188.41,175.22,175.22,,,800-272-5466,http://www.oldsurety.com/,"5201 N Lincoln Blvd, Oklahoma City, OK 73105"
TX,75201,G,FEMALE,Medico Life and Health Insurance Company (Standard II),ATTAINED_AGE,188.56,188.56,,,165.93,165.93,800-228-6080,https://www.gomedico.com/,"P.O. Box 10386 Des Moines, IA 50306-0387"
TX,75201,G,FEMALE,State Farm Mutual Automobile Insurance Company,ATTAINED_AGE,188.87,188.87,,,,,800-782-8332,https://www.statefarm.com/insurance/health/medicare-supplemental,"One State Farm Plaza, Bloomington, IL 61710"
TX,75201,G,FEMALE,United American Insurance Company,ATTAINED_AGE,189,189,,,,,800-331-2512,https://www2.unitedamerican.com/,"3700 S Stonebridge Dr, McKinney, TX 75070"
TX,75201,G,FEMALE,BlueCross BlueShield of Texas,ATTAINED_AGE,191.59,191.59,,,172.43,172.43,312-653-6000,http://www.hcsc.com/,"300 East Randolph Street Chicago, IL  60601-5099"
TX,75201,G,FEMALE,Wisconsin Physicians Service Insurance Corporation,ATTAINED_AGE,193.64,193.64,180.09,180.09,,,888-915-5108,https://www.wpshealth.com/,"1717 W. Broadway P.O. Box 8190, Madison, WI 53708-8190"
TX,75201,G,FEMALE,Humana (Emphesys Insurance Company),ATTAINED_AGE,196.63,196.63,,,172.79,172.79,877-426-1269,https://www.humana.com/medicare/medicare-supplement-plans?kc=0321046030,"P.O. Box 14611 Lexington, KY 40512-4613"
TX,75201,G,FEMALE,USAA Life Insurance Company,ATTAINED_AGE,198.73,198.73,188.79,188.79,,,800-531-8722,https://www.usaa.com/inet/wc/insurance-health-medicare,"9800 Fredericksburg Rd. San Antonio, TX 78288"
TX,75201,G,FEMALE,Bankers Life (Underwritten by Washington National Insurance Company) (Substandard),ATTAINED_AGE,206.88,206.88,,,,,800-446-5018,https://www.bankerslife.com/medicare-supplement-insurance/?src=medicaregov&medium=listing,"11299 Illinois Street, Suite 200, Carmel, IN 46032"
TX,75201,G,FEMALE,AARP - UnitedHealthcare Insurance Company (Standard),COMMUNITY_RATED,212.11,212.11,177.01,177.01,,,888-378-0849,https://www.aarpmedicaresupplement.com/,PO Box 9003; Huntingdon Valley PA 19006
TX,75201,G,FEMALE,Mutual of Omaha (Mutual of Omaha Insurance Company),ATTAINED_AGE,215.65,215.65,,,189.77,189.77,855-977-6312,https://www.mutualofomaha.com/medicaregov/,"3300 Mutual of Omaha Plaza, Omaha, NE 68175"
TX,75201,G,FEMALE,Aetna Health Insurance Company,ATTAINED_AGE,225.99,225.99,210.17,210.17,,,800-358-8749 ,https://www.aetnamedicare.com/,"PO Box 14088 Lexington, KY 40513"
TX,75201,G,FEMALE,Guarantee Trust Life Insurance Company,ATTAINED_AGE,254.41,254.41,,,236.6,236.6,800-338-7452,https://www.gtlic.com/,"1275 Milwaukee Avenue Glenview, IL 60025"
TX,75201,G,FEMALE,GPM Health and Life Insurance Company,ATTAINED_AGE,257.77,257.77,,,239.73,239.73,866-242-7573,https://www.gpmhealthandlife.com/wps/portal/home/products/medicare-supplement,"2211 N.E. Loop 410 San Antonio, TX 78217-4630"
TX,75201,G,FEMALE,HealthSpring Insurance Company (Standard II),ATTAINED_AGE,258.9,258.9,,,,,877-607-6002,https://www.cigna.com/medicare/shop-plans/supplemental/,"PO Box 5700, Scranton PA 18505-5700"
TX,75201,G,FEMALE,AARP - UnitedHealthcare Insurance Company (Level 2),COMMUNITY_RATED,650.86,650.86,585.57,585.57,,,888-378-0849,https://www.aarpmedicaresupplement.com/,PO Box 9003; Huntingdon Valley PA 19006
TX,75201,N,MALE,Atlantic Capital Life Assurance Company (Preferred),ATTAINED_AGE,109.08,109.08,,,101.44,101.44,866-458-1430,https://bankersfidelity.com/,"4370 Peachtree Road, NE Atlanta, GA  30319"
TX,75201,N,MALE,Bankers Life (Underwritten by Washington National Insurance Company),ATTAINED_AGE,116.94,116.94,,,,,800-446-5018,https://www.bankerslife.com/medicare-supplement-insurance/?src=medicaregov&medium=listing,"11299 Illinois Street, Suite 200, Carmel, IN 46032"
TX,75201,N,MALE,Texas Farm Bureau Health Plans,ATTAINED_AGE,119.04,119.04,,,,,888-708-0123,https://www.mhinsurance.com/,"323 E James M Campbell Blvd, Columbia, TN 38401"
TX,75201,N,MALE,Lumos Insurance,ATTAINED_AGE,121.05,121.05,,,112.58,112.58,800-752-8328,https://www.lumosinsurance.com/life-health,"2701 North Main Street, Crossville, TN 38555"
TX,75201,N,MALE,Nassau Life Insurance Company,ATTAINED_AGE,122.2,122.2,,,,,860-403-5000,https://www.nsre.com/,"One American Row, Hartford, CT  06103"
TX,75201,N,MALE,Insurance Company of North America,ATTAINED_AGE,124.75,124.75,,,116.02,116.02,215-640-1000,https://www.chubb.com/microsites/ace-medicare-supplement.html,436 Walnut Street
TX,75201,N,MALE,Medico Life and Health Insurance Company (Preferred),ATTAINED_AGE,127.35,127.35,,,112.07,112.07,800-228-6080,https://www.gomedico.com/,"P.O. Box 10386 Des Moines, IA 50306-0387"
TX,75201,N,MALE,HealthSpring Insurance Company,ATTAINED_AGE,133.77,133.77,,,,,877-607-6002,https://www.cigna.com/medicare/shop-plans/supplemental/,"PO Box 5700, Scranton PA 18505-5700"
TX,75201,N,MALE,State Farm Mutual Automobile Insurance Company,ATTAINED_AGE,133.79,133.79,,,,,800-782-8332,https://www.statefarm.com/insurance/health/medicare-supplemental,"One State Farm Plaza, Bloomington, IL 61710"
TX,75201,N,MALE,New Era Life Insurance Company,ATTAINED_AGE,135.73,135.73,,,,,877-417-7555,http://www.neweralife.com/,"P.O. Box 4884, Houston, TX 77210-4884"
TX,75201,N,MALE,LifeShield National Insurance Company,ATTAINED_AGE,136.52,136.52,,,126.96,126.96,800-851-5041,https://www.lifeshieldnational.com/,"5500 N Western Avenue, Suite 200, Oklahoma City, OK 73118"
TX,75201,N,MALE,Atlantic Capital Life Assurance Company (Standard),ATTAINED_AGE,137.59,137.59,,,127.96,127.96,866-458-1430,https://bankersfidelity.com/,"4370 Peachtree Road, NE Atlanta, GA  30319"
TX,75201,N,MALE,Medico Life and Health Insurance Company (Standard I),ATTAINED_AGE,140.08,140.08,,,123.27,123.27,800-228-6080,https://www.gomedico.com/,"P.O. Box 10386 Des Moines, IA 50306-0387"
TX,75201,N,MALE,AFLAC,ATTAINED_AGE,141.16,141.16,,,127.04,127.04,866-990-2668,https://www.aflac.com/individuals,"Aflac Tier One, PO Box 14863, Lexington, KY 40512-4863"
TX,75201,N,MALE,WoodmenLife,ATTAINED_AGE,143.71,143.71,,,129.34,129.34,1-866-236-0029,https://www.woodmenlife.org/insurance/medicare-supplement-insurance/,"1700 Farnam Street, Omaha, NE 68102"
TX,75201,N,MALE,Bankers Life (Underwritten by Washington National Insurance Company) (Substandard),ATTAINED_AGE,144.14,144.14,,,,,800-446-5018,https://www.bankerslife.com/medicare-supplement-insurance/?src=medicaregov&medium=listing,"11299 Illinois Street, Suite 200, Carmel, IN 46032"
TX,75201,N,MALE,American Benefit Life Insurance Company,ATTAINED_AGE,154.21,154.21,,,138.79,138.79,833-504-0331,https://lbig.com/,"1605 LBJ Freeway, Suite 700 Dallas, Texas 75234"
TX,75201,N,MALE,Medico Life and Health Insurance Company (Standard II),ATTAINED_AGE,159.19,159.19,,,140.09,140.09,800-228-6080,https://www.gomedico.com/,"P.O. Box 10386 Des Moines, IA 50306-0387"
TX,75201,N,MALE,Humana (Emphesys Insurance Company),ATTAINED_AGE,163.62,163.62,,,143.75,143.75,877-426-1269,https://www.humana.com/medicare/medicare-supplement-plans?kc=0321046030,"P.O. Box 14611 Lexington, KY 40512-4613"
TX,75201,N,MALE,USAA Life Insurance Company,ATTAINED_AGE,164.9,164.9,156.66,156.66,156.66,156.66,800-531-8722,https://www.usaa.com/inet/wc/insurance-health-medicare,"9800 Fredericksburg Rd. San Antonio, TX 78288"
TX,75201,N,MALE,BlueCross BlueShield of Texas,ATTAINED_AGE,171.79,171.79,,,154.61,154.61,312-653-6000,http://www.hcsc.com/,"300 East Randolph Street Chicago, IL  60601-5099"
TX,75201,N,MALE,Mutual of Omaha (Mutual of Omaha Insurance Company),ATTAINED_AGE,173.21,173.21,,,152.42,152.42,855-977-6312,https://www.mutualofomaha.com/medicaregov/,"3300 Mutual of Omaha Plaza, Omaha, NE 68175"
TX,75201,N,MALE,GPM Health and Life Insurance Company,ATTAINED_AGE,178.05,178.05,,,165.59,165.59,866-242-7573,https://www.gpmhealthandlife.com/wps/portal/home/products/medicare-supplement,"2211 N.E. Loop 410 San Antonio, TX 78217-4630"
TX,75201,N,MALE,Aetna Health Insurance Company,ATTAINED_AGE,178.51,178.51,166.01,166.01,166.01,166.01,800-358-8749 ,https://www.aetnamedicare.com/,"PO Box 14088 Lexington, KY 40513"
TX,75201,N,MALE,Wisconsin Physicians Service Insurance Corporation,ATTAINED_AGE,179.66,179.66,167.08,167.08,167.08,167.08,888-915-5108,https://www.wpshealth.com/,"1717 W. Broadway P.O. Box 8190, Madison, WI 53708-8190"
TX,75201,N,MALE,Guarantee Trust Life Insurance Company,ATTAINED_AGE,180.93,180.93,,,168.26,168.26,800-338-7452,https://www.gtlic.com/,"1275 Milwaukee Avenue Glenview, IL 60025"
TX,75201,N,MALE,HealthSpring Insurance Company (Standard II),ATTAINED_AGE,200.66,200.66,,,,,877-607-6002,https://www.cigna.com/medicare/shop-plans/supplemental/,"PO Box 5700, Scranton PA 18505-5700"
TX,75201,N,MALE,AARP - UnitedHealthcare Insurance Company (Standard),COMMUNITY_RATED,205.24,205.24,171.26,171.26,,,888-378-0849,https://www.aarpmedicaresupplement.com/,PO Box 9003; Huntingdon Valley PA 19006
TX,75201,N,MALE,United American Insurance Company,ATTAINED_AGE,242,242,,,,,800-331-2512,https://www2.unitedamerican.com/,"3700 S Stonebridge Dr, McKinney, TX 75070"
TX,75201,N,MALE,AARP - UnitedHealthcare Insurance Company (Level 2),COMMUNITY_RATED,595.28,595.28,535.55,535.55,,,888-378-0849,https://www.aarpmedicaresupplement.com/,PO Box 9003; Huntingdon Valley PA 19006
TX,75201,N,FEMALE,Atlantic Capital Life Assurance Company (Preferred),ATTAINED_AGE,95.11,95.11,,,88.45,88.45,866-458-1430,https://bankersfidelity.com/,"4370 Peachtree Road, NE Atlanta, GA  30319"
TX,75201,N,FEMALE,Bankers Life (Underwritten by Washington National Insurance Company),ATTAINED_AGE,105.35,105.35,,,,,800-446-5018,https://www.bankerslife.com/medicare-supplement-insurance/?src=medicaregov&medium=listing,"11299 Illinois Street, Suite 200, Carmel, IN 46032"
TX,75201,N,FEMALE,Nassau Life Insurance Company,ATTAINED_AGE,106.32,106.32,,,,,860-403-5000,https://www.nsre.com/,"One American Row, Hartford, CT  06103"
TX,75201,N,FEMALE,Texas Farm Bureau Health Plans,ATTAINED_AGE,106.36,106.36,,,,,888-708-0123,https://www.mhinsurance.com/,"323 E James M Campbell Blvd, Columbia, TN 38401"
TX,75201,N,FEMALE,Lumos Insurance,ATTAINED_AGE,109.96,109.96,,,102.26,102.26,800-752-8328,https://www.lumosinsurance.com/life-health,"2701 North Main Street, Crossville, TN 38555"
TX,75201,N,FEMALE,Insurance Company of North America,ATTAINED_AGE,110.42,110.42,,,102.69,102.69,215-640-1000,https://www.chubb.com/microsites/ace-medicare-supplement.html,436 Walnut Street
TX,75201,N,FEMALE,Medico Life and Health Insurance Company (Preferred),ATTAINED_AGE,110.74,110.74,,,97.45,97.45,800-228-6080,https://www.gomedico.com/,"P.O. Box 10386 Des Moines, IA 50306-0387"
TX,75201,N,FEMALE,HealthSpring Insurance Company,ATTAINED_AGE,116.33,116.33,,,,,877-607-6002,https://www.cigna.com/medicare/shop-plans/supplemental/,"PO Box 5700, Scranton PA 18505-5700"
TX,75201,N,FEMALE,LifeShield National Insurance Company,ATTAINED_AGE,118.72,118.72,,,110.41,110.41,800-851-5041,https://www.lifeshieldnational.com/,"5500 N Western Avenue, Suite 200, Oklahoma City, OK 73118"
TX,75201,N,FEMALE,Atlantic Capital Life Assurance Company (Standard),ATTAINED_AGE,119.92,119.92,,,111.53,111.53,866-458-1430,https://bankersfidelity.com/,"4370 Peachtree Road, NE Atlanta, GA  30319"
TX,75201,N,FEMALE,New Era Life Insurance Company,ATTAINED_AGE,120.12,120.12,,,,,877-417-7555,http://www.neweralife.com/,"P.O. Box 4884, Houston, TX 77210-4884"
TX,75201,N,FEMALE,Medico Life and Health Insurance Company (Standard I),ATTAINED_AGE,121.81,121.81,,,107.19,107.19,800-228-6080,https://www.gomedico.com/,"P.O. Box 10386 Des Moines, IA 50306-0387"
TX,75201,N,FEMALE,AFLAC,ATTAINED_AGE,123.24,123.24,,,110.92,110.92,866-990-2668,https://www.aflac.com/individuals,"Aflac Tier One, PO Box 14863, Lexington, KY 40512-4863"
TX,75201,N,FEMALE,WoodmenLife,ATTAINED_AGE,124.97,124.97,,,112.47,112.47,1-866-236-0029,https://www.woodmenlife.org/insurance/medicare-supplement-insurance/,"1700 Farnam Street, Omaha, NE 68102"
TX,75201,N,FEMALE,State Farm Mutual Automobile Insurance Company,ATTAINED_AGE,128.44,128.44,,,,,800-782-8332,https://www.statefarm.com/insurance/health/medicare-supplemental,"One State Farm Plaza, Bloomington, IL 61710"
TX,75201,N,FEMALE,Bankers Life (Underwritten by Washington National Insurance Company) (Substandard),ATTAINED_AGE,129.84,129.84,,,,,800-446-5018,https://www.bankerslife.com/medicare-supplement-insurance/?src=medicaregov&medium=listing,"11299 Illinois Street, Suite 200, Carmel, IN 46032"
TX,75201,N,FEMALE,American Benefit Life Insurance Company,ATTAINED_AGE,134.1,134.1,,,120.69,120.69,833-504-0331,https://lbig.com/,"1605 LBJ Freeway, Suite 700 Dallas, Texas 75234"
TX,75201,N,FEMALE,Medico Life and Health Insurance Company (Standard II),ATTAINED_AGE,138.42,138.42,,,121.81,121.81,800-228-6080,https://www.gomedico.com/,"P.O. Box 10386 Des Moines, IA 50306-0387"
TX,75201,N,FEMALE,Humana (Emphesys Insurance Company),ATTAINED_AGE,146.96,146.96,,,129.08,129.08,877-426-1269,https://www.humana.com/medicare/medicare-supplement-plans?kc=0321046030,"P.O. Box 14611 Lexington, KY 40512-4613"
TX,75201,N,FEMALE,Mutual of Omaha (Mutual of Omaha Insurance Company),ATTAINED_AGE,150.63,150.63,,,132.55,132.55,855-977-6312,https://www.mutualofomaha.com/medicaregov/,"3300 Mutual of Omaha Plaza, Omaha, NE 68175"
TX,75201,N,FEMALE,BlueCross BlueShield of Texas,ATTAINED_AGE,153.39,153.39,,,138.05,138.05,312-653-6000,http://www.hcsc.com/,"300 East Randolph Street Chicago, IL  60601-5099"
TX,75201,N,FEMALE,GPM Health and Life Insurance Company,ATTAINED_AGE,154.81,154.81,,,143.97,143.97,866-242-7573,https://www.gpmhealthandlife.com/wps/portal/home/products/medicare-supplement,"2211 N.E. Loop 410 San Antonio, TX 78217-4630"
TX,75201,N,FEMALE,Aetna Health Insurance Company,ATTAINED_AGE,155.1,155.1,144.24,144.24,,,800-358-8749 ,https://www.aetnamedicare.com/,"PO Box 14088 Lexington, KY 40513"
TX,75201,N,FEMALE,Guarantee Trust Life Insurance Company,ATTAINED_AGE,161.55,161.55,,,150.24,150.24,800-338-7452,https://www.gtlic.com/,"1275 Milwaukee Avenue Glenview, IL 60025"
TX,75201,N,FEMALE,Wisconsin Physicians Service Insurance Corporation,ATTAINED_AGE,163.33,163.33,151.9,151.9,,,888-915-5108,https://www.wpshealth.com/,"1717 W. Broadway P.O. Box 8190, Madison, WI 53708-8190"
TX,75201,N,FEMALE,USAA Life Insurance Company,ATTAINED_AGE,164.9,164.9,156.66,156.66,,,800-531-8722,https://www.usaa.com/inet/wc/insurance-health-medicare,"9800 Fredericksburg Rd. San Antonio, TX 78288"
TX,75201,N,FEMALE,HealthSpring Insurance Company (Standard II),ATTAINED_AGE,174.49,174.49,,,,,877-607-6002,https://www.cigna.com/medicare/shop-plans/supplemental/,"PO Box 5700, Scranton PA 18505-5700"
TX,75201,N,FEMALE,AARP - UnitedHealthcare Insurance Company (Standard),COMMUNITY_RATED,181.76,181.76,151.63,151.63,,,888-378-0849,https://www.aarpmedicaresupplement.com/,PO Box 9003; Huntingdon Valley PA 19006
TX,75201,N,FEMALE,United American Insurance Company,ATTAINED_AGE,211,211,,,,,800-331-2512,https://www2.unitedamerican.com/,"3700 S Stonebridge Dr, McKinney, TX 75070"
TX,75201,N,FEMALE,AARP - UnitedHealthcare Insurance Company (Level 2),COMMUNITY_RATED,527.59,527.59,474.63,474.63,,,888-378-0849,https://www.aarpmedicaresupplement.com/,PO Box 9003; Huntingdon Valley PA 19006
TX,75701,G,MALE,Atlantic Capital Life Assurance Company (Preferred),ATTAINED_AGE,130.02,130.02,,,120.92,120.92,866-458-1430,https://bankersfidelity.com/,"4370 Peachtree Road, NE Atlanta, GA  30319"
TX,75701,G,MALE,Texas Farm Bureau Health Plans,ATTAINED_AGE,149.49,149.49,,,,,888-708-0123,https://www.mhinsurance.com/,"323 E James M Campbell Blvd, Columbia, TN 38401"
TX,75701,G,MALE,Nassau Life Insurance Company,ATTAINED_AGE,149.75,149.75,,,,,860-403-5000,https://www.nsre.com/,"One American Row, Hartford, CT  06103"
TX,75701,G,MALE,New Era Life Insurance Company,ATTAINED_AGE,151.57,151.57,,,,,877-417-7555,http://www.neweralife.com/,"P.O. Box 4884, Houston, TX 77210-4884"
TX,75701,G,MALE,LifeShield National Insurance Company,ATTAINED_AGE,162.41,162.41,,,151.04,151.04,800-851-5041,https://www.lifeshieldnational.com/,"5500 N Western Avenue, Suite 200, Oklahoma City, OK 73118"
TX,75701,G,MALE,Atlantic Capital Life Assurance Company (Standard),ATTAINED_AGE,164.1,164.1,,,152.61,152.61,866-458-1430,https://bankersfidelity.com/,"4370 Peachtree Road, NE Atlanta, GA  30319"
TX,75701,G,MALE,Physicians Select Insurance Company (Innovative),ATTAINED_AGE,164.23,164.23,,,145.98,145.98,800-325-6300,https://www.physiciansmutual.com/cs/products/medsup/medsup.html,"2600 Dodge Street, Omaha, Nebraska 68131"
TX,75701,G,MALE,Insurance Company of North America,ATTAINED_AGE,174.75,174.75,,,162.52,162.52,215-640-1000,https://www.chubb.com/microsites/ace-medicare-supplement.html,436 Walnut Street
TX,75701,G,MALE,Old Surety Life Insurance Company,ISSUE_AGE,180.04,180.04,167.44,167.44,167.44,167.44,800-272-5466,http://www.oldsurety.com/,"5201 N Lincoln Blvd, Oklahoma City, OK 73105"
TX,75701,G,MALE,USAA Life Insurance Company,ATTAINED_AGE,180.88,180.88,171.84,171.84,171.84,171.84,800-531-8722,https://www.usaa.com/inet/wc/insurance-health-medicare,"9800 Fredericksburg Rd. San Antonio, TX 78288"
TX,75701,G,MALE,WoodmenLife,ATTAINED_AGE,183.2,183.2,,,164.88,164.88,1-866-236-0029,https://www.woodmenlife.org/insurance/medicare-supplement-insurance/,"1700 Farnam Street, Omaha, NE 68102"
TX,75701,G,MALE,Wisconsin Physicians Service Insurance Corporation,ATTAINED_AGE,185.36,185.36,172.38,172.38,172.38,172.38,888-915-5108,https://www.wpshealth.com/,"1717 W. Broadway P.O. Box 8190, Madison, WI 53708-8190"
TX,75701,G,MALE,State Farm Mutual Automobile Insurance Company,ATTAINED_AGE,185.47,185.47,,,,,800-782-8332,https://www.statefarm.com/insurance/health/medicare-supplemental,"One State Farm Plaza, Bloomington, IL 61710"
TX,75701,G,MALE,Bankers Life (Underwritten by Washington National Insurance Company),ATTAINED_AGE,186.3,186.3,,,,,800-446-5018,https://www.bankerslife.com/medicare-supplement-insurance/?src=medicaregov&medium=listing,"11299 Illinois Street, Suite 200, Carmel, IN 46032"
TX,75701,G,MALE,Humana (Emphesys Insurance Company),ATTAINED_AGE,194.47,194.47,,,170.89,170.89,877-426-1269,https://www.humana.com/medicare/medicare-supplement-plans?kc=0321046030,"P.O. Box 14611 Lexington, KY 40512-4613"
TX,75701,G,MALE,AFLAC,ATTAINED_AGE,194.72,194.72,,,175.25,175.25,866-990-2668,https://www.aflac.com/individuals,"Aflac Tier One, PO Box 14863, Lexington, KY 40512-4863"
TX,75701,G,MALE,American Benefit Life Insurance Company,ATTAINED_AGE,197.83,197.83,,,178.05,178.05,833-504-0331,https://lbig.com/,"1605 LBJ Freeway, Suite 700 Dallas, Texas 75234"
TX,75701,G,MALE,Medico Life and Health Insurance Company (Preferred),ATTAINED_AGE,201.51,201.51,,,177.33,177.33,800-228-6080,https://www.gomedico.com/,"P.O. Box 10386 Des Moines, IA 50306-0387"
TX,75701,G,MALE,Physicians Select Insurance Company,ATTAINED_AGE,202.69,202.69,,,180.17,180.17,800-325-6300,https://www.physiciansmutual.com/cs/products/medsup/medsup.html,"2600 Dodge Street, Omaha, Nebraska 68131"
TX,75701,G,MALE,Lumos Insurance,ATTAINED_AGE,213.03,213.03,,,198.12,198.12,800-752-8328,https://www.lumosinsurance.com/life-health,"2701 North Main Street, Crossville, TN 38555"
TX,75701,G,MALE,BlueCross BlueShield of Texas,ATTAINED_AGE,217.26,217.26,,,195.53,195.53,312-653-6000,http://www.hcsc.com/,"300 East Randolph Street Chicago, IL  60601-5099"
TX,75701,G,MALE,United American Insurance Company,ATTAINED_AGE,218,218,,,,,800-331-2512,https://www2.unitedamerican.com/,"3700 S Stonebridge Dr, McKinney, TX 75070"
TX,75701,G,MALE,Medico Life and Health Insurance Company (Standard I),ATTAINED_AGE,221.66,221.66,,,195.06,195.06,800-228-6080,https://www.gomedico.com/,"P.O. Box 10386 Des Moines, IA 50306-0387"
TX,75701,G,MALE,HealthSpring Insurance Company,ATTAINED_AGE,227.93,227.93,,,,,877-607-6002,https://www.cigna.com/medicare/shop-plans/supplemental/,"PO Box 5700, Scranton PA 18505-5700"
TX,75701,G,MALE,Bankers Life (Underwritten by Washington National Insurance Company) (Substandard),ATTAINED_AGE,229.75,229.75,,,,,800-446-5018,https://www.bankerslife.com/medicare-supplement-insurance/?src=medicaregov&medium=listing,"11299 Illinois Street, Suite 200, Carmel, IN 46032"
TX,75701,G,MALE,AARP - UnitedHealthcare Insurance Company (Standard),COMMUNITY_RATED,230.71,230.71,192.56,192.56,,,888-378-0849,https://www.aarpmedicaresupplement.com/,PO Box 9003; Huntingdon Valley PA 19006
TX,75701,G,MALE,Aetna Health Insurance Company,ATTAINED_AGE,236.32,236.32,219.78,219.78,219.78,219.78,800-358-8749 ,https://www.aetnamedicare.com/,"PO Box 14088 Lexington, KY 40513"
TX,75701,G,MALE,Mutual of Omaha (Mutual of Omaha Insurance Company),ATTAINED_AGE,247.98,247.98,,,218.22,218.22,855-977-6312,https://www.mutualofomaha.com/medicaregov/,"3300 Mutual of Omaha Plaza, Omaha, NE 68175"
TX,75701,G,MALE,Medico Life and Health Insurance Company (Standard II),ATTAINED_AGE,251.88,251.88,,,221.65,221.65,800-228-6080,https://www.gomedico.com/,"P.O. Box 10386 Des Moines, IA 50306-0387"
TX,75701,G,MALE,Guarantee Trust Life Insurance Company,ATTAINED_AGE,253.26,253.26,,,235.53,235.53,800-338-7452,https://www.gtlic.com/,"1275 Milwaukee Avenue Glenview, IL 60025"
TX,75701,G,MALE,GPM Health and Life Insurance Company,ATTAINED_AGE,264.68,264.68,,,246.15,246.15,866-242-7573,https://www.gpmhealthandlife.com/wps/portal/home/products/medicare-supplement,"2211 N.E. Loop 410 San Antonio, TX 78217-4630"
TX,75701,G,MALE,HealthSpring Insurance Company (Standard II),ATTAINED_AGE,341.89,341.89,,,,,877-607-6002,https://www.cigna.com/medicare/shop-plans/supplemental/,"PO Box 5700, Scranton PA 18505-5700"
TX,75701,G,MALE,AARP - UnitedHealthcare Insurance Company (Level 2),COMMUNITY_RATED,707.59,707.59,636.63,636.63,,,888-378-0849,https://www.aarpmedicaresupplement.com/,PO Box 9003; Huntingdon Valley PA 19006
TX,75701,G,FEMALE,Atlantic Capital Life Assurance Company (Preferred),ATTAINED_AGE,113.32,113.32,,,105.39,105.39,866-458-1430,https://bankersfidelity.com/,"4370 Peachtree Road, NE Atlanta, GA  30319"
TX,75701,G,FEMALE,Nassau Life Insurance Company,ATTAINED_AGE,130.28,130.28,,,,,860-403-5000,https://www.nsre.com/,"One American Row, Hartford, CT  06103"
TX,75701,G,FEMALE,Texas Farm Bureau Health Plans,ATTAINED_AGE,133.86,133.86,,,,,888-708-0123,https://www.mhinsurance.com/,"323 E James M Campbell Blvd, Columbia, TN 38401"
TX,75701,G,FEMALE,New Era Life Insurance Company,ATTAINED_AGE,137.79,137.79,,,,,877-417-7555,http://www.neweralife.com/,"P.O. Box 4884, Houston, TX 77210-4884"
TX,75701,G,FEMALE,LifeShield National Insurance Company,ATTAINED_AGE,141.22,141.22,,,131.33,131.33,800-851-5041,https://www.lifeshieldnational.com/,"5500 N Western Avenue, Suite 200, Oklahoma City, OK 73118"
TX,75701,G,FEMALE,Atlantic Capital Life Assurance Company (Standard),ATTAINED_AGE,142.97,142.97,,,132.96,132.96,866-458-1430,https://bankersfidelity.com/,"4370 Peachtree Road, NE Atlanta, GA  30319"
TX,75701,G,FEMALE,Physicians Select Insurance Company (Innovative),ATTAINED_AGE,148.59,148.59,,,132.08,132.08,800-325-6300,https://www.physiciansmutual.com/cs/products/medsup/medsup.html,"2600 Dodge Street, Omaha, Nebraska 68131"
TX,75701,G,FEMALE,Insurance Company of North America,ATTAINED_AGE,154.58,154.58,,,143.76,143.76,215-640-1000,https://www.chubb.com/microsites/ace-medicare-supplement.html,436 Walnut Street
TX,75701,G,FEMALE,WoodmenLife,ATTAINED_AGE,159.3,159.3,,,143.37,143.37,1-866-236-0029,https://www.woodmenlife.org/insurance/medicare-supplement-insurance/,"1700 Farnam Street, Omaha, NE 68102"
TX,75701,G,FEMALE,Old Surety Life Insurance Company,ISSUE_AGE,163.67,163.67,152.21,152.21,,,800-272-5466,http://www.oldsurety.com/,"5201 N Lincoln Blvd, Oklahoma City, OK 73105"
TX,75701,G,FEMALE,Bankers Life (Underwritten by Washington National Insurance Company),ATTAINED_AGE,167.77,167.77,,,,,800-446-5018,https://www.bankerslife.com/medicare-supplement-insurance/?src=medicaregov&medium=listing,"11299 Illinois Street, Suite 200, Carmel, IN 46032"
TX,75701,G,FEMALE,Wisconsin Physicians Service Insurance Corporation,ATTAINED_AGE,168.5,168.5,156.7,156.7,,,888-915-5108,https://www.wpshealth.com/,"1717 W. Broadway P.O. Box 8190, Madison, WI 53708-8190"
TX,75701,G,FEMALE,AFLAC,ATTAINED_AGE,169.99,169.99,,,152.99,152.99,866-990-2668,https://www.aflac.com/individuals,"Aflac Tier One, PO Box 14863, Lexington, KY 40512-4863"
TX,75701,G,FEMALE,American Benefit Life Insurance Company,ATTAINED_AGE,172.03,172.03,,,154.83,154.83,833-504-0331,https://lbig.com/,"1605 LBJ Freeway, Suite 700 Dallas, Texas 75234"
TX,75701,G,FEMALE,Humana (Emphesys Insurance Company),ATTAINED_AGE,174.67,174.67,,,153.47,153.47,877-426-1269,https://www.humana.com/medicare/medicare-supplement-plans?kc=0321046030,"P.O. Box 14611 Lexington, KY 40512-4613"
TX,75701,G,FEMALE,Medico Life and Health Insurance Company (Preferred),ATTAINED_AGE,175.22,175.22,,,154.19,154.19,800-228-6080,https://www.gomedico.com/,"P.O. Box 10386 Des Moines, IA 50306-0387"
TX,75701,G,FEMALE,USAA Life Insurance Company,ATTAINED_AGE,180.88,180.88,171.84,171.84,,,800-531-8722,https://www.usaa.com/inet/wc/insurance-health-medicare,"9800 Fredericksburg Rd. San Antonio, TX 78288"
TX,75701,G,FEMALE,State Farm Mutual Automobile Insurance Company,ATTAINED_AGE,181.48,181.48,,,,,800-782-8332,https://www.statefarm.com/insurance/health/medicare-supplemental,"One State Farm Plaza, Bloomington, IL 61710"
TX,75701,G,FEMALE,Physicians Select Insurance Company,ATTAINED_AGE,183.38,183.38,,,163,163,800-325-6300,https://www.physiciansmutual.com/cs/products/medsup/medsup.html,"2600 Dodge Street, Omaha, Nebraska 68131"
TX,75701,G,FEMALE,United American Insurance Company,ATTAINED_AGE,189,189,,,,,800-331-2512,https://www2.unitedamerican.com/,"3700 S Stonebridge Dr, McKinney, TX 75070"
TX,75701,G,FEMALE,Medico Life and Health Insurance Company (Standard I),ATTAINED_AGE,192.75,192.75,,,169.62,169.62,800-228-6080,https://www.gomedico.com/,"P.O. Box 10386 Des Moines, IA 50306-0387"
TX,75701,G,FEMALE,Lumos Insurance,ATTAINED_AGE,193.69,193.69,,,180.13,180.13,800-752-8328,https://www.lumosinsurance.com/life-health,"2701 North Main Street, Crossville, TN 38555"
TX,75701,G,FEMALE,BlueCross BlueShield of Texas,ATTAINED_AGE,193.95,193.95,,,174.56,174.56,312-653-6000,http://www.hcsc.com/,"300 East Randolph Street Chicago, IL  60601-5099"
TX,75701,G,FEMALE,HealthSpring Insurance Company,ATTAINED_AGE,198.2,198.2,,,,,877-607-6002,https://www.cigna.com/medicare/shop-plans/supplemental/,"PO Box 5700, Scranton PA 18505-5700"
TX,75701,G,FEMALE,AARP - UnitedHealthcare Insurance Company (Standard),COMMUNITY_RATED,204.48,204.48,170.63,170.63,,,888-378-0849,https://www.aarpmedicaresupplement.com/,PO Box 9003; Huntingdon Valley PA 19006
TX,75701,G,FEMALE,Aetna Health Insurance Company,ATTAINED_AGE,205.42,205.42,191.04,191.04,,,800-358-8749 ,https://www.aetnamedicare.com/,"PO Box 14088 Lexington, KY 40513"
TX,75701,G,FEMALE,Bankers Life (Underwritten by Washington National Insurance Company) (Substandard),ATTAINED_AGE,206.88,206.88,,,,,800-446-5018,https://www.bankerslife.com/medicare-supplement-insurance/?src=medicaregov&medium=listing,"11299 Illinois Street, Suite 200, Carmel, IN 46032"
TX,75701,G,FEMALE,Mutual of Omaha (Mutual of Omaha Insurance Company),ATTAINED_AGE,215.65,215.65,,,189.77,189.77,855-977-6312,https://www.mutualofomaha.com/medicaregov/,"3300 Mutual of Omaha Plaza, Omaha, NE 68175"
TX,75701,G,FEMALE,Medico Life and Health Insurance Company (Standard II),ATTAINED_AGE,219.03,219.03,,,192.75,192.75,800-228-6080,https://www.gomedico.com/,"P.O. Box 10386 Des Moines, IA 50306-0387"
TX,75701,G,FEMALE,Guarantee Trust Life Insurance Company,ATTAINED_AGE,226.13,226.13,,,210.3,210.3,800-338-7452,https://www.gtlic.com/,"1275 Milwaukee Avenue Glenview, IL 60025"
TX,75701,G,FEMALE,GPM Health and Life Insurance Company,ATTAINED_AGE,230.15,230.15,,,214.04,214.04,866-242-7573,https://www.gpmhealthandlife.com/wps/portal/home/products/medicare-supplement,"2211 N.E. Loop 410 San Antonio, TX 78217-4630"
TX,75701,G,FEMALE,HealthSpring Insurance Company (Standard II),ATTAINED_AGE,297.3,297.3,,,,,877-607-6002,https://www.cigna.com/medicare/shop-plans/supplemental/,"PO Box 5700, Scranton PA 18505-5700"
TX,75701,G,FEMALE,AARP - UnitedHealthcare Insurance Company (Level 2),COMMUNITY_RATED,627.61,627.61,564.64,564.64,,,888-378-0849,https://www.aarpmedicaresupplement.com/,PO Box 9003; Huntingdon Valley PA 19006
TX,75701,N,MALE,Atlantic Capital Life Assurance Company (Preferred),ATTAINED_AGE,99.17,99.17,,,92.23,92.23,866-458-1430,https://bankersfidelity.com/,"4370 Peachtree Road, NE Atlanta, GA  30319"
TX,75701,N,MALE,Nassau Life Insurance Company,ATTAINED_AGE,107.39,107.39,,,,,860-403-5000,https://www.nsre.com/,"One American Row, Hartford, CT  06103"
TX,75701,N,MALE,Texas Farm Bureau Health Plans,ATTAINED_AGE,113.34,113.34,,,,,888-708-0123,https://www.mhinsurance.com/,"323 E James M Campbell Blvd, Columbia, TN 38401"
TX,75701,N,MALE,Insurance Company of North America,ATTAINED_AGE,116.33,116.33,,,108.19,108.19,215-640-1000,https://www.chubb.com/microsites/ace-medicare-supplement.html,436 Walnut Street
TX,75701,N,MALE,Bankers Life (Underwritten by Washington National Insurance Company),ATTAINED_AGE,116.94,116.94,,,,,800-446-5018,https://www.bankerslife.com/medicare-supplement-insurance/?src=medicaregov&medium=listing,"11299 Illinois Street, Suite 200, Carmel, IN 46032"
TX,75701,N,MALE,LifeShield National Insurance Company,ATTAINED_AGE,121.04,121.04,,,112.57,112.57,800-851-5041,https://www.lifeshieldnational.com/,"5500 N Western Avenue, Suite 200, Oklahoma City, OK 73118"
TX,75701,N,MALE,New Era Life Insurance Company,ATTAINED_AGE,122.28,122.28,,,,,877-417-7555,http://www.neweralife.com/,"P.O. Box 4884, Houston, TX 77210-4884"
TX,75701,N,MALE,Atlantic Capital Life Assurance Company (Standard),ATTAINED_AGE,125.08,125.08,,,116.32,116.32,866-458-1430,https://bankersfidelity.com/,"4370 Peachtree Road, NE Atlanta, GA  30319"
TX,75701,N,MALE,WoodmenLife,ATTAINED_AGE,127.58,127.58,,,114.82,114.82,1-866-236-0029,https://www.woodmenlife.org/insurance/medicare-supplement-insurance/,"1700 Farnam Street, Omaha, NE 68102"
TX,75701,N,MALE,State Farm Mutual Automobile Insurance Company,ATTAINED_AGE,128.78,128.78,,,,,800-782-8332,https://www.statefarm.com/insurance/health/medicare-supplemental,"One State Farm Plaza, Bloomington, IL 61710"
TX,75701,N,MALE,AFLAC,ATTAINED_AGE,133.01,133.01,,,119.71,119.71,866-990-2668,https://www.aflac.com/individuals,"Aflac Tier One, PO Box 14863, Lexington, KY 40512-4863"
TX,75701,N,MALE,Lumos Insurance,ATTAINED_AGE,140.16,140.16,,,130.35,130.35,800-752-8328,https://www.lumosinsurance.com/life-health,"2701 North Main Street, Crossville, TN 38555"
TX,75701,N,MALE,American Benefit Life Insurance Company,ATTAINED_AGE,142.28,142.28,,,128.05,128.05,833-504-0331,https://lbig.com/,"1605 LBJ Freeway, Suite 700 Dallas, Texas 75234"
TX,75701,N,MALE,Bankers Life (Underwritten by Washington National Insurance Company) (Substandard),ATTAINED_AGE,144.14,144.14,,,,,800-446-5018,https://www.bankerslife.com/medicare-supplement-insurance/?src=medicaregov&medium=listing,"11299 Illinois Street, Suite 200, Carmel, IN 46032"
TX,75701,N,MALE,Humana (Emphesys Insurance Company),ATTAINED_AGE,145.35,145.35,,,127.67,127.67,877-426-1269,https://www.humana.com/medicare/medicare-supplement-plans?kc=0321046030,"P.O. Box 14611 Lexington, KY 40512-4613"
TX,75701,N,MALE,Medico Life and Health Insurance Company (Preferred),ATTAINED_AGE,147.93,147.93,,,130.18,130.18,800-228-6080,https://www.gomedico.com/,"P.O. Box 10386 Des Moines, IA 50306-0387"
TX,75701,N,MALE,USAA Life Insurance Company,ATTAINED_AGE,150.11,150.11,142.6,142.6,142.6,142.6,800-531-8722,https://www.usaa.com/inet/wc/insurance-health-medicare,"9800 Fredericksburg Rd. San Antonio, TX 78288"
TX,75701,N,MALE,HealthSpring Insurance Company,ATTAINED_AGE,153.62,153.62,,,,,877-607-6002,https://www.cigna.com/medicare/shop-plans/supplemental/,"PO Box 5700, Scranton PA 18505-5700"
TX,75701,N,MALE,Wisconsin Physicians Service Insurance Corporation,ATTAINED_AGE,156.34,156.34,145.4,145.4,145.4,145.4,888-915-5108,https://www.wpshealth.com/,"1717 W. Broadway P.O. Box 8190, Madison, WI 53708-8190"
TX,75701,N,MALE,GPM Health and Life Insurance Company,ATTAINED_AGE,158.97,158.97,,,147.84,147.84,866-242-7573,https://www.gpmhealthandlife.com/wps/portal/home/products/medicare-supplement,"2211 N.E. Loop 410 San Antonio, TX 78217-4630"
TX,75701,N,MALE,Guarantee Trust Life Insurance Company,ATTAINED_AGE,160.82,160.82,,,149.56,149.56,800-338-7452,https://www.gtlic.com/,"1275 Milwaukee Avenue Glenview, IL 60025"
TX,75701,N,MALE,Aetna Health Insurance Company,ATTAINED_AGE,162.27,162.27,150.91,150.91,150.91,150.91,800-358-8749 ,https://www.aetnamedicare.com/,"PO Box 14088 Lexington, KY 40513"
TX,75701,N,MALE,Medico Life and Health Insurance Company (Standard I),ATTAINED_AGE,162.72,162.72,,,143.19,143.19,800-228-6080,https://www.gomedico.com/,"P.O. Box 10386 Des Moines, IA 50306-0387"
TX,75701,N,MALE,Mutual of Omaha (Mutual of Omaha Insurance Company),ATTAINED_AGE,173.21,173.21,,,152.42,152.42,855-977-6312,https://www.mutualofomaha.com/medicaregov/,"3300 Mutual of Omaha Plaza, Omaha, NE 68175"
TX,75701,N,MALE,BlueCross BlueShield of Texas,ATTAINED_AGE,176.45,176.45,,,158.8,158.8,312-653-6000,http://www.hcsc.com/,"300 East Randolph Street Chicago, IL  60601-5099"
TX,75701,N,MALE,Medico Life and Health Insurance Company (Standard II),ATTAINED_AGE,184.91,184.91,,,162.72,162.72,800-228-6080,https://www.gomedico.com/,"P.O. Box 10386 Des Moines, IA 50306-0387"
TX,75701,N,MALE,AARP - UnitedHealthcare Insurance Company (Standard),COMMUNITY_RATED,197.77,197.77,165.02,165.02,,,888-378-0849,https://www.aarpmedicaresupplement.com/,PO Box 9003; Huntingdon Valley PA 19006
TX,75701,N,MALE,HealthSpring Insurance Company (Standard II),ATTAINED_AGE,230.43,230.43,,,,,877-607-6002,https://www.cigna.com/medicare/shop-plans/supplemental/,"PO Box 5700, Scranton PA 18505-5700"
TX,75701,N,MALE,United American Insurance Company,ATTAINED_AGE,242,242,,,,,800-331-2512,https://www2.unitedamerican.com/,"3700 S Stonebridge Dr, McKinney, TX 75070"
TX,75701,N,MALE,AARP - UnitedHealthcare Insurance Company (Level 2),COMMUNITY_RATED,573.74,573.74,516.16,516.16,,,888-378-0849,https://www.aarpmedicaresupplement.com/,PO Box 9003; Huntingdon Valley PA 19006
TX,75701,N,FEMALE,Atlantic Capital Life Assurance Company (Preferred),ATTAINED_AGE,86.47,86.47,,,80.42,80.42,866-458-1430,https://bankersfidelity.com/,"4370 Peachtree Road, NE Atlanta, GA  30319"
TX,75701,N,FEMALE,Nassau Life Insurance Company,ATTAINED_AGE,93.43,93.43,,,,,860-403-5000,https://www.nsre.com/,"One American Row, Hartford, CT  06103"
TX,75701,N,FEMALE,Texas Farm Bureau Health Plans,ATTAINED_AGE,101.28,101.28,,,,,888-708-0123,https://www.mhinsurance.com/,"323 E James M Campbell Blvd, Columbia, TN 38401"
TX,75701,N,FEMALE,Insurance Company of North America,ATTAINED_AGE,103,103,,,95.79,95.79,215-640-1000,https://www.chubb.com/microsites/ace-medicare-supplement.html,436 Walnut Street
TX,75701,N,FEMALE,LifeShield National Insurance Company,ATTAINED_AGE,105.25,105.25,,,97.88,97.88,800-851-5041,https://www.lifeshieldnational.com/,"5500 N Western Avenue, Suite 200, Oklahoma City, OK 73118"
TX,75701,N,FEMALE,Bankers Life (Underwritten by Washington National Insurance Company),ATTAINED_AGE,105.35,105.35,,,,,800-446-5018,https://www.bankerslife.com/medicare-supplement-insurance/?src=medicaregov&medium=listing,"11299 Illinois Street, Suite 200, Carmel, IN 46032"
TX,75701,N,FEMALE,New Era Life Insurance Company,ATTAINED_AGE,108.22,108.22,,,,,877-417-7555,http://www.neweralife.com/,"P.O. Box 4884, Houston, TX 77210-4884"
TX,75701,N,FEMALE,Atlantic Capital Life Assurance Company (Standard),ATTAINED_AGE,109.01,109.01,,,101.38,101.38,866-458-1430,https://bankersfidelity.com/,"4370 Peachtree Road, NE Atlanta, GA  30319"
TX,75701,N,FEMALE,WoodmenLife,ATTAINED_AGE,110.95,110.95,,,99.86,99.86,1-866-236-0029,https://www.woodmenlife.org/insurance/medicare-supplement-insurance/,"1700 Farnam Street, Omaha, NE 68102"
TX,75701,N,FEMALE,AFLAC,ATTAINED_AGE,116.12,116.12,,,104.51,104.51,866-990-2668,https://www.aflac.com/individuals,"Aflac Tier One, PO Box 14863, Lexington, KY 40512-4863"
TX,75701,N,FEMALE,State Farm Mutual Automobile Insurance Company,ATTAINED_AGE,123.51,123.51,,,,,800-782-8332,https://www.statefarm.com/insurance/health/medicare-supplemental,"One State Farm Plaza, Bloomington, IL 61710"
TX,75701,N,FEMALE,American Benefit Life Insurance Company,ATTAINED_AGE,123.72,123.72,,,111.35,111.35,833-504-0331,https://lbig.com/,"1605 LBJ Freeway, Suite 700 Dallas, Texas 75234"
TX,75701,N,FEMALE,Lumos Insurance,ATTAINED_AGE,127.32,127.32,,,118.41,118.41,800-752-8328,https://www.lumosinsurance.com/life-health,"2701 North Main Street, Crossville, TN 38555"
TX,75701,N,FEMALE,Medico Life and Health Insurance Company (Preferred),ATTAINED_AGE,128.63,128.63,,,113.19,113.19,800-228-6080,https://www.gomedico.com/,"P.O. Box 10386 Des Moines, IA 50306-0387"
TX,75701,N,FEMALE,Bankers Life (Underwritten by Washington National Insurance Company) (Substandard),ATTAINED_AGE,129.84,129.84,,,,,800-446-5018,https://www.bankerslife.com/medicare-supplement-insurance/?src=medicaregov&medium=listing,"11299 Illinois Street, Suite 200, Carmel, IN 46032"
TX,75701,N,FEMALE,Humana (Emphesys Insurance Company),ATTAINED_AGE,130.55,130.55,,,114.64,114.64,877-426-1269,https://www.humana.com/medicare/medicare-supplement-plans?kc=0321046030,"P.O. Box 14611 Lexington, KY 40512-4613"
TX,75701,N,FEMALE,HealthSpring Insurance Company,ATTAINED_AGE,133.58,133.58,,,,,877-607-6002,https://www.cigna.com/medicare/shop-plans/supplemental/,"PO Box 5700, Scranton PA 18505-5700"
TX,75701,N,FEMALE,GPM Health and Life Insurance Company,ATTAINED_AGE,138.23,138.23,,,128.55,128.55,866-242-7573,https://www.gpmhealthandlife.com/wps/portal/home/products/medicare-supplement,"2211 N.E. Loop 410 San Antonio, TX 78217-4630"
TX,75701,N,FEMALE,Aetna Health Insurance Company,ATTAINED_AGE,141.03,141.03,131.16,131.16,,,800-358-8749 ,https://www.aetnamedicare.com/,"PO Box 14088 Lexington, KY 40513"
TX,75701,N,FEMALE,Medico Life and Health Insurance Company (Standard I),ATTAINED_AGE,141.5,141.5,,,124.52,124.52,800-228-6080,https://www.gomedico.com/,"P.O. Box 10386 Des Moines, IA 50306-0387"
TX,75701,N,FEMALE,Wisconsin Physicians Service Insurance Corporation,ATTAINED_AGE,142.13,142.13,132.18,132.18,,,888-915-5108,https://www.wpshealth.com/,"1717 W. Broadway P.O. Box 8190, Madison, WI 53708-8190"
TX,75701,N,FEMALE,Guarantee Trust Life Insurance Company,ATTAINED_AGE,143.59,143.59,,,133.54,133.54,800-338-7452,https://www.gtlic.com/,"1275 Milwaukee Avenue Glenview, IL 60025"
TX,75701,N,FEMALE,USAA Life Insurance Company,ATTAINED_AGE,150.11,150.11,142.6,142.6,,,800-531-8722,https://www.usaa.com/inet/wc/insurance-health-medicare,"9800 Fredericksburg Rd. San Antonio, TX 78288"
TX,75701,N,FEMALE,Mutual of Omaha (Mutual of Omaha Insurance Company),ATTAINED_AGE,150.63,150.63,,,132.55,132.55,855-977-6312,https://www.mutualofomaha.com/medicaregov/,"3300 Mutual of Omaha Plaza, Omaha, NE 68175"
TX,75701,N,FEMALE,BlueCross BlueShield of Texas,ATTAINED_AGE,157.55,157.55,,,141.8,141.8,312-653-6000,http://www.hcsc.com/,"300 East Randolph Street Chicago, IL  60601-5099"
TX,75701,N,FEMALE,Medico Life and Health Insurance Company (Standard II),ATTAINED_AGE,160.79,160.79,,,141.5,141.5,800-228-6080,https://www.gomedico.com/,"P.O. Box 10386 Des Moines, IA 50306-0387"
TX,75701,N,FEMALE,AARP - UnitedHealthcare Insurance Company (Standard),COMMUNITY_RATED,175.2,175.2,146.15,146.15,,,888-378-0849,https://www.aarpmedicaresupplement.com/,PO Box 9003; Huntingdon Valley PA 19006
TX,75701,N,FEMALE,HealthSpring Insurance Company (Standard II),ATTAINED_AGE,200.37,200.37,,,,,877-607-6002,https://www.cigna.com/medicare/shop-plans/supplemental/,"PO Box 5700, Scranton PA 18505-5700"
TX,75701,N,FEMALE,United American Insurance Company,ATTAINED_AGE,211,211,,,,,800-331-2512,https://www2.unitedamerican.com/,"3700 S Stonebridge Dr, McKinney, TX 75070"
TX,75701,N,FEMALE,AARP - UnitedHealthcare Insurance Company (Level 2),COMMUNITY_RATED,508.69,508.69,457.62,457.62,,,888-378-0849,https://www.aarpmedicaresupplement.com/,PO Box 9003; Huntingdon Valley PA 19006
TX,76101,G,MALE,Atlantic Capital Life Assurance Company (Preferred),ATTAINED_AGE,143.03,143.03,,,133.02,133.02,866-458-1430,https://bankersfidelity.com/,"4370 Peachtree Road, NE Atlanta, GA  30319"
TX,76101,G,MALE,Texas Farm Bureau Health Plans,ATTAINED_AGE,157,157,,,,,888-708-0123,https://www.mhinsurance.com/,"323 E James M Campbell Blvd, Columbia, TN 38401"
TX,76101,G,MALE,Physicians Select Insurance Company (Innovative),ATTAINED_AGE,164.23,164.23,,,145.98,145.98,800-325-6300,https://www.physiciansmutual.com/cs/products/medsup/medsup.html,"2600 Dodge Street, Omaha, Nebraska 68131"
TX,76101,G,MALE,New Era Life Insurance Company,ATTAINED_AGE,168.24,168.24,,,,,877-417-7555,http://www.neweralife.com/,"P.O. Box 4884, Houston, TX 77210-4884"
TX,76101,G,MALE,Nassau Life Insurance Company,ATTAINED_AGE,170.4,170.4,,,,,860-403-5000,https://www.nsre.com/,"One American Row, Hartford, CT  06103"
TX,76101,G,MALE,Medico Life and Health Insurance Company (Preferred),ATTAINED_AGE,173.47,173.47,,,152.65,152.65,800-228-6080,https://www.gomedico.com/,"P.O. Box 10386 Des Moines, IA 50306-0387"
TX,76101,G,MALE,Atlantic Capital Life Assurance Company (Standard),ATTAINED_AGE,180.51,180.51,,,167.87,167.87,866-458-1430,https://bankersfidelity.com/,"4370 Peachtree Road, NE Atlanta, GA  30319"
TX,76101,G,MALE,LifeShield National Insurance Company,ATTAINED_AGE,183.18,183.18,,,170.36,170.36,800-851-5041,https://www.lifeshieldnational.com/,"5500 N Western Avenue, Suite 200, Oklahoma City, OK 73118"
TX,76101,G,MALE,Bankers Life (Underwritten by Washington National Insurance Company),ATTAINED_AGE,186.3,186.3,,,,,800-446-5018,https://www.bankerslife.com/medicare-supplement-insurance/?src=medicaregov&medium=listing,"11299 Illinois Street, Suite 200, Carmel, IN 46032"
TX,76101,G,MALE,Insurance Company of North America,ATTAINED_AGE,187.33,187.33,,,174.22,174.22,215-640-1000,https://www.chubb.com/microsites/ace-medicare-supplement.html,436 Walnut Street
TX,76101,G,MALE,Medico Life and Health Insurance Company (Standard I),ATTAINED_AGE,190.82,190.82,,,167.92,167.92,800-228-6080,https://www.gomedico.com/,"P.O. Box 10386 Des Moines, IA 50306-0387"
TX,76101,G,MALE,State Farm Mutual Automobile Insurance Company,ATTAINED_AGE,192.95,192.95,,,,,800-782-8332,https://www.statefarm.com/insurance/health/medicare-supplemental,"One State Farm Plaza, Bloomington, IL 61710"
TX,76101,G,MALE,Humana (Emphesys Insurance Company),ATTAINED_AGE,194.47,194.47,,,170.89,170.89,877-426-1269,https://www.humana.com/medicare/medicare-supplement-plans?kc=0321046030,"P.O. Box 14611 Lexington, KY 40512-4613"
TX,76101,G,MALE,HealthSpring Insurance Company,ATTAINED_AGE,198.49,198.49,,,,,877-607-6002,https://www.cigna.com/medicare/shop-plans/supplemental/,"PO Box 5700, Scranton PA 18505-5700"
TX,76101,G,MALE,USAA Life Insurance Company,ATTAINED_AGE,198.73,198.73,188.79,188.79,188.79,188.79,800-531-8722,https://www.usaa.com/inet/wc/insurance-health-medicare,"9800 Fredericksburg Rd. San Antonio, TX 78288"
TX,76101,G,MALE,Physicians Select Insurance Company,ATTAINED_AGE,202.69,202.69,,,180.17,180.17,800-325-6300,https://www.physiciansmutual.com/cs/products/medsup/medsup.html,"2600 Dodge Street, Omaha, Nebraska 68131"
TX,76101,G,MALE,WoodmenLife,ATTAINED_AGE,206.36,206.36,,,185.72,185.72,1-866-236-0029,https://www.woodmenlife.org/insurance/medicare-supplement-insurance/,"1700 Farnam Street, Omaha, NE 68102"
TX,76101,G,MALE,AFLAC,ATTAINED_AGE,206.65,206.65,,,185.98,185.98,866-990-2668,https://www.aflac.com/individuals,"Aflac Tier One, PO Box 14863, Lexington, KY 40512-4863"
TX,76101,G,MALE,Old Surety Life Insurance Company,ISSUE_AGE,207.25,207.25,192.74,192.74,192.74,192.74,800-272-5466,http://www.oldsurety.com/,"5201 N Lincoln Blvd, Oklahoma City, OK 73105"
TX,76101,G,MALE,Wisconsin Physicians Service Insurance Corporation,ATTAINED_AGE,213.01,213.01,198.1,198.1,198.1,198.1,888-915-5108,https://www.wpshealth.com/,"1717 W. Broadway P.O. Box 8190, Madison, WI 53708-8190"
TX,76101,G,MALE,Lumos Insurance,ATTAINED_AGE,213.03,213.03,,,198.12,198.12,800-752-8328,https://www.lumosinsurance.com/life-health,"2701 North Main Street, Crossville, TN 38555"
TX,76101,G,MALE,American Benefit Life Insurance Company,ATTAINED_AGE,214.43,214.43,,,192.99,192.99,833-504-0331,https://lbig.com/,"1605 LBJ Freeway, Suite 700 Dallas, Texas 75234"
TX,76101,G,MALE,BlueCross BlueShield of Texas,ATTAINED_AGE,214.57,214.57,,,193.11,193.11,312-653-6000,http://www.hcsc.com/,"300 East Randolph Street Chicago, IL  60601-5099"
TX,76101,G,MALE,Medico Life and Health Insurance Company (Standard II),ATTAINED_AGE,216.84,216.84,,,190.82,190.82,800-228-6080,https://www.gomedico.com/,"P.O. Box 10386 Des Moines, IA 50306-0387"
TX,76101,G,MALE,United American Insurance Company,ATTAINED_AGE,218,218,,,,,800-331-2512,https://www2.unitedamerican.com/,"3700 S Stonebridge Dr, McKinney, TX 75070"
TX,76101,G,MALE,Bankers Life (Underwritten by Washington National Insurance Company) (Substandard),ATTAINED_AGE,229.75,229.75,,,,,800-446-5018,https://www.bankerslife.com/medicare-supplement-insurance/?src=medicaregov&medium=listing,"11299 Illinois Street, Suite 200, Carmel, IN 46032"
TX,76101,G,MALE,AARP - UnitedHealthcare Insurance Company (Standard),COMMUNITY_RATED,239.56,239.56,199.96,199.96,,,888-378-0849,https://www.aarpmedicaresupplement.com/,PO Box 9003; Huntingdon Valley PA 19006
TX,76101,G,MALE,Mutual of Omaha (Mutual of Omaha Insurance Company),ATTAINED_AGE,247.98,247.98,,,218.22,218.22,855-977-6312,https://www.mutualofomaha.com/medicaregov/,"3300 Mutual of Omaha Plaza, Omaha, NE 68175"
TX,76101,G,MALE,Aetna Health Insurance Company,ATTAINED_AGE,259.98,259.98,241.78,241.78,241.78,241.78,800-358-8749 ,https://www.aetnamedicare.com/,"PO Box 14088 Lexington, KY 40513"
TX,76101,G,MALE,Guarantee Trust Life Insurance Company,ATTAINED_AGE,284.94,284.94,,,264.99,264.99,800-338-7452,https://www.gtlic.com/,"1275 Milwaukee Avenue Glenview, IL 60025"
TX,76101,G,MALE,GPM Health and Life Insurance Company,ATTAINED_AGE,296.44,296.44,,,275.69,275.69,866-242-7573,https://www.gpmhealthandlife.com/wps/portal/home/products/medicare-supplement,"2211 N.E. Loop 410 San Antonio, TX 78217-4630"
TX,76101,G,MALE,HealthSpring Insurance Company (Standard II),ATTAINED_AGE,297.73,297.73,,,,,877-607-6002,https://www.cigna.com/medicare/shop-plans/supplemental/,"PO Box 5700, Scranton PA 18505-5700"
TX,76101,G,MALE,AARP - UnitedHealthcare Insurance Company (Level 2),COMMUNITY_RATED,734.56,734.56,660.9,660.9,,,888-378-0849,https://www.aarpmedicaresupplement.com/,PO Box 9003; Huntingdon Valley PA 19006
TX,76101,G,FEMALE,Atlantic Capital Life Assurance Company (Preferred),ATTAINED_AGE,124.65,124.65,,,115.92,115.92,866-458-1430,https://bankersfidelity.com/,"4370 Peachtree Road, NE Atlanta, GA  30319"
TX,76101,G,FEMALE,Texas Farm Bureau Health Plans,ATTAINED_AGE,140.58,140.58,,,,,888-708-0123,https://www.mhinsurance.com/,"323 E James M Campbell Blvd, Columbia, TN 38401"
TX,76101,G,FEMALE,Nassau Life Insurance Company,ATTAINED_AGE,148.25,148.25,,,,,860-403-5000,https://www.nsre.com/,"One American Row, Hartford, CT  06103"
TX,76101,G,FEMALE,Physicians Select Insurance Company (Innovative),ATTAINED_AGE,148.59,148.59,,,132.08,132.08,800-325-6300,https://www.physiciansmutual.com/cs/products/medsup/medsup.html,"2600 Dodge Street, Omaha, Nebraska 68131"
TX,76101,G,FEMALE,Medico Life and Health Insurance Company (Preferred),ATTAINED_AGE,150.84,150.84,,,132.74,132.74,800-228-6080,https://www.gomedico.com/,"P.O. Box 10386 Des Moines, IA 50306-0387"
TX,76101,G,FEMALE,New Era Life Insurance Company,ATTAINED_AGE,152.95,152.95,,,,,877-417-7555,http://www.neweralife.com/,"P.O. Box 4884, Houston, TX 77210-4884"
TX,76101,G,FEMALE,Atlantic Capital Life Assurance Company (Standard),ATTAINED_AGE,157.26,157.26,,,146.25,146.25,866-458-1430,https://bankersfidelity.com/,"4370 Peachtree Road, NE Atlanta, GA  30319"
TX,76101,G,FEMALE,LifeShield National Insurance Company,ATTAINED_AGE,159.29,159.29,,,148.14,148.14,800-851-5041,https://www.lifeshieldnational.com/,"5500 N Western Avenue, Suite 200, Oklahoma City, OK 73118"
TX,76101,G,FEMALE,Insurance Company of North America,ATTAINED_AGE,165.75,165.75,,,154.15,154.15,215-640-1000,https://www.chubb.com/microsites/ace-medicare-supplement.html,436 Walnut Street
TX,76101,G,FEMALE,Medico Life and Health Insurance Company (Standard I),ATTAINED_AGE,165.93,165.93,,,146.02,146.02,800-228-6080,https://www.gomedico.com/,"P.O. Box 10386 Des Moines, IA 50306-0387"
TX,76101,G,FEMALE,Bankers Life (Underwritten by Washington National Insurance Company),ATTAINED_AGE,167.77,167.77,,,,,800-446-5018,https://www.bankerslife.com/medicare-supplement-insurance/?src=medicaregov&medium=listing,"11299 Illinois Street, Suite 200, Carmel, IN 46032"
TX,76101,G,FEMALE,HealthSpring Insurance Company,ATTAINED_AGE,172.6,172.6,,,,,877-607-6002,https://www.cigna.com/medicare/shop-plans/supplemental/,"PO Box 5700, Scranton PA 18505-5700"
TX,76101,G,FEMALE,Humana (Emphesys Insurance Company),ATTAINED_AGE,174.67,174.67,,,153.47,153.47,877-426-1269,https://www.humana.com/medicare/medicare-supplement-plans?kc=0321046030,"P.O. Box 14611 Lexington, KY 40512-4613"
TX,76101,G,FEMALE,WoodmenLife,ATTAINED_AGE,179.44,179.44,,,161.5,161.5,1-866-236-0029,https://www.woodmenlife.org/insurance/medicare-supplement-insurance/,"1700 Farnam Street, Omaha, NE 68102"
TX,76101,G,FEMALE,AFLAC,ATTAINED_AGE,180.41,180.41,,,162.37,162.37,866-990-2668,https://www.aflac.com/individuals,"Aflac Tier One, PO Box 14863, Lexington, KY 40512-4863"
TX,76101,G,FEMALE,Physicians Select Insurance Company,ATTAINED_AGE,183.38,183.38,,,163,163,800-325-6300,https://www.physiciansmutual.com/cs/products/medsup/medsup.html,"2600 Dodge Street, Omaha, Nebraska 68131"
TX,76101,G,FEMALE,American Benefit Life Insurance Company,ATTAINED_AGE,186.47,186.47,,,167.82,167.82,833-504-0331,https://lbig.com/,"1605 LBJ Freeway, Suite 700 Dallas, Texas 75234"
TX,76101,G,FEMALE,Old Surety Life Insurance Company,ISSUE_AGE,188.41,188.41,175.22,175.22,,,800-272-5466,http://www.oldsurety.com/,"5201 N Lincoln Blvd, Oklahoma City, OK 73105"
TX,76101,G,FEMALE,Medico Life and Health Insurance Company (Standard II),ATTAINED_AGE,188.56,188.56,,,165.93,165.93,800-228-6080,https://www.gomedico.com/,"P.O. Box 10386 Des Moines, IA 50306-0387"
TX,76101,G,FEMALE,State Farm Mutual Automobile Insurance Company,ATTAINED_AGE,188.87,188.87,,,,,800-782-8332,https://www.statefarm.com/insurance/health/medicare-supplemental,"One State Farm Plaza, Bloomington, IL 61710"
TX,76101,G,FEMALE,United American Insurance Company,ATTAINED_AGE,189,189,,,,,800-331-2512,https://www2.unitedamerican.com/,"3700 S Stonebridge Dr, McKinney, TX 75070"
TX,76101,G,FEMALE,BlueCross BlueShield of Texas,ATTAINED_AGE,191.59,191.59,,,172.43,172.43,312-653-6000,http://www.hcsc.com/,"300 East Randolph Street Chicago, IL  60601-5099"
TX,76101,G,FEMALE,Wisconsin Physicians Service Insurance Corporation,ATTAINED_AGE,193.64,193.64,180.09,180.09,,,888-915-5108,https://www.wpshealth.com/,"1717 W. Broadway P.O. Box 8190, Madison, WI 53708-8190"
TX,76101,G,FEMALE,Lumos Insurance,ATTAINED_AGE,193.69,193.69,,,180.13,180.13,800-752-8328,https://www.lumosinsurance.com/life-health,"2701 North Main Street, Crossville, TN 38555"
TX,76101,G,FEMALE,USAA Life Insurance Company,ATTAINED_AGE,198.73,198.73,188.79,188.79,,,800-531-8722,https://www.usaa.com/inet/wc/insurance-health-medicare,"9800 Fredericksburg Rd. San Antonio, TX 78288"
TX,76101,G,FEMALE,Bankers Life (Underwritten by Washington National Insurance Company) (Substandard),ATTAINED_AGE,206.88,206.88,,,,,800-446-5018,https://www.bankerslife.com/medicare-supplement-insurance/?src=medicaregov&medium=listing,"11299 Illinois Street, Suite 200, Carmel, IN 46032"
TX,76101,G,FEMALE,AARP - UnitedHealthcare Insurance Company (Standard),COMMUNITY_RATED,212.11,212.11,177.01,177.01,,,888-378-0849,https://www.aarpmedicaresupplement.com/,PO Box 9003; Huntingdon Valley PA 19006
TX,76101,G,FEMALE,Mutual of Omaha (Mutual of Omaha Insurance Company),ATTAINED_AGE,215.65,215.65,,,189.77,189.77,855-977-6312,https://www.mutualofomaha.com/medicaregov/,"3300 Mutual of Omaha Plaza, Omaha, NE 68175"
TX,76101,G,FEMALE,Aetna Health Insurance Company,ATTAINED_AGE,225.99,225.99,210.17,210.17,,,800-358-8749 ,https://www.aetnamedicare.com/,"PO Box 14088 Lexington, KY 40513"
TX,76101,G,FEMALE,Guarantee Trust Life Insurance Company,ATTAINED_AGE,254.41,254.41,,,236.6,236.6,800-338-7452,https://www.gtlic.com/,"1275 Milwaukee Avenue Glenview, IL 60025"
TX,76101,G,FEMALE,GPM Health and Life Insurance Company,ATTAINED_AGE,257.77,257.77,,,239.73,239.73,866-242-7573,https://www.gpmhealthandlife.com/wps/portal/home/products/medicare-supplement,"2211 N.E. Loop 410 San Antonio, TX 78217-4630"
TX,76101,G,FEMALE,HealthSpring Insurance Company (Standard II),ATTAINED_AGE,258.9,258.9,,,,,877-607-6002,https://www.cigna.com/medicare/shop-plans/supplemental/,"PO Box 5700, Scranton PA 18505-5700"
TX,76101,G,FEMALE,AARP - UnitedHealthcare Insurance Company (Level 2),COMMUNITY_RATED,650.86,650.86,585.57,585.57,,,888-378-0849,https://www.aarpmedicaresupplement.com/,PO Box 9003; Huntingdon Valley PA 19006
TX,76101,N,MALE,Atlantic Capital Life Assurance Company (Preferred),ATTAINED_AGE,109.08,109.08,,,101.44,101.44,866-458-1430,https://bankersfidelity.com/,"4370 Peachtree Road, NE Atlanta, GA  30319"
TX,76101,N,MALE,Bankers Life (Underwritten by Washington National Insurance Company),ATTAINED_AGE,116.94,116.94,,,,,800-446-5018,https://www.bankerslife.com/medicare-supplement-insurance/?src=medicaregov&medium=listing,"11299 Illinois Street, Suite 200, Carmel, IN 46032"
TX,76101,N,MALE,Texas Farm Bureau Health Plans,ATTAINED_AGE,119.04,119.04,,,,,888-708-0123,https://www.mhinsurance.com/,"323 E James M Campbell Blvd, Columbia, TN 38401"
TX,76101,N,MALE,Nassau Life Insurance Company,ATTAINED_AGE,122.2,122.2,,,,,860-403-5000,https://www.nsre.com/,"One American Row, Hartford, CT  06103"
TX,76101,N,MALE,Insurance Company of North America,ATTAINED_AGE,124.75,124.75,,,116.02,116.02,215-640-1000,https://www.chubb.com/microsites/ace-medicare-supplement.html,436 Walnut Street
TX,76101,N,MALE,Medico Life and Health Insurance Company (Preferred),ATTAINED_AGE,127.35,127.35,,,112.07,112.07,800-228-6080,https://www.gomedico.com/,"P.O. Box 10386 Des Moines, IA 50306-0387"
TX,76101,N,MALE,HealthSpring Insurance Company,ATTAINED_AGE,133.77,133.77,,,,,877-607-6002,https://www.cigna.com/medicare/shop-plans/supplemental/,"PO Box 5700, Scranton PA 18505-5700"
TX,76101,N,MALE,State Farm Mutual Automobile Insurance Company,ATTAINED_AGE,133.79,133.79,,,,,800-782-8332,https://www.statefarm.com/insurance/health/medicare-supplemental,"One State Farm Plaza, Bloomington, IL 61710"
TX,76101,N,MALE,New Era Life Insurance Company,ATTAINED_AGE,135.73,135.73,,,,,877-417-7555,http://www.neweralife.com/,"P.O. Box 4884, Houston, TX 77210-4884"
TX,76101,N,MALE,LifeShield National Insurance Company,ATTAINED_AGE,136.52,136.52,,,126.96,126.96,800-851-5041,https://www.lifeshieldnational.com/,"5500 N Western Avenue, Suite 200, Oklahoma City, OK 73118"
TX,76101,N,MALE,Atlantic Capital Life Assurance Company (Standard),ATTAINED_AGE,137.59,137.59,,,127.96,127.96,866-458-1430,https://bankersfidelity.com/,"4370 Peachtree Road, NE Atlanta, GA  30319"
TX,76101,N,MALE,Medico Life and Health Insurance Company (Standard I),ATTAINED_AGE,140.08,140.08,,,123.27,123.27,800-228-6080,https://www.gomedico.com/,"P.O. Box 10386 Des Moines, IA 50306-0387"
TX,76101,N,MALE,Lumos Insurance,ATTAINED_AGE,140.16,140.16,,,130.35,130.35,800-752-8328,https://www.lumosinsurance.com/life-health,"2701 North Main Street, Crossville, TN 38555"
TX,76101,N,MALE,AFLAC,ATTAINED_AGE,141.16,141.16,,,127.04,127.04,866-990-2668,https://www.aflac.com/individuals,"Aflac Tier One, PO Box 14863, Lexington, KY 40512-4863"
TX,76101,N,MALE,WoodmenLife,ATTAINED_AGE,143.71,143.71,,,129.34,129.34,1-866-236-0029,https://www.woodmenlife.org/insurance/medicare-supplement-insurance/,"1700 Farnam Street, Omaha, NE 68102"
TX,76101,N,MALE,Bankers Life (Underwritten by Washington National Insurance Company) (Substandard),ATTAINED_AGE,144.14,144.14,,,,,800-446-5018,https://www.bankerslife.com/medicare-supplement-insurance/?src=medicaregov&medium=listing,"11299 Illinois Street, Suite 200, Carmel, IN 46032"
TX,76101,N,MALE,Humana (Emphesys Insurance Company),ATTAINED_AGE,145.35,145.35,,,127.67,127.67,877-426-1269,https://www.humana.com/medicare/medicare-supplement-plans?kc=0321046030,"P.O. Box 14611 Lexington, KY 40512-4613"
TX,76101,N,MALE,American Benefit Life Insurance Company,ATTAINED_AGE,154.21,154.21,,,138.79,138.79,833-504-0331,https://lbig.com/,"1605 LBJ Freeway, Suite 700 Dallas, Texas 75234"
TX,76101,N,MALE,Medico Life and Health Insurance Company (Standard II),ATTAINED_AGE,159.19,159.19,,,140.09,140.09,800-228-6080,https://www.gomedico.com/,"P.O. Box 10386 Des Moines, IA 50306-0387"
TX,76101,N,MALE,USAA Life Insurance Company,ATTAINED_AGE,164.9,164.9,156.66,156.66,156.66,156.66,800-531-8722,https://www.usaa.com/inet/wc/insurance-health-medicare,"9800 Fredericksburg Rd. San Antonio, TX 78288"
TX,76101,N,MALE,BlueCross BlueShield of Texas,ATTAINED_AGE,171.79,171.79,,,154.61,154.61,312-653-6000,http://www.hcsc.com/,"300 East Randolph Street Chicago, IL  60601-5099"
TX,76101,N,MALE,Mutual of Omaha (Mutual of Omaha Insurance Company),ATTAINED_AGE,173.21,173.21,,,152.42,152.42,855-977-6312,https://www.mutualofomaha.com/medicaregov/,"3300 Mutual of Omaha Plaza, Omaha, NE 68175"
TX,76101,N,MALE,GPM Health and Life Insurance Company,ATTAINED_AGE,178.05,178.05,,,165.59,165.59,866-242-7573,https://www.gpmhealthandlife.com/wps/portal/home/products/medicare-supplement,"2211 N.E. Loop 410 San Antonio, TX 78217-4630"
TX,76101,N,MALE,Aetna Health Insurance Company,ATTAINED_AGE,178.51,178.51,166.01,166.01,166.01,166.01,800-358-8749 ,https://www.aetnamedicare.com/,"PO Box 14088 Lexington, KY 40513"
TX,76101,N,MALE,Wisconsin Physicians Service Insurance Corporation,ATTAINED_AGE,179.66,179.66,167.08,167.08,167.08,167.08,888-915-5108,https://www.wpshealth.com/,"1717 W. Broadway P.O. Box 8190, Madison, WI 53708-8190"
TX,76101,N,MALE,Guarantee Trust Life Insurance Company,ATTAINED_AGE,180.93,180.93,,,168.26,168.26,800-338-7452,https://www.gtlic.com/,"1275 Milwaukee Avenue Glenview, IL 60025"
TX,76101,N,MALE,HealthSpring Insurance Company (Standard II),ATTAINED_AGE,200.66,200.66,,,,,877-607-6002,https://www.cigna.com/medicare/shop-plans/supplemental/,"PO Box 5700, Scranton PA 18505-5700"
TX,76101,N,MALE,AARP - UnitedHealthcare Insurance Company (Standard),COMMUNITY_RATED,205.24,205.24,171.26,171.26,,,888-378-0849,https://www.aarpmedicaresupplement.com/,PO Box 9003; Huntingdon Valley PA 19006
TX,76101,N,MALE,United American Insurance Company,ATTAINED_AGE,242,242,,,,,800-331-2512,https://www2.unitedamerican.com/,"3700 S Stonebridge Dr, McKinney, TX 75070"
TX,76101,N,MALE,AARP - UnitedHealthcare Insurance Company (Level 2),COMMUNITY_RATED,595.28,595.28,535.55,535.55,,,888-378-0849,https://www.aarpmedicaresupplement.com/,PO Box 9003; Huntingdon Valley PA 19006
TX,76101,N,FEMALE,Atlantic Capital Life Assurance Company (Preferred),ATTAINED_AGE,95.11,95.11,,,88.45,88.45,866-458-1430,https://bankersfidelity.com/,"4370 Peachtree Road, NE Atlanta, GA  30319"
TX,76101,N,FEMALE,Bankers Life (Underwritten by Washington National Insurance Company),ATTAINED_AGE,105.35,105.35,,,,,800-446-5018,https://www.bankerslife.com/medicare-supplement-insurance/?src=medicaregov&medium=listing,"11299 Illinois Street, Suite 200, Carmel, IN 46032"
TX,76101,N,FEMALE,Nassau Life Insurance Company,ATTAINED_AGE,106.32,106.32,,,,,860-403-5000,https://www.nsre.com/,"One American Row, Hartford, CT  06103"
TX,76101,N,FEMALE,Texas Farm Bureau Health Plans,ATTAINED_AGE,106.36,106.36,,,,,888-708-0123,https://www.mhinsurance.com/,"323 E James M Campbell Blvd, Columbia, TN 38401"
TX,76101,N,FEMALE,Insurance Company of North America,ATTAINED_AGE,110.42,110.42,,,102.69,102.69,215-640-1000,https://www.chubb.com/microsites/ace-medicare-supplement.html,436 Walnut Street
TX,76101,N,FEMALE,Medico Life and Health Insurance Company (Preferred),ATTAINED_AGE,110.74,110.74,,,97.45,97.45,800-228-6080,https://www.gomedico.com/,"P.O. Box 10386 Des Moines, IA 50306-0387"
TX,76101,N,FEMALE,HealthSpring Insurance Company,ATTAINED_AGE,116.33,116.33,,,,,877-607-6002,https://www.cigna.com/medicare/shop-plans/supplemental/,"PO Box 5700, Scranton PA 18505-5700"
TX,76101,N,FEMALE,LifeShield National Insurance Company,ATTAINED_AGE,118.72,118.72,,,110.41,110.41,800-851-5041,https://www.lifeshieldnational.com/,"5500 N Western Avenue, Suite 200, Oklahoma City, OK 73118"
TX,76101,N,FEMALE,Atlantic Capital Life Assurance Company (Standard),ATTAINED_AGE,119.92,119.92,,,111.53,111.53,866-458-1430,https://bankersfidelity.com/,"4370 Peachtree Road, NE Atlanta, GA  30319"
TX,76101,N,FEMALE,New Era Life Insurance Company,ATTAINED_AGE,120.12,120.12,,,,,877-417-7555,http://www.neweralife.com/,"P.O. Box 4884, Houston, TX 77210-4884"
TX,76101,N,FEMALE,Medico Life and Health Insurance Company (Standard I),ATTAINED_AGE,121.81,121.81,,,107.19,107.19,800-228-6080,https://www.gomedico.com/,"P.O. Box 10386 Des Moines, IA 50306-0387"
TX,76101,N,FEMALE,AFLAC,ATTAINED_AGE,123.24,123.24,,,110.92,110.92,866-990-2668,https://www.aflac.com/individuals,"Aflac Tier One, PO Box 14863, Lexington, KY 40512-4863"
TX,76101,N,FEMALE,WoodmenLife,ATTAINED_AGE,124.97,124.97,,,112.47,112.47,1-866-236-0029,https://www.woodmenlife.org/insurance/medicare-supplement-insurance/,"1700 Farnam Street, Omaha, NE 68102"
TX,76101,N,FEMALE,Lumos Insurance,ATTAINED_AGE,127.32,127.32,,,118.41,118.41,800-752-8328,https://www.lumosinsurance.com/life-health,"2701 North Main Street, Crossville, TN 38555"
TX,76101,N,FEMALE,State Farm Mutual Automobile Insurance Company,ATTAINED_AGE,128.44,128.44,,,,,800-782-8332,https://www.statefarm.com/insurance/health/medicare-supplemental,"One State Farm Plaza, Bloomington, IL 61710"
TX,76101,N,FEMALE,Bankers Life (Underwritten by Washington National Insurance Company) (Substandard),ATTAINED_AGE,129.84,129.84,,,,,800-446-5018,https://www.bankerslife.com/medicare-supplement-insurance/?src=medicaregov&medium=listing,"11299 Illinois Street, Suite 200, Carmel, IN 46032"
TX,76101,N,FEMALE,Humana (Emphesys Insurance Company),ATTAINED_AGE,130.55,130.55,,,114.64,114.64,877-426-1269,https://www.humana.com/medicare/medicare-supplement-plans?kc=0321046030,"P.O. Box 14611 Lexington, KY 40512-4613"
TX,76101,N,FEMALE,American Benefit Life Insurance Company,ATTAINED_AGE,134.1,134.1,,,120.69,120.69,833-504-0331,https://lbig.com/,"1605 LBJ Freeway, Suite 700 Dallas, Texas 75234"
TX,76101,N,FEMALE,Medico Life and Health Insurance Company (Standard II),ATTAINED_AGE,138.42,138.42,,,121.81,121.81,800-228-6080,https://www.gomedico.com/,"P.O. Box 10386 Des Moines, IA 50306-0387"
TX,76101,N,FEMALE,Mutual of Omaha (Mutual of Omaha Insurance Company),ATTAINED_AGE,150.63,150.63,,,132.55,132.55,855-977-6312,https://www.mutualofomaha.com/medicaregov/,"3300 Mutual of Omaha Plaza, Omaha, NE 68175"
TX,76101,N,FEMALE,BlueCross BlueShield of Texas,ATTAINED_AGE,153.39,153.39,,,138.05,138.05,312-653-6000,http://www.hcsc.com/,"300 East Randolph Street Chicago, IL  60601-5099"
TX,76101,N,FEMALE,GPM Health and Life Insurance Company,ATTAINED_AGE,154.81,154.81,,,143.97,143.97,866-242-7573,https://www.gpmhealthandlife.com/wps/portal/home/products/medicare-supplement,"2211 N.E. Loop 410 San Antonio, TX 78217-4630"
TX,76101,N,FEMALE,Aetna Health Insurance Company,ATTAINED_AGE,155.1,155.1,144.24,144.24,,,800-358-8749 ,https://www.aetnamedicare.com/,"PO Box 14088 Lexington, KY 40513"
TX,76101,N,FEMALE,Guarantee Trust Life Insurance Company,ATTAINED_AGE,161.55,161.55,,,150.24,150.24,800-338-7452,https://www.gtlic.com/,"1275 Milwaukee Avenue Glenview, IL 60025"
TX,76101,N,FEMALE,Wisconsin Physicians Service Insurance Corporation,ATTAINED_AGE,163.33,163.33,151.9,151.9,,,888-915-5108,https://www.wpshealth.com/,"1717 W. Broadway P.O. Box 8190, Madison, WI 53708-8190"
TX,76101,N,FEMALE,USAA Life Insurance Company,ATTAINED_AGE,164.9,164.9,156.66,156.66,,,800-531-8722,https://www.usaa.com/inet/wc/insurance-health-medicare,"9800 Fredericksburg Rd. San Antonio, TX 78288"
TX,76101,N,FEMALE,HealthSpring Insurance Company (Standard II),ATTAINED_AGE,174.49,174.49,,,,,877-607-6002,https://www.cigna.com/medicare/shop-plans/supplemental/,"PO Box 5700, Scranton PA 18505-5700"
TX,76101,N,FEMALE,AARP - UnitedHealthcare Insurance Company (Standard),COMMUNITY_RATED,181.76,181.76,151.63,151.63,,,888-378-0849,https://www.aarpmedicaresupplement.com/,PO Box 9003; Huntingdon Valley PA 19006
TX,76101,N,FEMALE,United American Insurance Company,ATTAINED_AGE,211,211,,,,,800-331-2512,https://www2.unitedamerican.com/,"3700 S Stonebridge Dr, McKinney, TX 75070"
TX,76101,N,FEMALE,AARP - UnitedHealthcare Insurance Company (Level 2),COMMUNITY_RATED,527.59,527.59,474.63,474.63,,,888-378-0849,https://www.aarpmedicaresupplement.com/,PO Box 9003; Huntingdon Valley PA 19006
TX,76301,G,MALE,Atlantic Capital Life Assurance Company (Preferred),ATTAINED_AGE,130.02,130.02,,,120.92,120.92,866-458-1430,https://bankersfidelity.com/,"4370 Peachtree Road, NE Atlanta, GA  30319"
TX,76301,G,MALE,Texas Farm Bureau Health Plans,ATTAINED_AGE,149.49,149.49,,,,,888-708-0123,https://www.mhinsurance.com/,"323 E James M Campbell Blvd, Columbia, TN 38401"
TX,76301,G,MALE,Nassau Life Insurance Company,ATTAINED_AGE,149.75,149.75,,,,,860-403-5000,https://www.nsre.com/,"One American Row, Hartford, CT  06103"
TX,76301,G,MALE,New Era Life Insurance Company,ATTAINED_AGE,151.57,151.57,,,,,877-417-7555,http://www.neweralife.com/,"P.O. Box 4884, Houston, TX 77210-4884"
TX,76301,G,MALE,Physicians Select Insurance Company (Innovative),ATTAINED_AGE,156.02,156.02,,,138.68,138.68,800-325-6300,https://www.physiciansmutual.com/cs/products/medsup/medsup.html,"2600 Dodge Street, Omaha, Nebraska 68131"
TX,76301,G,MALE,LifeShield National Insurance Company,ATTAINED_AGE,162.41,162.41,,,151.04,151.04,800-851-5041,https://www.lifeshieldnational.com/,"5500 N Western Avenue, Suite 200, Oklahoma City, OK 73118"
TX,76301,G,MALE,Atlantic Capital Life Assurance Company (Standard),ATTAINED_AGE,164.1,164.1,,,152.61,152.61,866-458-1430,https://bankersfidelity.com/,"4370 Peachtree Road, NE Atlanta, GA  30319"
TX,76301,G,MALE,Insurance Company of North America,ATTAINED_AGE,174.75,174.75,,,162.52,162.52,215-640-1000,https://www.chubb.com/microsites/ace-medicare-supplement.html,436 Walnut Street
TX,76301,G,MALE,Old Surety Life Insurance Company,ISSUE_AGE,180.04,180.04,167.44,167.44,167.44,167.44,800-272-5466,http://www.oldsurety.com/,"5201 N Lincoln Blvd, Oklahoma City, OK 73105"
TX,76301,G,MALE,USAA Life Insurance Company,ATTAINED_AGE,180.88,180.88,171.84,171.84,171.84,171.84,800-531-8722,https://www.usaa.com/inet/wc/insurance-health-medicare,"9800 Fredericksburg Rd. San Antonio, TX 78288"
TX,76301,G,MALE,WoodmenLife,ATTAINED_AGE,183.2,183.2,,,164.88,164.88,1-866-236-0029,https://www.woodmenlife.org/insurance/medicare-supplement-insurance/,"1700 Farnam Street, Omaha, NE 68102"
TX,76301,G,MALE,Lumos Insurance,ATTAINED_AGE,183.98,183.98,,,171.1,171.1,800-752-8328,https://www.lumosinsurance.com/life-health,"2701 North Main Street, Crossville, TN 38555"
TX,76301,G,MALE,Wisconsin Physicians Service Insurance Corporation,ATTAINED_AGE,185.36,185.36,172.38,172.38,172.38,172.38,888-915-5108,https://www.wpshealth.com/,"1717 W. Broadway P.O. Box 8190, Madison, WI 53708-8190"
TX,76301,G,MALE,State Farm Mutual Automobile Insurance Company,ATTAINED_AGE,185.47,185.47,,,,,800-782-8332,https://www.statefarm.com/insurance/health/medicare-supplemental,"One State Farm Plaza, Bloomington, IL 61710"
TX,76301,G,MALE,Bankers Life (Underwritten by Washington National Insurance Company),ATTAINED_AGE,186.3,186.3,,,,,800-446-5018,https://www.bankerslife.com/medicare-supplement-insurance/?src=medicaregov&medium=listing,"11299 Illinois Street, Suite 200, Carmel, IN 46032"
TX,76301,G,MALE,Physicians Select Insurance Company,ATTAINED_AGE,192.55,192.55,,,171.15,171.15,800-325-6300,https://www.physiciansmutual.com/cs/products/medsup/medsup.html,"2600 Dodge Street, Omaha, Nebraska 68131"
TX,76301,G,MALE,Humana (Emphesys Insurance Company),ATTAINED_AGE,194.47,194.47,,,170.89,170.89,877-426-1269,https://www.humana.com/medicare/medicare-supplement-plans?kc=0321046030,"P.O. Box 14611 Lexington, KY 40512-4613"
TX,76301,G,MALE,AFLAC,ATTAINED_AGE,194.72,194.72,,,175.25,175.25,866-990-2668,https://www.aflac.com/individuals,"Aflac Tier One, PO Box 14863, Lexington, KY 40512-4863"
TX,76301,G,MALE,American Benefit Life Insurance Company,ATTAINED_AGE,197.83,197.83,,,178.05,178.05,833-504-0331,https://lbig.com/,"1605 LBJ Freeway, Suite 700 Dallas, Texas 75234"
TX,76301,G,MALE,HealthSpring Insurance Company,ATTAINED_AGE,198.49,198.49,,,,,877-607-6002,https://www.cigna.com/medicare/shop-plans/supplemental/,"PO Box 5700, Scranton PA 18505-5700"
TX,76301,G,MALE,Medico Life and Health Insurance Company (Preferred),ATTAINED_AGE,201.51,201.51,,,177.33,177.33,800-228-6080,https://www.gomedico.com/,"P.O. Box 10386 Des Moines, IA 50306-0387"
TX,76301,G,MALE,BlueCross BlueShield of Texas,ATTAINED_AGE,217.26,217.26,,,195.53,195.53,312-653-6000,http://www.hcsc.com/,"300 East Randolph Street Chicago, IL  60601-5099"
TX,76301,G,MALE,United American Insurance Company,ATTAINED_AGE,218,218,,,,,800-331-2512,https://www2.unitedamerican.com/,"3700 S Stonebridge Dr, McKinney, TX 75070"
TX,76301,G,MALE,Medico Life and Health Insurance Company (Standard I),ATTAINED_AGE,221.66,221.66,,,195.06,195.06,800-228-6080,https://www.gomedico.com/,"P.O. Box 10386 Des Moines, IA 50306-0387"
TX,76301,G,MALE,Bankers Life (Underwritten by Washington National Insurance Company) (Substandard),ATTAINED_AGE,229.75,229.75,,,,,800-446-5018,https://www.bankerslife.com/medicare-supplement-insurance/?src=medicaregov&medium=listing,"11299 Illinois Street, Suite 200, Carmel, IN 46032"
TX,76301,G,MALE,Mutual of Omaha (Mutual of Omaha Insurance Company),ATTAINED_AGE,230.27,230.27,,,202.64,202.64,855-977-6312,https://www.mutualofomaha.com/medicaregov/,"3300 Mutual of Omaha Plaza, Omaha, NE 68175"
TX,76301,G,MALE,AARP - UnitedHealthcare Insurance Company (Standard),COMMUNITY_RATED,230.71,230.71,192.56,192.56,,,888-378-0849,https://www.aarpmedicaresupplement.com/,PO Box 9003; Huntingdon Valley PA 19006
TX,76301,G,MALE,Aetna Health Insurance Company,ATTAINED_AGE,236.32,236.32,219.78,219.78,219.78,219.78,800-358-8749 ,https://www.aetnamedicare.com/,"PO Box 14088 Lexington, KY 40513"
TX,76301,G,MALE,Medico Life and Health Insurance Company (Standard II),ATTAINED_AGE,251.88,251.88,,,221.65,221.65,800-228-6080,https://www.gomedico.com/,"P.O. Box 10386 Des Moines, IA 50306-0387"
TX,76301,G,MALE,Guarantee Trust Life Insurance Company,ATTAINED_AGE,253.26,253.26,,,235.53,235.53,800-338-7452,https://www.gtlic.com/,"1275 Milwaukee Avenue Glenview, IL 60025"
TX,76301,G,MALE,GPM Health and Life Insurance Company,ATTAINED_AGE,264.68,264.68,,,246.15,246.15,866-242-7573,https://www.gpmhealthandlife.com/wps/portal/home/products/medicare-supplement,"2211 N.E. Loop 410 San Antonio, TX 78217-4630"
TX,76301,G,MALE,HealthSpring Insurance Company (Standard II),ATTAINED_AGE,297.73,297.73,,,,,877-607-6002,https://www.cigna.com/medicare/shop-plans/supplemental/,"PO Box 5700, Scranton PA 18505-5700"
TX,76301,G,MALE,AARP - UnitedHealthcare Insurance Company (Level 2),COMMUNITY_RATED,707.59,707.59,636.63,636.63,,,888-378-0849,https://www.aarpmedicaresupplement.com/,PO Box 9003; Huntingdon Valley PA 19006
TX,76301,G,FEMALE,Atlantic Capital Life Assurance Company (Preferred),ATTAINED_AGE,113.32,113.32,,,105.39,105.39,866-458-1430,https://bankersfidelity.com/,"4370 Peachtree Road, NE Atlanta, GA  30319"
TX,76301,G,FEMALE,Nassau Life Insurance Company,ATTAINED_AGE,130.28,130.28,,,,,860-403-5000,https://www.nsre.com/,"One American Row, Hartford, CT  06103"
TX,76301,G,FEMALE,Texas Farm Bureau Health Plans,ATTAINED_AGE,133.86,133.86,,,,,888-708-0123,https://www.mhinsurance.com/,"323 E James M Campbell Blvd, Columbia, TN 38401"
TX,76301,G,FEMALE,New Era Life Insurance Company,ATTAINED_AGE,137.79,137.79,,,,,877-417-7555,http://www.neweralife.com/,"P.O. Box 4884, Houston, TX 77210-4884"
TX,76301,G,FEMALE,Physicians Select Insurance Company (Innovative),ATTAINED_AGE,141.15,141.15,,,125.46,125.46,800-325-6300,https://www.physiciansmutual.com/cs/products/medsup/medsup.html,"2600 Dodge Street, Omaha, Nebraska 68131"
TX,76301,G,FEMALE,LifeShield National Insurance Company,ATTAINED_AGE,141.22,141.22,,,131.33,131.33,800-851-5041,https://www.lifeshieldnational.com/,"5500 N Western Avenue, Suite 200, Oklahoma City, OK 73118"
TX,76301,G,FEMALE,Atlantic Capital Life Assurance Company (Standard),ATTAINED_AGE,142.97,142.97,,,132.96,132.96,866-458-1430,https://bankersfidelity.com/,"4370 Peachtree Road, NE Atlanta, GA  30319"
TX,76301,G,FEMALE,Insurance Company of North America,ATTAINED_AGE,154.58,154.58,,,143.76,143.76,215-640-1000,https://www.chubb.com/microsites/ace-medicare-supplement.html,436 Walnut Street
TX,76301,G,FEMALE,WoodmenLife,ATTAINED_AGE,159.3,159.3,,,143.37,143.37,1-866-236-0029,https://www.woodmenlife.org/insurance/medicare-supplement-insurance/,"1700 Farnam Street, Omaha, NE 68102"
TX,76301,G,FEMALE,Old Surety Life Insurance Company,ISSUE_AGE,163.67,163.67,152.21,152.21,,,800-272-5466,http://www.oldsurety.com/,"5201 N Lincoln Blvd, Oklahoma City, OK 73105"
TX,76301,G,FEMALE,Lumos Insurance,ATTAINED_AGE,167.28,167.28,,,155.57,155.57,800-752-8328,https://www.lumosinsurance.com/life-health,"2701 North Main Street, Crossville, TN 38555"
TX,76301,G,FEMALE,Bankers Life (Underwritten by Washington National Insurance Company),ATTAINED_AGE,167.77,167.77,,,,,800-446-5018,https://www.bankerslife.com/medicare-supplement-insurance/?src=medicaregov&medium=listing,"11299 Illinois Street, Suite 200, Carmel, IN 46032"
TX,76301,G,FEMALE,Wisconsin Physicians Service Insurance Corporation,ATTAINED_AGE,168.5,168.5,156.7,156.7,,,888-915-5108,https://www.wpshealth.com/,"1717 W. Broadway P.O. Box 8190, Madison, WI 53708-8190"
TX,76301,G,FEMALE,AFLAC,ATTAINED_AGE,169.99,169.99,,,152.99,152.99,866-990-2668,https://www.aflac.com/individuals,"Aflac Tier One, PO Box 14863, Lexington, KY 40512-4863"
TX,76301,G,FEMALE,American Benefit Life Insurance Company,ATTAINED_AGE,172.03,172.03,,,154.83,154.83,833-504-0331,https://lbig.com/,"1605 LBJ Freeway, Suite 700 Dallas, Texas 75234"
TX,76301,G,FEMALE,HealthSpring Insurance Company,ATTAINED_AGE,172.6,172.6,,,,,877-607-6002,https://www.cigna.com/medicare/shop-plans/supplemental/,"PO Box 5700, Scranton PA 18505-5700"
TX,76301,G,FEMALE,Physicians Select Insurance Company,ATTAINED_AGE,174.21,174.21,,,154.85,154.85,800-325-6300,https://www.physiciansmutual.com/cs/products/medsup/medsup.html,"2600 Dodge Street, Omaha, Nebraska 68131"
TX,76301,G,FEMALE,Humana (Emphesys Insurance Company),ATTAINED_AGE,174.67,174.67,,,153.47,153.47,877-426-1269,https://www.humana.com/medicare/medicare-supplement-plans?kc=0321046030,"P.O. Box 14611 Lexington, KY 40512-4613"
TX,76301,G,FEMALE,Medico Life and Health Insurance Company (Preferred),ATTAINED_AGE,175.22,175.22,,,154.19,154.19,800-228-6080,https://www.gomedico.com/,"P.O. Box 10386 Des Moines, IA 50306-0387"
TX,76301,G,FEMALE,USAA Life Insurance Company,ATTAINED_AGE,180.88,180.88,171.84,171.84,,,800-531-8722,https://www.usaa.com/inet/wc/insurance-health-medicare,"9800 Fredericksburg Rd. San Antonio, TX 78288"
TX,76301,G,FEMALE,State Farm Mutual Automobile Insurance Company,ATTAINED_AGE,181.48,181.48,,,,,800-782-8332,https://www.statefarm.com/insurance/health/medicare-supplemental,"One State Farm Plaza, Bloomington, IL 61710"
TX,76301,G,FEMALE,United American Insurance Company,ATTAINED_AGE,189,189,,,,,800-331-2512,https://www2.unitedamerican.com/,"3700 S Stonebridge Dr, McKinney, TX 75070"
TX,76301,G,FEMALE,Medico Life and Health Insurance Company (Standard I),ATTAINED_AGE,192.75,192.75,,,169.62,169.62,800-228-6080,https://www.gomedico.com/,"P.O. Box 10386 Des Moines, IA 50306-0387"
TX,76301,G,FEMALE,BlueCross BlueShield of Texas,ATTAINED_AGE,193.95,193.95,,,174.56,174.56,312-653-6000,http://www.hcsc.com/,"300 East Randolph Street Chicago, IL  60601-5099"
TX,76301,G,FEMALE,Mutual of Omaha (Mutual of Omaha Insurance Company),ATTAINED_AGE,200.25,200.25,,,176.22,176.22,855-977-6312,https://www.mutualofomaha.com/medicaregov/,"3300 Mutual of Omaha Plaza, Omaha, NE 68175"
TX,76301,G,FEMALE,AARP - UnitedHealthcare Insurance Company (Standard),COMMUNITY_RATED,204.48,204.48,170.63,170.63,,,888-378-0849,https://www.aarpmedicaresupplement.com/,PO Box 9003; Huntingdon Valley PA 19006
TX,76301,G,FEMALE,Aetna Health Insurance Company,ATTAINED_AGE,205.42,205.42,191.04,191.04,,,800-358-8749 ,https://www.aetnamedicare.com/,"PO Box 14088 Lexington, KY 40513"
TX,76301,G,FEMALE,Bankers Life (Underwritten by Washington National Insurance Company) (Substandard),ATTAINED_AGE,206.88,206.88,,,,,800-446-5018,https://www.bankerslife.com/medicare-supplement-insurance/?src=medicaregov&medium=listing,"11299 Illinois Street, Suite 200, Carmel, IN 46032"
TX,76301,G,FEMALE,Medico Life and Health Insurance Company (Standard II),ATTAINED_AGE,219.03,219.03,,,192.75,192.75,800-228-6080,https://www.gomedico.com/,"P.O. Box 10386 Des Moines, IA 50306-0387"
TX,76301,G,FEMALE,Guarantee Trust Life Insurance Company,ATTAINED_AGE,226.13,226.13,,,210.3,210.3,800-338-7452,https://www.gtlic.com/,"1275 Milwaukee Avenue Glenview, IL 60025"
TX,76301,G,FEMALE,GPM Health and Life Insurance Company,ATTAINED_AGE,230.15,230.15,,,214.04,214.04,866-242-7573,https://www.gpmhealthandlife.com/wps/portal/home/products/medicare-supplement,"2211 N.E. Loop 410 San Antonio, TX 78217-4630"
TX,76301,G,FEMALE,HealthSpring Insurance Company (Standard II),ATTAINED_AGE,258.9,258.9,,,,,877-607-6002,https://www.cigna.com/medicare/shop-plans/supplemental/,"PO Box 5700, Scranton PA 18505-5700"
TX,76301,G,FEMALE,AARP - UnitedHealthcare Insurance Company (Level 2),COMMUNITY_RATED,627.61,627.61,564.64,564.64,,,888-378-0849,https://www.aarpmedicaresupplement.com/,PO Box 9003; Huntingdon Valley PA 19006
TX,76301,N,MALE,Atlantic Capital Life Assurance Company (Preferred),ATTAINED_AGE,99.17,99.17,,,92.23,92.23,866-458-1430,https://bankersfidelity.com/,"4370 Peachtree Road, NE Atlanta, GA  30319"
TX,76301,N,MALE,Nassau Life Insurance Company,ATTAINED_AGE,107.39,107.39,,,,,860-403-5000,https://www.nsre.com/,"One American Row, Hartford, CT  06103"
TX,76301,N,MALE,Texas Farm Bureau Health Plans,ATTAINED_AGE,113.34,113.34,,,,,888-708-0123,https://www.mhinsurance.com/,"323 E James M Campbell Blvd, Columbia, TN 38401"
TX,76301,N,MALE,Insurance Company of North America,ATTAINED_AGE,116.33,116.33,,,108.19,108.19,215-640-1000,https://www.chubb.com/microsites/ace-medicare-supplement.html,436 Walnut Street
TX,76301,N,MALE,Bankers Life (Underwritten by Washington National Insurance Company),ATTAINED_AGE,116.94,116.94,,,,,800-446-5018,https://www.bankerslife.com/medicare-supplement-insurance/?src=medicaregov&medium=listing,"11299 Illinois Street, Suite 200, Carmel, IN 46032"
TX,76301,N,MALE,LifeShield National Insurance Company,ATTAINED_AGE,121.04,121.04,,,112.57,112.57,800-851-5041,https://www.lifeshieldnational.com/,"5500 N Western Avenue, Suite 200, Oklahoma City, OK 73118"
TX,76301,N,MALE,Lumos Insurance,ATTAINED_AGE,121.05,121.05,,,112.58,112.58,800-752-8328,https://www.lumosinsurance.com/life-health,"2701 North Main Street, Crossville, TN 38555"
TX,76301,N,MALE,New Era Life Insurance Company,ATTAINED_AGE,122.28,122.28,,,,,877-417-7555,http://www.neweralife.com/,"P.O. Box 4884, Houston, TX 77210-4884"
TX,76301,N,MALE,Atlantic Capital Life Assurance Company (Standard),ATTAINED_AGE,125.08,125.08,,,116.32,116.32,866-458-1430,https://bankersfidelity.com/,"4370 Peachtree Road, NE Atlanta, GA  30319"
TX,76301,N,MALE,WoodmenLife,ATTAINED_AGE,127.58,127.58,,,114.82,114.82,1-866-236-0029,https://www.woodmenlife.org/insurance/medicare-supplement-insurance/,"1700 Farnam Street, Omaha, NE 68102"
TX,76301,N,MALE,State Farm Mutual Automobile Insurance Company,ATTAINED_AGE,128.78,128.78,,,,,800-782-8332,https://www.statefarm.com/insurance/health/medicare-supplemental,"One State Farm Plaza, Bloomington, IL 61710"
TX,76301,N,MALE,AFLAC,ATTAINED_AGE,133.01,133.01,,,119.71,119.71,866-990-2668,https://www.aflac.com/individuals,"Aflac Tier One, PO Box 14863, Lexington, KY 40512-4863"
TX,76301,N,MALE,HealthSpring Insurance Company,ATTAINED_AGE,133.77,133.77,,,,,877-607-6002,https://www.cigna.com/medicare/shop-plans/supplemental/,"PO Box 5700, Scranton PA 18505-5700"
TX,76301,N,MALE,American Benefit Life Insurance Company,ATTAINED_AGE,142.28,142.28,,,128.05,128.05,833-504-0331,https://lbig.com/,"1605 LBJ Freeway, Suite 700 Dallas, Texas 75234"
TX,76301,N,MALE,Bankers Life (Underwritten by Washington National Insurance Company) (Substandard),ATTAINED_AGE,144.14,144.14,,,,,800-446-5018,https://www.bankerslife.com/medicare-supplement-insurance/?src=medicaregov&medium=listing,"11299 Illinois Street, Suite 200, Carmel, IN 46032"
TX,76301,N,MALE,Humana (Emphesys Insurance Company),ATTAINED_AGE,145.35,145.35,,,127.67,127.67,877-426-1269,https://www.humana.com/medicare/medicare-supplement-plans?kc=0321046030,"P.O. Box 14611 Lexington, KY 40512-4613"
TX,76301,N,MALE,Medico Life and Health Insurance Company (Preferred),ATTAINED_AGE,147.93,147.93,,,130.18,130.18,800-228-6080,https://www.gomedico.com/,"P.O. Box 10386 Des Moines, IA 50306-0387"
TX,76301,N,MALE,USAA Life Insurance Company,ATTAINED_AGE,150.11,150.11,142.6,142.6,142.6,142.6,800-531-8722,https://www.usaa.com/inet/wc/insurance-health-medicare,"9800 Fredericksburg Rd. San Antonio, TX 78288"
TX,76301,N,MALE,Wisconsin Physicians Service Insurance Corporation,ATTAINED_AGE,156.34,156.34,145.4,145.4,145.4,145.4,888-915-5108,https://www.wpshealth.com/,"1717 W. Broadway P.O. Box 8190, Madison, WI 53708-8190"
TX,76301,N,MALE,GPM Health and Life Insurance Company,ATTAINED_AGE,158.97,158.97,,,147.84,147.84,866-242-7573,https://www.gpmhealthandlife.com/wps/portal/home/products/medicare-supplement,"2211 N.E. Loop 410 San Antonio, TX 78217-4630"
TX,76301,N,MALE,Guarantee Trust Life Insurance Company,ATTAINED_AGE,160.82,160.82,,,149.56,149.56,800-338-7452,https://www.gtlic.com/,"1275 Milwaukee Avenue Glenview, IL 60025"
TX,76301,N,MALE,Mutual of Omaha (Mutual of Omaha Insurance Company),ATTAINED_AGE,160.84,160.84,,,141.54,141.54,855-977-6312,https://www.mutualofomaha.com/medicaregov/,"3300 Mutual of Omaha Plaza, Omaha, NE 68175"
TX,76301,N,MALE,Aetna Health Insurance Company,ATTAINED_AGE,162.27,162.27,150.91,150.91,150.91,150.91,800-358-8749 ,https://www.aetnamedicare.com/,"PO Box 14088 Lexington, KY 40513"
TX,76301,N,MALE,Medico Life and Health Insurance Company (Standard I),ATTAINED_AGE,162.72,162.72,,,143.19,143.19,800-228-6080,https://www.gomedico.com/,"P.O. Box 10386 Des Moines, IA 50306-0387"
TX,76301,N,MALE,BlueCross BlueShield of Texas,ATTAINED_AGE,176.45,176.45,,,158.8,158.8,312-653-6000,http://www.hcsc.com/,"300 East Randolph Street Chicago, IL  60601-5099"
TX,76301,N,MALE,Medico Life and Health Insurance Company (Standard II),ATTAINED_AGE,184.91,184.91,,,162.72,162.72,800-228-6080,https://www.gomedico.com/,"P.O. Box 10386 Des Moines, IA 50306-0387"
TX,76301,N,MALE,AARP - UnitedHealthcare Insurance Company (Standard),COMMUNITY_RATED,197.77,197.77,165.02,165.02,,,888-378-0849,https://www.aarpmedicaresupplement.com/,PO Box 9003; Huntingdon Valley PA 19006
TX,76301,N,MALE,HealthSpring Insurance Company (Standard II),ATTAINED_AGE,200.66,200.66,,,,,877-607-6002,https://www.cigna.com/medicare/shop-plans/supplemental/,"PO Box 5700, Scranton PA 18505-5700"
TX,76301,N,MALE,United American Insurance Company,ATTAINED_AGE,242,242,,,,,800-331-2512,https://www2.unitedamerican.com/,"3700 S Stonebridge Dr, McKinney, TX 75070"
TX,76301,N,MALE,AARP - UnitedHealthcare Insurance Company (Level 2),COMMUNITY_RATED,573.74,573.74,516.16,516.16,,,888-378-0849,https://www.aarpmedicaresupplement.com/,PO Box 9003; Huntingdon Valley PA 19006
TX,76301,N,FEMALE,Atlantic Capital Life Assurance Company (Preferred),ATTAINED_AGE,86.47,86.47,,,80.42,80.42,866-458-1430,https://bankersfidelity.com/,"4370 Peachtree Road, NE Atlanta, GA  30319"
TX,76301,N,FEMALE,Nassau Life Insurance Company,ATTAINED_AGE,93.43,93.43,,,,,860-403-5000,https://www.nsre.com/,"One American Row, Hartford, CT  06103"
TX,76301,N,FEMALE,Texas Farm Bureau Health Plans,ATTAINED_AGE,101.28,101.28,,,,,888-708-0123,https://www.mhinsurance.com/,"323 E James M Campbell Blvd, Columbia, TN 38401"
TX,76301,N,FEMALE,Insurance Company of North America,ATTAINED_AGE,103,103,,,95.79,95.79,215-640-1000,https://www.chubb.com/microsites/ace-medicare-supplement.html,436 Walnut Street
TX,76301,N,FEMALE,LifeShield National Insurance Company,ATTAINED_AGE,105.25,105.25,,,97.88,97.88,800-851-5041,https://www.lifeshieldnational.com/,"5500 N Western Avenue, Suite 200, Oklahoma City, OK 73118"
TX,76301,N,FEMALE,Bankers Life (Underwritten by Washington National Insurance Company),ATTAINED_AGE,105.35,105.35,,,,,800-446-5018,https://www.bankerslife.com/medicare-supplement-insurance/?src=medicaregov&medium=listing,"11299 Illinois Street, Suite 200, Carmel, IN 46032"
TX,76301,N,FEMALE,New Era Life Insurance Company,ATTAINED_AGE,108.22,108.22,,,,,877-417-7555,http://www.neweralife.com/,"P.O. Box 4884, Houston, TX 77210-4884"
TX,76301,N,FEMALE,Atlantic Capital Life Assurance Company (Standard),ATTAINED_AGE,109.01,109.01,,,101.38,101.38,866-458-1430,https://bankersfidelity.com/,"4370 Peachtree Road, NE Atlanta, GA  30319"
TX,76301,N,FEMALE,Lumos Insurance,ATTAINED_AGE,109.96,109.96,,,102.26,102.26,800-752-8328,https://www.lumosinsurance.com/life-health,"2701 North Main Street, Crossville, TN 38555"
TX,76301,N,FEMALE,WoodmenLife,ATTAINED_AGE,110.95,110.95,,,99.86,99.86,1-866-236-0029,https://www.woodmenlife.org/insurance/medicare-supplement-insurance/,"1700 Farnam Street, Omaha, NE 68102"
TX,76301,N,FEMALE,AFLAC,ATTAINED_AGE,116.12,116.12,,,104.51,104.51,866-990-2668,https://www.aflac.com/individuals,"Aflac Tier One, PO Box 14863, Lexington, KY 40512-4863"
TX,76301,N,FEMALE,HealthSpring Insurance Company,ATTAINED_AGE,116.33,116.33,,,,,877-607-6002,https://www.cigna.com/medicare/shop-plans/supplemental/,"PO Box 5700, Scranton PA 18505-5700"
TX,76301,N,FEMALE,State Farm Mutual Automobile Insurance Company,ATTAINED_AGE,123.51,123.51,,,,,800-782-8332,https://www.statefarm.com/insurance/health/medicare-supplemental,"One State Farm Plaza, Bloomington, IL 61710"
TX,76301,N,FEMALE,American Benefit Life Insurance Company,ATTAINED_AGE,123.72,123.72,,,111.35,111.35,833-504-0331,https://lbig.com/,"1605 LBJ Freeway, Suite 700 Dallas, Texas 75234"
TX,76301,N,FEMALE,Medico Life and Health Insurance Company (Preferred),ATTAINED_AGE,128.63,128.63,,,113.19,113.19,800-228-6080,https://www.gomedico.com/,"P.O. Box 10386 Des Moines, IA 50306-0387"
TX,76301,N,FEMALE,Bankers Life (Underwritten by Washington National Insurance Company) (Substandard),ATTAINED_AGE,129.84,129.84,,,,,800-446-5018,https://www.bankerslife.com/medicare-supplement-insurance/?src=medicaregov&medium=listing,"11299 Illinois Street, Suite 200, Carmel, IN 46032"
TX,76301,N,FEMALE,Humana (Emphesys Insurance Company),ATTAINED_AGE,130.55,130.55,,,114.64,114.64,877-426-1269,https://www.humana.com/medicare/medicare-supplement-plans?kc=0321046030,"P.O. Box 14611 Lexington, KY 40512-4613"
TX,76301,N,FEMALE,GPM Health and Life Insurance Company,ATTAINED_AGE,138.23,138.23,,,128.55,128.55,866-242-7573,https://www.gpmhealthandlife.com/wps/portal/home/products/medicare-supplement,"2211 N.E. Loop 410 San Antonio, TX 78217-4630"
TX,76301,N,FEMALE,Mutual of Omaha (Mutual of Omaha Insurance Company),ATTAINED_AGE,139.87,139.87,,,123.09,123.09,855-977-6312,https://www.mutualofomaha.com/medicaregov/,"3300 Mutual of Omaha Plaza, Omaha, NE 68175"
TX,76301,N,FEMALE,Aetna Health Insurance Company,ATTAINED_AGE,141.03,141.03,131.16,131.16,,,800-358-8749 ,https://www.aetnamedicare.com/,"PO Box 14088 Lexington, KY 40513"
TX,76301,N,FEMALE,Medico Life and Health Insurance Company (Standard I),ATTAINED_AGE,141.5,141.5,,,124.52,124.52,800-228-6080,https://www.gomedico.com/,"P.O. Box 10386 Des Moines, IA 50306-0387"
TX,76301,N,FEMALE,Wisconsin Physicians Service Insurance Corporation,ATTAINED_AGE,142.13,142.13,132.18,132.18,,,888-915-5108,https://www.wpshealth.com/,"1717 W. Broadway P.O. Box 8190, Madison, WI 53708-8190"
TX,76301,N,FEMALE,Guarantee Trust Life Insurance Company,ATTAINED_AGE,143.59,143.59,,,133.54,133.54,800-338-7452,https://www.gtlic.com/,"1275 Milwaukee Avenue Glenview, IL 60025"
TX,76301,N,FEMALE,USAA Life Insurance Company,ATTAINED_AGE,150.11,150.11,142.6,142.6,,,800-531-8722,https://www.usaa.com/inet/wc/insurance-health-medicare,"9800 Fredericksburg Rd. San Antonio, TX 78288"
TX,76301,N,FEMALE,BlueCross BlueShield of Texas,ATTAINED_AGE,157.55,157.55,,,141.8,141.8,312-653-6000,http://www.hcsc.com/,"300 East Randolph Street Chicago, IL  60601-5099"
TX,76301,N,FEMALE,Medico Life and Health Insurance Company (Standard II),ATTAINED_AGE,160.79,160.79,,,141.5,141.5,800-228-6080,https://www.gomedico.com/,"P.O. Box 10386 Des Moines, IA 50306-0387"
TX,76301,N,FEMALE,HealthSpring Insurance Company (Standard II),ATTAINED_AGE,174.49,174.49,,,,,877-607-6002,https://www.cigna.com/medicare/shop-plans/supplemental/,"PO Box 5700, Scranton PA 18505-5700"
TX,76301,N,FEMALE,AARP - UnitedHealthcare Insurance Company (Standard),COMMUNITY_RATED,175.2,175.2,146.15,146.15,,,888-378-0849,https://www.aarpmedicaresupplement.com/,PO Box 9003; Huntingdon Valley PA 19006
TX,76301,N,FEMALE,United American Insurance Company,ATTAINED_AGE,211,211,,,,,800-331-2512,https://www2.unitedamerican.com/,"3700 S Stonebridge Dr, McKinney, TX 75070"
TX,76301,N,FEMALE,AARP - UnitedHealthcare Insurance Company (Level 2),COMMUNITY_RATED,508.69,508.69,457.62,457.62,,,888-378-0849,https://www.aarpmedicaresupplement.com/,PO Box 9003; Huntingdon Valley PA 19006
TX,77001,G,MALE,Texas Farm Bureau Health Plans,ATTAINED_AGE,157,157,,,,,888-708-0123,https://www.mhinsurance.com/,"323 E James M Campbell Blvd, Columbia, TN 38401"
TX,77001,G,MALE,Atlantic Capital Life Assurance Company (Preferred),ATTAINED_AGE,163.83,163.83,,,152.36,152.36,866-458-1430,https://bankersfidelity.com/,"4370 Peachtree Road, NE Atlanta, GA  30319"
TX,77001,G,MALE,Physicians Select Insurance Company (Innovative),ATTAINED_AGE,180.66,180.66,,,160.59,160.59,800-325-6300,https://www.physiciansmutual.com/cs/products/medsup/medsup.html,"2600 Dodge Street, Omaha, Nebraska 68131"
TX,77001,G,MALE,New Era Life Insurance Company,ATTAINED_AGE,185.07,185.07,,,,,877-417-7555,http://www.neweralife.com/,"P.O. Box 4884, Houston, TX 77210-4884"
TX,77001,G,MALE,Nassau Life Insurance Company,ATTAINED_AGE,191.06,191.06,,,,,860-403-5000,https://www.nsre.com/,"One American Row, Hartford, CT  06103"
TX,77001,G,MALE,State Farm Mutual Automobile Insurance Company,ATTAINED_AGE,200.6,200.6,,,,,800-782-8332,https://www.statefarm.com/insurance/health/medicare-supplemental,"One State Farm Plaza, Bloomington, IL 61710"
TX,77001,G,MALE,Medico Life and Health Insurance Company (Preferred),ATTAINED_AGE,201.51,201.51,,,177.33,177.33,800-228-6080,https://www.gomedico.com/,"P.O. Box 10386 Des Moines, IA 50306-0387"
TX,77001,G,MALE,Bankers Life (Underwritten by Washington National Insurance Company),ATTAINED_AGE,202.55,202.55,,,,,800-446-5018,https://www.bankerslife.com/medicare-supplement-insurance/?src=medicaregov&medium=listing,"11299 Illinois Street, Suite 200, Carmel, IN 46032"
TX,77001,G,MALE,LifeShield National Insurance Company,ATTAINED_AGE,203.95,203.95,,,189.67,189.67,800-851-5041,https://www.lifeshieldnational.com/,"5500 N Western Avenue, Suite 200, Oklahoma City, OK 73118"
TX,77001,G,MALE,Atlantic Capital Life Assurance Company (Standard),ATTAINED_AGE,206.77,206.77,,,192.3,192.3,866-458-1430,https://bankersfidelity.com/,"4370 Peachtree Road, NE Atlanta, GA  30319"
TX,77001,G,MALE,Wisconsin Physicians Service Insurance Corporation,ATTAINED_AGE,213.01,213.01,198.1,198.1,198.1,198.1,888-915-5108,https://www.wpshealth.com/,"1717 W. Broadway P.O. Box 8190, Madison, WI 53708-8190"
TX,77001,G,MALE,Lumos Insurance,ATTAINED_AGE,213.03,213.03,,,198.12,198.12,800-752-8328,https://www.lumosinsurance.com/life-health,"2701 North Main Street, Crossville, TN 38555"
TX,77001,G,MALE,Insurance Company of North America,ATTAINED_AGE,219.75,219.75,,,204.37,204.37,215-640-1000,https://www.chubb.com/microsites/ace-medicare-supplement.html,436 Walnut Street
TX,77001,G,MALE,USAA Life Insurance Company,ATTAINED_AGE,219.98,219.98,208.98,208.98,208.98,208.98,800-531-8722,https://www.usaa.com/inet/wc/insurance-health-medicare,"9800 Fredericksburg Rd. San Antonio, TX 78288"
TX,77001,G,MALE,Medico Life and Health Insurance Company (Standard I),ATTAINED_AGE,221.66,221.66,,,195.06,195.06,800-228-6080,https://www.gomedico.com/,"P.O. Box 10386 Des Moines, IA 50306-0387"
TX,77001,G,MALE,Physicians Select Insurance Company,ATTAINED_AGE,222.96,222.96,,,198.19,198.19,800-325-6300,https://www.physiciansmutual.com/cs/products/medsup/medsup.html,"2600 Dodge Street, Omaha, Nebraska 68131"
TX,77001,G,MALE,Old Surety Life Insurance Company,ISSUE_AGE,226.09,226.09,210.26,210.26,210.26,210.26,800-272-5466,http://www.oldsurety.com/,"5201 N Lincoln Blvd, Oklahoma City, OK 73105"
TX,77001,G,MALE,WoodmenLife,ATTAINED_AGE,227.42,227.42,,,204.68,204.68,1-866-236-0029,https://www.woodmenlife.org/insurance/medicare-supplement-insurance/,"1700 Farnam Street, Omaha, NE 68102"
TX,77001,G,MALE,HealthSpring Insurance Company,ATTAINED_AGE,227.93,227.93,,,,,877-607-6002,https://www.cigna.com/medicare/shop-plans/supplemental/,"PO Box 5700, Scranton PA 18505-5700"
TX,77001,G,MALE,AFLAC,ATTAINED_AGE,231.96,231.96,,,208.76,208.76,866-990-2668,https://www.aflac.com/individuals,"Aflac Tier One, PO Box 14863, Lexington, KY 40512-4863"
TX,77001,G,MALE,American Benefit Life Insurance Company,ATTAINED_AGE,234.1,234.1,,,210.69,210.69,833-504-0331,https://lbig.com/,"1605 LBJ Freeway, Suite 700 Dallas, Texas 75234"
TX,77001,G,MALE,BlueCross BlueShield of Texas,ATTAINED_AGE,235.22,235.22,,,211.7,211.7,312-653-6000,http://www.hcsc.com/,"300 East Randolph Street Chicago, IL  60601-5099"
TX,77001,G,MALE,Humana (Emphesys Insurance Company),ATTAINED_AGE,242.3,242.3,,,212.98,212.98,877-426-1269,https://www.humana.com/medicare/medicare-supplement-plans?kc=0321046030,"P.O. Box 14611 Lexington, KY 40512-4613"
TX,77001,G,MALE,Bankers Life (Underwritten by Washington National Insurance Company) (Substandard),ATTAINED_AGE,249.83,249.83,,,,,800-446-5018,https://www.bankerslife.com/medicare-supplement-insurance/?src=medicaregov&medium=listing,"11299 Illinois Street, Suite 200, Carmel, IN 46032"
TX,77001,G,MALE,AARP - UnitedHealthcare Insurance Company (Standard),COMMUNITY_RATED,250.38,250.38,209,209,,,888-378-0849,https://www.aarpmedicaresupplement.com/,PO Box 9003; Huntingdon Valley PA 19006
TX,77001,G,MALE,United American Insurance Company,ATTAINED_AGE,251,251,,,,,800-331-2512,https://www2.unitedamerican.com/,"3700 S Stonebridge Dr, McKinney, TX 75070"
TX,77001,G,MALE,Medico Life and Health Insurance Company (Standard II),ATTAINED_AGE,251.88,251.88,,,221.65,221.65,800-228-6080,https://www.gomedico.com/,"P.O. Box 10386 Des Moines, IA 50306-0387"
TX,77001,G,MALE,Mutual of Omaha (Mutual of Omaha Insurance Company),ATTAINED_AGE,306.18,306.18,,,269.44,269.44,855-977-6312,https://www.mutualofomaha.com/medicaregov/,"3300 Mutual of Omaha Plaza, Omaha, NE 68175"
TX,77001,G,MALE,Aetna Health Insurance Company,ATTAINED_AGE,316.71,316.71,294.54,294.54,294.54,294.54,800-358-8749 ,https://www.aetnamedicare.com/,"PO Box 14088 Lexington, KY 40513"
TX,77001,G,MALE,Guarantee Trust Life Insurance Company,ATTAINED_AGE,319.04,319.04,,,296.71,296.71,800-338-7452,https://www.gtlic.com/,"1275 Milwaukee Avenue Glenview, IL 60025"
TX,77001,G,MALE,GPM Health and Life Insurance Company,ATTAINED_AGE,322.91,322.91,,,300.31,300.31,866-242-7573,https://www.gpmhealthandlife.com/wps/portal/home/products/medicare-supplement,"2211 N.E. Loop 410 San Antonio, TX 78217-4630"
TX,77001,G,MALE,HealthSpring Insurance Company (Standard II),ATTAINED_AGE,341.89,341.89,,,,,877-607-6002,https://www.cigna.com/medicare/shop-plans/supplemental/,"PO Box 5700, Scranton PA 18505-5700"
TX,77001,G,MALE,AARP - UnitedHealthcare Insurance Company (Level 2),COMMUNITY_RATED,767.57,767.57,690.61,690.61,,,888-378-0849,https://www.aarpmedicaresupplement.com/,PO Box 9003; Huntingdon Valley PA 19006
TX,77001,G,FEMALE,Texas Farm Bureau Health Plans,ATTAINED_AGE,140.58,140.58,,,,,888-708-0123,https://www.mhinsurance.com/,"323 E James M Campbell Blvd, Columbia, TN 38401"
TX,77001,G,FEMALE,Atlantic Capital Life Assurance Company (Preferred),ATTAINED_AGE,142.78,142.78,,,132.79,132.79,866-458-1430,https://bankersfidelity.com/,"4370 Peachtree Road, NE Atlanta, GA  30319"
TX,77001,G,FEMALE,Physicians Select Insurance Company (Innovative),ATTAINED_AGE,163.45,163.45,,,145.29,145.29,800-325-6300,https://www.physiciansmutual.com/cs/products/medsup/medsup.html,"2600 Dodge Street, Omaha, Nebraska 68131"
TX,77001,G,FEMALE,Nassau Life Insurance Company,ATTAINED_AGE,166.22,166.22,,,,,860-403-5000,https://www.nsre.com/,"One American Row, Hartford, CT  06103"
TX,77001,G,FEMALE,New Era Life Insurance Company,ATTAINED_AGE,168.24,168.24,,,,,877-417-7555,http://www.neweralife.com/,"P.O. Box 4884, Houston, TX 77210-4884"
TX,77001,G,FEMALE,Medico Life and Health Insurance Company (Preferred),ATTAINED_AGE,175.22,175.22,,,154.19,154.19,800-228-6080,https://www.gomedico.com/,"P.O. Box 10386 Des Moines, IA 50306-0387"
TX,77001,G,FEMALE,LifeShield National Insurance Company,ATTAINED_AGE,177.35,177.35,,,164.94,164.94,800-851-5041,https://www.lifeshieldnational.com/,"5500 N Western Avenue, Suite 200, Oklahoma City, OK 73118"
TX,77001,G,FEMALE,Atlantic Capital Life Assurance Company (Standard),ATTAINED_AGE,180.14,180.14,,,167.53,167.53,866-458-1430,https://bankersfidelity.com/,"4370 Peachtree Road, NE Atlanta, GA  30319"
TX,77001,G,FEMALE,Bankers Life (Underwritten by Washington National Insurance Company),ATTAINED_AGE,182.38,182.38,,,,,800-446-5018,https://www.bankerslife.com/medicare-supplement-insurance/?src=medicaregov&medium=listing,"11299 Illinois Street, Suite 200, Carmel, IN 46032"
TX,77001,G,FEMALE,Medico Life and Health Insurance Company (Standard I),ATTAINED_AGE,192.75,192.75,,,169.62,169.62,800-228-6080,https://www.gomedico.com/,"P.O. Box 10386 Des Moines, IA 50306-0387"
TX,77001,G,FEMALE,Wisconsin Physicians Service Insurance Corporation,ATTAINED_AGE,193.64,193.64,180.09,180.09,,,888-915-5108,https://www.wpshealth.com/,"1717 W. Broadway P.O. Box 8190, Madison, WI 53708-8190"
TX,77001,G,FEMALE,Lumos Insurance,ATTAINED_AGE,193.69,193.69,,,180.13,180.13,800-752-8328,https://www.lumosinsurance.com/life-health,"2701 North Main Street, Crossville, TN 38555"
TX,77001,G,FEMALE,Insurance Company of North America,ATTAINED_AGE,194.5,194.5,,,180.88,180.88,215-640-1000,https://www.chubb.com/microsites/ace-medicare-supplement.html,436 Walnut Street
TX,77001,G,FEMALE,State Farm Mutual Automobile Insurance Company,ATTAINED_AGE,196.18,196.18,,,,,800-782-8332,https://www.statefarm.com/insurance/health/medicare-supplemental,"One State Farm Plaza, Bloomington, IL 61710"
TX,77001,G,FEMALE,WoodmenLife,ATTAINED_AGE,197.75,197.75,,,177.98,177.98,1-866-236-0029,https://www.woodmenlife.org/insurance/medicare-supplement-insurance/,"1700 Farnam Street, Omaha, NE 68102"
TX,77001,G,FEMALE,HealthSpring Insurance Company,ATTAINED_AGE,198.2,198.2,,,,,877-607-6002,https://www.cigna.com/medicare/shop-plans/supplemental/,"PO Box 5700, Scranton PA 18505-5700"
TX,77001,G,FEMALE,Physicians Select Insurance Company,ATTAINED_AGE,201.73,201.73,,,179.32,179.32,800-325-6300,https://www.physiciansmutual.com/cs/products/medsup/medsup.html,"2600 Dodge Street, Omaha, Nebraska 68131"
TX,77001,G,FEMALE,AFLAC,ATTAINED_AGE,202.5,202.5,,,182.25,182.25,866-990-2668,https://www.aflac.com/individuals,"Aflac Tier One, PO Box 14863, Lexington, KY 40512-4863"
TX,77001,G,FEMALE,American Benefit Life Insurance Company,ATTAINED_AGE,203.57,203.57,,,183.21,183.21,833-504-0331,https://lbig.com/,"1605 LBJ Freeway, Suite 700 Dallas, Texas 75234"
TX,77001,G,FEMALE,Old Surety Life Insurance Company,ISSUE_AGE,205.54,205.54,191.15,191.15,,,800-272-5466,http://www.oldsurety.com/,"5201 N Lincoln Blvd, Oklahoma City, OK 73105"
TX,77001,G,FEMALE,BlueCross BlueShield of Texas,ATTAINED_AGE,210.03,210.03,,,189.03,189.03,312-653-6000,http://www.hcsc.com/,"300 East Randolph Street Chicago, IL  60601-5099"
TX,77001,G,FEMALE,Humana (Emphesys Insurance Company),ATTAINED_AGE,217.63,217.63,,,191.27,191.27,877-426-1269,https://www.humana.com/medicare/medicare-supplement-plans?kc=0321046030,"P.O. Box 14611 Lexington, KY 40512-4613"
TX,77001,G,FEMALE,United American Insurance Company,ATTAINED_AGE,218,218,,,,,800-331-2512,https://www2.unitedamerican.com/,"3700 S Stonebridge Dr, McKinney, TX 75070"
TX,77001,G,FEMALE,Medico Life and Health Insurance Company (Standard II),ATTAINED_AGE,219.03,219.03,,,192.75,192.75,800-228-6080,https://www.gomedico.com/,"P.O. Box 10386 Des Moines, IA 50306-0387"
TX,77001,G,FEMALE,USAA Life Insurance Company,ATTAINED_AGE,219.98,219.98,208.98,208.98,,,800-531-8722,https://www.usaa.com/inet/wc/insurance-health-medicare,"9800 Fredericksburg Rd. San Antonio, TX 78288"
TX,77001,G,FEMALE,AARP - UnitedHealthcare Insurance Company (Standard),COMMUNITY_RATED,221.71,221.71,185.03,185.03,,,888-378-0849,https://www.aarpmedicaresupplement.com/,PO Box 9003; Huntingdon Valley PA 19006
TX,77001,G,FEMALE,Bankers Life (Underwritten by Washington National Insurance Company) (Substandard),ATTAINED_AGE,224.93,224.93,,,,,800-446-5018,https://www.bankerslife.com/medicare-supplement-insurance/?src=medicaregov&medium=listing,"11299 Illinois Street, Suite 200, Carmel, IN 46032"
TX,77001,G,FEMALE,Mutual of Omaha (Mutual of Omaha Insurance Company),ATTAINED_AGE,266.26,266.26,,,234.31,234.31,855-977-6312,https://www.mutualofomaha.com/medicaregov/,"3300 Mutual of Omaha Plaza, Omaha, NE 68175"
TX,77001,G,FEMALE,Aetna Health Insurance Company,ATTAINED_AGE,275.22,275.22,255.95,255.95,,,800-358-8749 ,https://www.aetnamedicare.com/,"PO Box 14088 Lexington, KY 40513"
TX,77001,G,FEMALE,GPM Health and Life Insurance Company,ATTAINED_AGE,280.78,280.78,,,261.13,261.13,866-242-7573,https://www.gpmhealthandlife.com/wps/portal/home/products/medicare-supplement,"2211 N.E. Loop 410 San Antonio, TX 78217-4630"
TX,77001,G,FEMALE,Guarantee Trust Life Insurance Company,ATTAINED_AGE,284.86,284.86,,,264.92,264.92,800-338-7452,https://www.gtlic.com/,"1275 Milwaukee Avenue Glenview, IL 60025"
TX,77001,G,FEMALE,HealthSpring Insurance Company (Standard II),ATTAINED_AGE,297.3,297.3,,,,,877-607-6002,https://www.cigna.com/medicare/shop-plans/supplemental/,"PO Box 5700, Scranton PA 18505-5700"
TX,77001,G,FEMALE,AARP - UnitedHealthcare Insurance Company (Level 2),COMMUNITY_RATED,680.15,680.15,611.93,611.93,,,888-378-0849,https://www.aarpmedicaresupplement.com/,PO Box 9003; Huntingdon Valley PA 19006
TX,77001,N,MALE,Texas Farm Bureau Health Plans,ATTAINED_AGE,119.04,119.04,,,,,888-708-0123,https://www.mhinsurance.com/,"323 E James M Campbell Blvd, Columbia, TN 38401"
TX,77001,N,MALE,Atlantic Capital Life Assurance Company (Preferred),ATTAINED_AGE,124.95,124.95,,,116.2,116.2,866-458-1430,https://bankersfidelity.com/,"4370 Peachtree Road, NE Atlanta, GA  30319"
TX,77001,N,MALE,Bankers Life (Underwritten by Washington National Insurance Company),ATTAINED_AGE,127.14,127.14,,,,,800-446-5018,https://www.bankerslife.com/medicare-supplement-insurance/?src=medicaregov&medium=listing,"11299 Illinois Street, Suite 200, Carmel, IN 46032"
TX,77001,N,MALE,Nassau Life Insurance Company,ATTAINED_AGE,137.02,137.02,,,,,860-403-5000,https://www.nsre.com/,"One American Row, Hartford, CT  06103"
TX,77001,N,MALE,State Farm Mutual Automobile Insurance Company,ATTAINED_AGE,138.89,138.89,,,,,800-782-8332,https://www.statefarm.com/insurance/health/medicare-supplemental,"One State Farm Plaza, Bloomington, IL 61710"
TX,77001,N,MALE,Lumos Insurance,ATTAINED_AGE,140.16,140.16,,,130.35,130.35,800-752-8328,https://www.lumosinsurance.com/life-health,"2701 North Main Street, Crossville, TN 38555"
TX,77001,N,MALE,Insurance Company of North America,ATTAINED_AGE,146.33,146.33,,,136.09,136.09,215-640-1000,https://www.chubb.com/microsites/ace-medicare-supplement.html,436 Walnut Street
TX,77001,N,MALE,Medico Life and Health Insurance Company (Preferred),ATTAINED_AGE,147.93,147.93,,,130.18,130.18,800-228-6080,https://www.gomedico.com/,"P.O. Box 10386 Des Moines, IA 50306-0387"
TX,77001,N,MALE,New Era Life Insurance Company,ATTAINED_AGE,149.18,149.18,,,,,877-417-7555,http://www.neweralife.com/,"P.O. Box 4884, Houston, TX 77210-4884"
TX,77001,N,MALE,LifeShield National Insurance Company,ATTAINED_AGE,152,152,,,141.36,141.36,800-851-5041,https://www.lifeshieldnational.com/,"5500 N Western Avenue, Suite 200, Oklahoma City, OK 73118"
TX,77001,N,MALE,HealthSpring Insurance Company,ATTAINED_AGE,153.62,153.62,,,,,877-607-6002,https://www.cigna.com/medicare/shop-plans/supplemental/,"PO Box 5700, Scranton PA 18505-5700"
TX,77001,N,MALE,Bankers Life (Underwritten by Washington National Insurance Company) (Substandard),ATTAINED_AGE,156.74,156.74,,,,,800-446-5018,https://www.bankerslife.com/medicare-supplement-insurance/?src=medicaregov&medium=listing,"11299 Illinois Street, Suite 200, Carmel, IN 46032"
TX,77001,N,MALE,Atlantic Capital Life Assurance Company (Standard),ATTAINED_AGE,157.6,157.6,,,146.57,146.57,866-458-1430,https://bankersfidelity.com/,"4370 Peachtree Road, NE Atlanta, GA  30319"
TX,77001,N,MALE,WoodmenLife,ATTAINED_AGE,158.38,158.38,,,142.54,142.54,1-866-236-0029,https://www.woodmenlife.org/insurance/medicare-supplement-insurance/,"1700 Farnam Street, Omaha, NE 68102"
TX,77001,N,MALE,AFLAC,ATTAINED_AGE,158.45,158.45,,,142.6,142.6,866-990-2668,https://www.aflac.com/individuals,"Aflac Tier One, PO Box 14863, Lexington, KY 40512-4863"
TX,77001,N,MALE,Medico Life and Health Insurance Company (Standard I),ATTAINED_AGE,162.72,162.72,,,143.19,143.19,800-228-6080,https://www.gomedico.com/,"P.O. Box 10386 Des Moines, IA 50306-0387"
TX,77001,N,MALE,American Benefit Life Insurance Company,ATTAINED_AGE,168.36,168.36,,,151.52,151.52,833-504-0331,https://lbig.com/,"1605 LBJ Freeway, Suite 700 Dallas, Texas 75234"
TX,77001,N,MALE,Wisconsin Physicians Service Insurance Corporation,ATTAINED_AGE,179.66,179.66,167.08,167.08,167.08,167.08,888-915-5108,https://www.wpshealth.com/,"1717 W. Broadway P.O. Box 8190, Madison, WI 53708-8190"
TX,77001,N,MALE,BlueCross BlueShield of Texas,ATTAINED_AGE,179.88,179.88,,,161.89,161.89,312-653-6000,http://www.hcsc.com/,"300 East Randolph Street Chicago, IL  60601-5099"
TX,77001,N,MALE,Humana (Emphesys Insurance Company),ATTAINED_AGE,181.09,181.09,,,159.12,159.12,877-426-1269,https://www.humana.com/medicare/medicare-supplement-plans?kc=0321046030,"P.O. Box 14611 Lexington, KY 40512-4613"
TX,77001,N,MALE,USAA Life Insurance Company,ATTAINED_AGE,183.09,183.09,173.94,173.94,173.94,173.94,800-531-8722,https://www.usaa.com/inet/wc/insurance-health-medicare,"9800 Fredericksburg Rd. San Antonio, TX 78288"
TX,77001,N,MALE,Medico Life and Health Insurance Company (Standard II),ATTAINED_AGE,184.91,184.91,,,162.72,162.72,800-228-6080,https://www.gomedico.com/,"P.O. Box 10386 Des Moines, IA 50306-0387"
TX,77001,N,MALE,GPM Health and Life Insurance Company,ATTAINED_AGE,193.95,193.95,,,180.37,180.37,866-242-7573,https://www.gpmhealthandlife.com/wps/portal/home/products/medicare-supplement,"2211 N.E. Loop 410 San Antonio, TX 78217-4630"
TX,77001,N,MALE,Guarantee Trust Life Insurance Company,ATTAINED_AGE,202.59,202.59,,,188.41,188.41,800-338-7452,https://www.gtlic.com/,"1275 Milwaukee Avenue Glenview, IL 60025"
TX,77001,N,MALE,Mutual of Omaha (Mutual of Omaha Insurance Company),ATTAINED_AGE,213.87,213.87,,,188.21,188.21,855-977-6312,https://www.mutualofomaha.com/medicaregov/,"3300 Mutual of Omaha Plaza, Omaha, NE 68175"
TX,77001,N,MALE,AARP - UnitedHealthcare Insurance Company (Standard),COMMUNITY_RATED,214.55,214.55,179.05,179.05,,,888-378-0849,https://www.aarpmedicaresupplement.com/,PO Box 9003; Huntingdon Valley PA 19006
TX,77001,N,MALE,Aetna Health Insurance Company,ATTAINED_AGE,217.41,217.41,202.19,202.19,202.19,202.19,800-358-8749 ,https://www.aetnamedicare.com/,"PO Box 14088 Lexington, KY 40513"
TX,77001,N,MALE,HealthSpring Insurance Company (Standard II),ATTAINED_AGE,230.43,230.43,,,,,877-607-6002,https://www.cigna.com/medicare/shop-plans/supplemental/,"PO Box 5700, Scranton PA 18505-5700"
TX,77001,N,MALE,United American Insurance Company,ATTAINED_AGE,279,279,,,,,800-331-2512,https://www2.unitedamerican.com/,"3700 S Stonebridge Dr, McKinney, TX 75070"
TX,77001,N,MALE,AARP - UnitedHealthcare Insurance Company (Level 2),COMMUNITY_RATED,622.09,622.09,559.68,559.68,,,888-378-0849,https://www.aarpmedicaresupplement.com/,PO Box 9003; Huntingdon Valley PA 19006
TX,77001,N,FEMALE,Texas Farm Bureau Health Plans,ATTAINED_AGE,106.36,106.36,,,,,888-708-0123,https://www.mhinsurance.com/,"323 E James M Campbell Blvd, Columbia, TN 38401"
TX,77001,N,FEMALE,Atlantic Capital Life Assurance Company (Preferred),ATTAINED_AGE,108.95,108.95,,,101.32,101.32,866-458-1430,https://bankersfidelity.com/,"4370 Peachtree Road, NE Atlanta, GA  30319"
TX,77001,N,FEMALE,Bankers Life (Underwritten by Washington National Insurance Company),ATTAINED_AGE,114.53,114.53,,,,,800-446-5018,https://www.bankerslife.com/medicare-supplement-insurance/?src=medicaregov&medium=listing,"11299 Illinois Street, Suite 200, Carmel, IN 46032"
TX,77001,N,FEMALE,Nassau Life Insurance Company,ATTAINED_AGE,119.2,119.2,,,,,860-403-5000,https://www.nsre.com/,"One American Row, Hartford, CT  06103"
TX,77001,N,FEMALE,Lumos Insurance,ATTAINED_AGE,127.32,127.32,,,118.41,118.41,800-752-8328,https://www.lumosinsurance.com/life-health,"2701 North Main Street, Crossville, TN 38555"
TX,77001,N,FEMALE,Medico Life and Health Insurance Company (Preferred),ATTAINED_AGE,128.63,128.63,,,113.19,113.19,800-228-6080,https://www.gomedico.com/,"P.O. Box 10386 Des Moines, IA 50306-0387"
TX,77001,N,FEMALE,Insurance Company of North America,ATTAINED_AGE,129.58,129.58,,,120.51,120.51,215-640-1000,https://www.chubb.com/microsites/ace-medicare-supplement.html,436 Walnut Street
TX,77001,N,FEMALE,New Era Life Insurance Company,ATTAINED_AGE,132.03,132.03,,,,,877-417-7555,http://www.neweralife.com/,"P.O. Box 4884, Houston, TX 77210-4884"
TX,77001,N,FEMALE,LifeShield National Insurance Company,ATTAINED_AGE,132.18,132.18,,,122.93,122.93,800-851-5041,https://www.lifeshieldnational.com/,"5500 N Western Avenue, Suite 200, Oklahoma City, OK 73118"
TX,77001,N,FEMALE,State Farm Mutual Automobile Insurance Company,ATTAINED_AGE,133.28,133.28,,,,,800-782-8332,https://www.statefarm.com/insurance/health/medicare-supplemental,"One State Farm Plaza, Bloomington, IL 61710"
TX,77001,N,FEMALE,HealthSpring Insurance Company,ATTAINED_AGE,133.58,133.58,,,,,877-607-6002,https://www.cigna.com/medicare/shop-plans/supplemental/,"PO Box 5700, Scranton PA 18505-5700"
TX,77001,N,FEMALE,Atlantic Capital Life Assurance Company (Standard),ATTAINED_AGE,137.36,137.36,,,127.74,127.74,866-458-1430,https://bankersfidelity.com/,"4370 Peachtree Road, NE Atlanta, GA  30319"
TX,77001,N,FEMALE,WoodmenLife,ATTAINED_AGE,137.73,137.73,,,123.96,123.96,1-866-236-0029,https://www.woodmenlife.org/insurance/medicare-supplement-insurance/,"1700 Farnam Street, Omaha, NE 68102"
TX,77001,N,FEMALE,AFLAC,ATTAINED_AGE,138.33,138.33,,,124.5,124.5,866-990-2668,https://www.aflac.com/individuals,"Aflac Tier One, PO Box 14863, Lexington, KY 40512-4863"
TX,77001,N,FEMALE,Bankers Life (Underwritten by Washington National Insurance Company) (Substandard),ATTAINED_AGE,141.17,141.17,,,,,800-446-5018,https://www.bankerslife.com/medicare-supplement-insurance/?src=medicaregov&medium=listing,"11299 Illinois Street, Suite 200, Carmel, IN 46032"
TX,77001,N,FEMALE,Medico Life and Health Insurance Company (Standard I),ATTAINED_AGE,141.5,141.5,,,124.52,124.52,800-228-6080,https://www.gomedico.com/,"P.O. Box 10386 Des Moines, IA 50306-0387"
TX,77001,N,FEMALE,American Benefit Life Insurance Company,ATTAINED_AGE,146.4,146.4,,,131.76,131.76,833-504-0331,https://lbig.com/,"1605 LBJ Freeway, Suite 700 Dallas, Texas 75234"
TX,77001,N,FEMALE,BlueCross BlueShield of Texas,ATTAINED_AGE,160.6,160.6,,,144.54,144.54,312-653-6000,http://www.hcsc.com/,"300 East Randolph Street Chicago, IL  60601-5099"
TX,77001,N,FEMALE,Medico Life and Health Insurance Company (Standard II),ATTAINED_AGE,160.79,160.79,,,141.5,141.5,800-228-6080,https://www.gomedico.com/,"P.O. Box 10386 Des Moines, IA 50306-0387"
TX,77001,N,FEMALE,Humana (Emphesys Insurance Company),ATTAINED_AGE,162.66,162.66,,,142.9,142.9,877-426-1269,https://www.humana.com/medicare/medicare-supplement-plans?kc=0321046030,"P.O. Box 14611 Lexington, KY 40512-4613"
TX,77001,N,FEMALE,Wisconsin Physicians Service Insurance Corporation,ATTAINED_AGE,163.33,163.33,151.9,151.9,,,888-915-5108,https://www.wpshealth.com/,"1717 W. Broadway P.O. Box 8190, Madison, WI 53708-8190"
TX,77001,N,FEMALE,GPM Health and Life Insurance Company,ATTAINED_AGE,168.63,168.63,,,156.83,156.83,866-242-7573,https://www.gpmhealthandlife.com/wps/portal/home/products/medicare-supplement,"2211 N.E. Loop 410 San Antonio, TX 78217-4630"
TX,77001,N,FEMALE,Guarantee Trust Life Insurance Company,ATTAINED_AGE,180.88,180.88,,,168.22,168.22,800-338-7452,https://www.gtlic.com/,"1275 Milwaukee Avenue Glenview, IL 60025"
TX,77001,N,FEMALE,USAA Life Insurance Company,ATTAINED_AGE,183.09,183.09,173.94,173.94,,,800-531-8722,https://www.usaa.com/inet/wc/insurance-health-medicare,"9800 Fredericksburg Rd. San Antonio, TX 78288"
TX,77001,N,FEMALE,Mutual of Omaha (Mutual of Omaha Insurance Company),ATTAINED_AGE,185.98,185.98,,,163.66,163.66,855-977-6312,https://www.mutualofomaha.com/medicaregov/,"3300 Mutual of Omaha Plaza, Omaha, NE 68175"
TX,77001,N,FEMALE,Aetna Health Insurance Company,ATTAINED_AGE,189.01,189.01,175.78,175.78,,,800-358-8749 ,https://www.aetnamedicare.com/,"PO Box 14088 Lexington, KY 40513"
TX,77001,N,FEMALE,AARP - UnitedHealthcare Insurance Company (Standard),COMMUNITY_RATED,190.15,190.15,158.65,158.65,,,888-378-0849,https://www.aarpmedicaresupplement.com/,PO Box 9003; Huntingdon Valley PA 19006
TX,77001,N,FEMALE,HealthSpring Insurance Company (Standard II),ATTAINED_AGE,200.37,200.37,,,,,877-607-6002,https://www.cigna.com/medicare/shop-plans/supplemental/,"PO Box 5700, Scranton PA 18505-5700"
TX,77001,N,FEMALE,United American Insurance Company,ATTAINED_AGE,243,243,,,,,800-331-2512,https://www2.unitedamerican.com/,"3700 S Stonebridge Dr, McKinney, TX 75070"
TX,77001,N,FEMALE,AARP - UnitedHealthcare Insurance Company (Level 2),COMMUNITY_RATED,551.77,551.77,496.39,496.39,,,888-378-0849,https://www.aarpmedicaresupplement.com/,PO Box 9003; Huntingdon Valley PA 19006
TX,77901,G,MALE,Atlantic Capital Life Assurance Company (Preferred),ATTAINED_AGE,130.02,130.02,,,120.92,120.92,866-458-1430,https://bankersfidelity.com/,"4370 Peachtree Road, NE Atlanta, GA  30319"
TX,77901,G,MALE,Texas Farm Bureau Health Plans,ATTAINED_AGE,149.49,149.49,,,,,888-708-0123,https://www.mhinsurance.com/,"323 E James M Campbell Blvd, Columbia, TN 38401"
TX,77901,G,MALE,Nassau Life Insurance Company,ATTAINED_AGE,149.75,149.75,,,,,860-403-5000,https://www.nsre.com/,"One American Row, Hartford, CT  06103"
TX,77901,G,MALE,New Era Life Insurance Company,ATTAINED_AGE,151.57,151.57,,,,,877-417-7555,http://www.neweralife.com/,"P.O. Box 4884, Houston, TX 77210-4884"
TX,77901,G,MALE,Physicians Select Insurance Company (Innovative),ATTAINED_AGE,156.02,156.02,,,138.68,138.68,800-325-6300,https://www.physiciansmutual.com/cs/products/medsup/medsup.html,"2600 Dodge Street, Omaha, Nebraska 68131"
TX,77901,G,MALE,LifeShield National Insurance Company,ATTAINED_AGE,162.41,162.41,,,151.04,151.04,800-851-5041,https://www.lifeshieldnational.com/,"5500 N Western Avenue, Suite 200, Oklahoma City, OK 73118"
TX,77901,G,MALE,Atlantic Capital Life Assurance Company (Standard),ATTAINED_AGE,164.1,164.1,,,152.61,152.61,866-458-1430,https://bankersfidelity.com/,"4370 Peachtree Road, NE Atlanta, GA  30319"
TX,77901,G,MALE,Insurance Company of North America,ATTAINED_AGE,174.75,174.75,,,162.52,162.52,215-640-1000,https://www.chubb.com/microsites/ace-medicare-supplement.html,436 Walnut Street
TX,77901,G,MALE,Old Surety Life Insurance Company,ISSUE_AGE,180.04,180.04,167.44,167.44,167.44,167.44,800-272-5466,http://www.oldsurety.com/,"5201 N Lincoln Blvd, Oklahoma City, OK 73105"
TX,77901,G,MALE,USAA Life Insurance Company,ATTAINED_AGE,180.88,180.88,171.84,171.84,171.84,171.84,800-531-8722,https://www.usaa.com/inet/wc/insurance-health-medicare,"9800 Fredericksburg Rd. San Antonio, TX 78288"
TX,77901,G,MALE,WoodmenLife,ATTAINED_AGE,183.2,183.2,,,164.88,164.88,1-866-236-0029,https://www.woodmenlife.org/insurance/medicare-supplement-insurance/,"1700 Farnam Street, Omaha, NE 68102"
TX,77901,G,MALE,Lumos Insurance,ATTAINED_AGE,183.98,183.98,,,171.1,171.1,800-752-8328,https://www.lumosinsurance.com/life-health,"2701 North Main Street, Crossville, TN 38555"
TX,77901,G,MALE,Wisconsin Physicians Service Insurance Corporation,ATTAINED_AGE,185.36,185.36,172.38,172.38,172.38,172.38,888-915-5108,https://www.wpshealth.com/,"1717 W. Broadway P.O. Box 8190, Madison, WI 53708-8190"
TX,77901,G,MALE,Bankers Life (Underwritten by Washington National Insurance Company),ATTAINED_AGE,186.3,186.3,,,,,800-446-5018,https://www.bankerslife.com/medicare-supplement-insurance/?src=medicaregov&medium=listing,"11299 Illinois Street, Suite 200, Carmel, IN 46032"
TX,77901,G,MALE,AFLAC,ATTAINED_AGE,187.67,187.67,,,168.9,168.9,866-990-2668,https://www.aflac.com/individuals,"Aflac Tier One, PO Box 14863, Lexington, KY 40512-4863"
TX,77901,G,MALE,Physicians Select Insurance Company,ATTAINED_AGE,192.55,192.55,,,171.15,171.15,800-325-6300,https://www.physiciansmutual.com/cs/products/medsup/medsup.html,"2600 Dodge Street, Omaha, Nebraska 68131"
TX,77901,G,MALE,State Farm Mutual Automobile Insurance Company,ATTAINED_AGE,192.95,192.95,,,,,800-782-8332,https://www.statefarm.com/insurance/health/medicare-supplemental,"One State Farm Plaza, Bloomington, IL 61710"
TX,77901,G,MALE,American Benefit Life Insurance Company,ATTAINED_AGE,197.83,197.83,,,178.05,178.05,833-504-0331,https://lbig.com/,"1605 LBJ Freeway, Suite 700 Dallas, Texas 75234"
TX,77901,G,MALE,HealthSpring Insurance Company,ATTAINED_AGE,198.49,198.49,,,,,877-607-6002,https://www.cigna.com/medicare/shop-plans/supplemental/,"PO Box 5700, Scranton PA 18505-5700"
TX,77901,G,MALE,Medico Life and Health Insurance Company (Preferred),ATTAINED_AGE,201.51,201.51,,,177.33,177.33,800-228-6080,https://www.gomedico.com/,"P.O. Box 10386 Des Moines, IA 50306-0387"
TX,77901,G,MALE,BlueCross BlueShield of Texas,ATTAINED_AGE,217.26,217.26,,,195.53,195.53,312-653-6000,http://www.hcsc.com/,"300 East Randolph Street Chicago, IL  60601-5099"
TX,77901,G,MALE,Humana (Emphesys Insurance Company),ATTAINED_AGE,218.92,218.92,,,192.41,192.41,877-426-1269,https://www.humana.com/medicare/medicare-supplement-plans?kc=0321046030,"P.O. Box 14611 Lexington, KY 40512-4613"
TX,77901,G,MALE,Medico Life and Health Insurance Company (Standard I),ATTAINED_AGE,221.66,221.66,,,195.06,195.06,800-228-6080,https://www.gomedico.com/,"P.O. Box 10386 Des Moines, IA 50306-0387"
TX,77901,G,MALE,Bankers Life (Underwritten by Washington National Insurance Company) (Substandard),ATTAINED_AGE,229.75,229.75,,,,,800-446-5018,https://www.bankerslife.com/medicare-supplement-insurance/?src=medicaregov&medium=listing,"11299 Illinois Street, Suite 200, Carmel, IN 46032"
TX,77901,G,MALE,AARP - UnitedHealthcare Insurance Company (Standard),COMMUNITY_RATED,230.71,230.71,192.56,192.56,,,888-378-0849,https://www.aarpmedicaresupplement.com/,PO Box 9003; Huntingdon Valley PA 19006
TX,77901,G,MALE,Aetna Health Insurance Company,ATTAINED_AGE,236.32,236.32,219.78,219.78,219.78,219.78,800-358-8749 ,https://www.aetnamedicare.com/,"PO Box 14088 Lexington, KY 40513"
TX,77901,G,MALE,Mutual of Omaha (Mutual of Omaha Insurance Company),ATTAINED_AGE,247.98,247.98,,,218.22,218.22,855-977-6312,https://www.mutualofomaha.com/medicaregov/,"3300 Mutual of Omaha Plaza, Omaha, NE 68175"
TX,77901,G,MALE,United American Insurance Company,ATTAINED_AGE,251,251,,,,,800-331-2512,https://www2.unitedamerican.com/,"3700 S Stonebridge Dr, McKinney, TX 75070"
TX,77901,G,MALE,Medico Life and Health Insurance Company (Standard II),ATTAINED_AGE,251.88,251.88,,,221.65,221.65,800-228-6080,https://www.gomedico.com/,"P.O. Box 10386 Des Moines, IA 50306-0387"
TX,77901,G,MALE,Guarantee Trust Life Insurance Company,ATTAINED_AGE,253.26,253.26,,,235.53,235.53,800-338-7452,https://www.gtlic.com/,"1275 Milwaukee Avenue Glenview, IL 60025"
TX,77901,G,MALE,GPM Health and Life Insurance Company,ATTAINED_AGE,264.68,264.68,,,246.15,246.15,866-242-7573,https://www.gpmhealthandlife.com/wps/portal/home/products/medicare-supplement,"2211 N.E. Loop 410 San Antonio, TX 78217-4630"
TX,77901,G,MALE,HealthSpring Insurance Company (Standard II),ATTAINED_AGE,297.73,297.73,,,,,877-607-6002,https://www.cigna.com/medicare/shop-plans/supplemental/,"PO Box 5700, Scranton PA 18505-5700"
TX,77901,G,MALE,AARP - UnitedHealthcare Insurance Company (Level 2),COMMUNITY_RATED,707.59,707.59,636.63,636.63,,,888-378-0849,https://www.aarpmedicaresupplement.com/,PO Box 9003; Huntingdon Valley PA 19006
TX,77901,G,FEMALE,Atlantic Capital Life Assurance Company (Preferred),ATTAINED_AGE,113.32,113.32,,,105.39,105.39,866-458-1430,https://bankersfidelity.com/,"4370 Peachtree Road, NE Atlanta, GA  30319"
TX,77901,G,FEMALE,Nassau Life Insurance Company,ATTAINED_AGE,130.28,130.28,,,,,860-403-5000,https://www.nsre.com/,"One American Row, Hartford, CT  06103"
TX,77901,G,FEMALE,Texas Farm Bureau Health Plans,ATTAINED_AGE,133.86,133.86,,,,,888-708-0123,https://www.mhinsurance.com/,"323 E James M Campbell Blvd, Columbia, TN 38401"
TX,77901,G,FEMALE,New Era Life Insurance Company,ATTAINED_AGE,137.79,137.79,,,,,877-417-7555,http://www.neweralife.com/,"P.O. Box 4884, Houston, TX 77210-4884"
TX,77901,G,FEMALE,Physicians Select Insurance Company (Innovative),ATTAINED_AGE,141.15,141.15,,,125.46,125.46,800-325-6300,https://www.physiciansmutual.com/cs/products/medsup/medsup.html,"2600 Dodge Street, Omaha, Nebraska 68131"
TX,77901,G,FEMALE,LifeShield National Insurance Company,ATTAINED_AGE,141.22,141.22,,,131.33,131.33,800-851-5041,https://www.lifeshieldnational.com/,"5500 N Western Avenue, Suite 200, Oklahoma City, OK 73118"
TX,77901,G,FEMALE,Atlantic Capital Life Assurance Company (Standard),ATTAINED_AGE,142.97,142.97,,,132.96,132.96,866-458-1430,https://bankersfidelity.com/,"4370 Peachtree Road, NE Atlanta, GA  30319"
TX,77901,G,FEMALE,Insurance Company of North America,ATTAINED_AGE,154.58,154.58,,,143.76,143.76,215-640-1000,https://www.chubb.com/microsites/ace-medicare-supplement.html,436 Walnut Street
TX,77901,G,FEMALE,WoodmenLife,ATTAINED_AGE,159.3,159.3,,,143.37,143.37,1-866-236-0029,https://www.woodmenlife.org/insurance/medicare-supplement-insurance/,"1700 Farnam Street, Omaha, NE 68102"
TX,77901,G,FEMALE,Old Surety Life Insurance Company,ISSUE_AGE,163.67,163.67,152.21,152.21,,,800-272-5466,http://www.oldsurety.com/,"5201 N Lincoln Blvd, Oklahoma City, OK 73105"
TX,77901,G,FEMALE,AFLAC,ATTAINED_AGE,163.84,163.84,,,147.46,147.46,866-990-2668,https://www.aflac.com/individuals,"Aflac Tier One, PO Box 14863, Lexington, KY 40512-4863"
TX,77901,G,FEMALE,Lumos Insurance,ATTAINED_AGE,167.28,167.28,,,155.57,155.57,800-752-8328,https://www.lumosinsurance.com/life-health,"2701 North Main Street, Crossville, TN 38555"
TX,77901,G,FEMALE,Bankers Life (Underwritten by Washington National Insurance Company),ATTAINED_AGE,167.77,167.77,,,,,800-446-5018,https://www.bankerslife.com/medicare-supplement-insurance/?src=medicaregov&medium=listing,"11299 Illinois Street, Suite 200, Carmel, IN 46032"
TX,77901,G,FEMALE,Wisconsin Physicians Service Insurance Corporation,ATTAINED_AGE,168.5,168.5,156.7,156.7,,,888-915-5108,https://www.wpshealth.com/,"1717 W. Broadway P.O. Box 8190, Madison, WI 53708-8190"
TX,77901,G,FEMALE,American Benefit Life Insurance Company,ATTAINED_AGE,172.03,172.03,,,154.83,154.83,833-504-0331,https://lbig.com/,"1605 LBJ Freeway, Suite 700 Dallas, Texas 75234"
TX,77901,G,FEMALE,HealthSpring Insurance Company,ATTAINED_AGE,172.6,172.6,,,,,877-607-6002,https://www.cigna.com/medicare/shop-plans/supplemental/,"PO Box 5700, Scranton PA 18505-5700"
TX,77901,G,FEMALE,Physicians Select Insurance Company,ATTAINED_AGE,174.21,174.21,,,154.85,154.85,800-325-6300,https://www.physiciansmutual.com/cs/products/medsup/medsup.html,"2600 Dodge Street, Omaha, Nebraska 68131"
TX,77901,G,FEMALE,Medico Life and Health Insurance Company (Preferred),ATTAINED_AGE,175.22,175.22,,,154.19,154.19,800-228-6080,https://www.gomedico.com/,"P.O. Box 10386 Des Moines, IA 50306-0387"
TX,77901,G,FEMALE,USAA Life Insurance Company,ATTAINED_AGE,180.88,180.88,171.84,171.84,,,800-531-8722,https://www.usaa.com/inet/wc/insurance-health-medicare,"9800 Fredericksburg Rd. San Antonio, TX 78288"
TX,77901,G,FEMALE,State Farm Mutual Automobile Insurance Company,ATTAINED_AGE,188.87,188.87,,,,,800-782-8332,https://www.statefarm.com/insurance/health/medicare-supplemental,"One State Farm Plaza, Bloomington, IL 61710"
TX,77901,G,FEMALE,Medico Life and Health Insurance Company (Standard I),ATTAINED_AGE,192.75,192.75,,,169.62,169.62,800-228-6080,https://www.gomedico.com/,"P.O. Box 10386 Des Moines, IA 50306-0387"
TX,77901,G,FEMALE,BlueCross BlueShield of Texas,ATTAINED_AGE,193.95,193.95,,,174.56,174.56,312-653-6000,http://www.hcsc.com/,"300 East Randolph Street Chicago, IL  60601-5099"
TX,77901,G,FEMALE,Humana (Emphesys Insurance Company),ATTAINED_AGE,196.63,196.63,,,172.79,172.79,877-426-1269,https://www.humana.com/medicare/medicare-supplement-plans?kc=0321046030,"P.O. Box 14611 Lexington, KY 40512-4613"
TX,77901,G,FEMALE,AARP - UnitedHealthcare Insurance Company (Standard),COMMUNITY_RATED,204.48,204.48,170.63,170.63,,,888-378-0849,https://www.aarpmedicaresupplement.com/,PO Box 9003; Huntingdon Valley PA 19006
TX,77901,G,FEMALE,Aetna Health Insurance Company,ATTAINED_AGE,205.42,205.42,191.04,191.04,,,800-358-8749 ,https://www.aetnamedicare.com/,"PO Box 14088 Lexington, KY 40513"
TX,77901,G,FEMALE,Bankers Life (Underwritten by Washington National Insurance Company) (Substandard),ATTAINED_AGE,206.88,206.88,,,,,800-446-5018,https://www.bankerslife.com/medicare-supplement-insurance/?src=medicaregov&medium=listing,"11299 Illinois Street, Suite 200, Carmel, IN 46032"
TX,77901,G,FEMALE,Mutual of Omaha (Mutual of Omaha Insurance Company),ATTAINED_AGE,215.65,215.65,,,189.77,189.77,855-977-6312,https://www.mutualofomaha.com/medicaregov/,"3300 Mutual of Omaha Plaza, Omaha, NE 68175"
TX,77901,G,FEMALE,United American Insurance Company,ATTAINED_AGE,218,218,,,,,800-331-2512,https://www2.unitedamerican.com/,"3700 S Stonebridge Dr, McKinney, TX 75070"
TX,77901,G,FEMALE,Medico Life and Health Insurance Company (Standard II),ATTAINED_AGE,219.03,219.03,,,192.75,192.75,800-228-6080,https://www.gomedico.com/,"P.O. Box 10386 Des Moines, IA 50306-0387"
TX,77901,G,FEMALE,Guarantee Trust Life Insurance Company,ATTAINED_AGE,226.13,226.13,,,210.3,210.3,800-338-7452,https://www.gtlic.com/,"1275 Milwaukee Avenue Glenview, IL 60025"
TX,77901,G,FEMALE,GPM Health and Life Insurance Company,ATTAINED_AGE,230.15,230.15,,,214.04,214.04,866-242-7573,https://www.gpmhealthandlife.com/wps/portal/home/products/medicare-supplement,"2211 N.E. Loop 410 San Antonio, TX 78217-4630"
TX,77901,G,FEMALE,HealthSpring Insurance Company (Standard II),ATTAINED_AGE,258.9,258.9,,,,,877-607-6002,https://www.cigna.com/medicare/shop-plans/supplemental/,"PO Box 5700, Scranton PA 18505-5700"
TX,77901,G,FEMALE,AARP - UnitedHealthcare Insurance Company (Level 2),COMMUNITY_RATED,627.61,627.61,564.64,564.64,,,888-378-0849,https://www.aarpmedicaresupplement.com/,PO Box 9003; Huntingdon Valley PA 19006
TX,77901,N,MALE,Atlantic Capital Life Assurance Company (Preferred),ATTAINED_AGE,99.17,99.17,,,92.23,92.23,866-458-1430,https://bankersfidelity.com/,"4370 Peachtree Road, NE Atlanta, GA  30319"
TX,77901,N,MALE,Nassau Life Insurance Company,ATTAINED_AGE,107.39,107.39,,,,,860-403-5000,https://www.nsre.com/,"One American Row, Hartford, CT  06103"
TX,77901,N,MALE,Texas Farm Bureau Health Plans,ATTAINED_AGE,113.34,113.34,,,,,888-708-0123,https://www.mhinsurance.com/,"323 E James M Campbell Blvd, Columbia, TN 38401"
TX,77901,N,MALE,Insurance Company of North America,ATTAINED_AGE,116.33,116.33,,,108.19,108.19,215-640-1000,https://www.chubb.com/microsites/ace-medicare-supplement.html,436 Walnut Street
TX,77901,N,MALE,Bankers Life (Underwritten by Washington National Insurance Company),ATTAINED_AGE,116.94,116.94,,,,,800-446-5018,https://www.bankerslife.com/medicare-supplement-insurance/?src=medicaregov&medium=listing,"11299 Illinois Street, Suite 200, Carmel, IN 46032"
TX,77901,N,MALE,LifeShield National Insurance Company,ATTAINED_AGE,121.04,121.04,,,112.57,112.57,800-851-5041,https://www.lifeshieldnational.com/,"5500 N Western Avenue, Suite 200, Oklahoma City, OK 73118"
TX,77901,N,MALE,Lumos Insurance,ATTAINED_AGE,121.05,121.05,,,112.58,112.58,800-752-8328,https://www.lumosinsurance.com/life-health,"2701 North Main Street, Crossville, TN 38555"
TX,77901,N,MALE,New Era Life Insurance Company,ATTAINED_AGE,122.28,122.28,,,,,877-417-7555,http://www.neweralife.com/,"P.O. Box 4884, Houston, TX 77210-4884"
TX,77901,N,MALE,Atlantic Capital Life Assurance Company (Standard),ATTAINED_AGE,125.08,125.08,,,116.32,116.32,866-458-1430,https://bankersfidelity.com/,"4370 Peachtree Road, NE Atlanta, GA  30319"
TX,77901,N,MALE,WoodmenLife,ATTAINED_AGE,127.58,127.58,,,114.82,114.82,1-866-236-0029,https://www.woodmenlife.org/insurance/medicare-supplement-insurance/,"1700 Farnam Street, Omaha, NE 68102"
TX,77901,N,MALE,AFLAC,ATTAINED_AGE,128.2,128.2,,,115.38,115.38,866-990-2668,https://www.aflac.com/individuals,"Aflac Tier One, PO Box 14863, Lexington, KY 40512-4863"
TX,77901,N,MALE,HealthSpring Insurance Company,ATTAINED_AGE,133.77,133.77,,,,,877-607-6002,https://www.cigna.com/medicare/shop-plans/supplemental/,"PO Box 5700, Scranton PA 18505-5700"
TX,77901,N,MALE,State Farm Mutual Automobile Insurance Company,ATTAINED_AGE,133.79,133.79,,,,,800-782-8332,https://www.statefarm.com/insurance/health/medicare-supplemental,"One State Farm Plaza, Bloomington, IL 61710"
TX,77901,N,MALE,American Benefit Life Insurance Company,ATTAINED_AGE,142.28,142.28,,,128.05,128.05,833-504-0331,https://lbig.com/,"1605 LBJ Freeway, Suite 700 Dallas, Texas 75234"
TX,77901,N,MALE,Bankers Life (Underwritten by Washington National Insurance Company) (Substandard),ATTAINED_AGE,144.14,144.14,,,,,800-446-5018,https://www.bankerslife.com/medicare-supplement-insurance/?src=medicaregov&medium=listing,"11299 Illinois Street, Suite 200, Carmel, IN 46032"
TX,77901,N,MALE,Medico Life and Health Insurance Company (Preferred),ATTAINED_AGE,147.93,147.93,,,130.18,130.18,800-228-6080,https://www.gomedico.com/,"P.O. Box 10386 Des Moines, IA 50306-0387"
TX,77901,N,MALE,USAA Life Insurance Company,ATTAINED_AGE,150.11,150.11,142.6,142.6,142.6,142.6,800-531-8722,https://www.usaa.com/inet/wc/insurance-health-medicare,"9800 Fredericksburg Rd. San Antonio, TX 78288"
TX,77901,N,MALE,Wisconsin Physicians Service Insurance Corporation,ATTAINED_AGE,156.34,156.34,145.4,145.4,145.4,145.4,888-915-5108,https://www.wpshealth.com/,"1717 W. Broadway P.O. Box 8190, Madison, WI 53708-8190"
TX,77901,N,MALE,GPM Health and Life Insurance Company,ATTAINED_AGE,158.97,158.97,,,147.84,147.84,866-242-7573,https://www.gpmhealthandlife.com/wps/portal/home/products/medicare-supplement,"2211 N.E. Loop 410 San Antonio, TX 78217-4630"
TX,77901,N,MALE,Guarantee Trust Life Insurance Company,ATTAINED_AGE,160.82,160.82,,,149.56,149.56,800-338-7452,https://www.gtlic.com/,"1275 Milwaukee Avenue Glenview, IL 60025"
TX,77901,N,MALE,Aetna Health Insurance Company,ATTAINED_AGE,162.27,162.27,150.91,150.91,150.91,150.91,800-358-8749 ,https://www.aetnamedicare.com/,"PO Box 14088 Lexington, KY 40513"
TX,77901,N,MALE,Medico Life and Health Insurance Company (Standard I),ATTAINED_AGE,162.72,162.72,,,143.19,143.19,800-228-6080,https://www.gomedico.com/,"P.O. Box 10386 Des Moines, IA 50306-0387"
TX,77901,N,MALE,Humana (Emphesys Insurance Company),ATTAINED_AGE,163.62,163.62,,,143.75,143.75,877-426-1269,https://www.humana.com/medicare/medicare-supplement-plans?kc=0321046030,"P.O. Box 14611 Lexington, KY 40512-4613"
TX,77901,N,MALE,Mutual of Omaha (Mutual of Omaha Insurance Company),ATTAINED_AGE,173.21,173.21,,,152.42,152.42,855-977-6312,https://www.mutualofomaha.com/medicaregov/,"3300 Mutual of Omaha Plaza, Omaha, NE 68175"
TX,77901,N,MALE,BlueCross BlueShield of Texas,ATTAINED_AGE,176.45,176.45,,,158.8,158.8,312-653-6000,http://www.hcsc.com/,"300 East Randolph Street Chicago, IL  60601-5099"
TX,77901,N,MALE,Medico Life and Health Insurance Company (Standard II),ATTAINED_AGE,184.91,184.91,,,162.72,162.72,800-228-6080,https://www.gomedico.com/,"P.O. Box 10386 Des Moines, IA 50306-0387"
TX,77901,N,MALE,AARP - UnitedHealthcare Insurance Company (Standard),COMMUNITY_RATED,197.77,197.77,165.02,165.02,,,888-378-0849,https://www.aarpmedicaresupplement.com/,PO Box 9003; Huntingdon Valley PA 19006
TX,77901,N,MALE,HealthSpring Insurance Company (Standard II),ATTAINED_AGE,200.66,200.66,,,,,877-607-6002,https://www.cigna.com/medicare/shop-plans/supplemental/,"PO Box 5700, Scranton PA 18505-5700"
TX,77901,N,MALE,United American Insurance Company,ATTAINED_AGE,279,279,,,,,800-331-2512,https://www2.unitedamerican.com/,"3700 S Stonebridge Dr, McKinney, TX 75070"
TX,77901,N,MALE,AARP - UnitedHealthcare Insurance Company (Level 2),COMMUNITY_RATED,573.74,573.74,516.16,516.16,,,888-378-0849,https://www.aarpmedicaresupplement.com/,PO Box 9003; Huntingdon Valley PA 19006
TX,77901,N,FEMALE,Atlantic Capital Life Assurance Company (Preferred),ATTAINED_AGE,86.47,86.47,,,80.42,80.42,866-458-1430,https://bankersfidelity.com/,"4370 Peachtree Road, NE Atlanta, GA  30319"
TX,77901,N,FEMALE,Nassau Life Insurance Company,ATTAINED_AGE,93.43,93.43,,,,,860-403-5000,https://www.nsre.com/,"One American Row, Hartford, CT  06103"
TX,77901,N,FEMALE,Texas Farm Bureau Health Plans,ATTAINED_AGE,101.28,101.28,,,,,888-708-0123,https://www.mhinsurance.com/,"323 E James M Campbell Blvd, Columbia, TN 38401"
TX,77901,N,FEMALE,Insurance Company of North America,ATTAINED_AGE,103,103,,,95.79,95.79,215-640-1000,https://www.chubb.com/microsites/ace-medicare-supplement.html,436 Walnut Street
TX,77901,N,FEMALE,LifeShield National Insurance Company,ATTAINED_AGE,105.25,105.25,,,97.88,97.88,800-851-5041,https://www.lifeshieldnational.com/,"5500 N Western Avenue, Suite 200, Oklahoma City, OK 73118"
TX,77901,N,FEMALE,Bankers Life (Underwritten by Washington National Insurance Company),ATTAINED_AGE,105.35,105.35,,,,,800-446-5018,https://www.bankerslife.com/medicare-supplement-insurance/?src=medicaregov&medium=listing,"11299 Illinois Street, Suite 200, Carmel, IN 46032"
TX,77901,N,FEMALE,New Era Life Insurance Company,ATTAINED_AGE,108.22,108.22,,,,,877-417-7555,http://www.neweralife.com/,"P.O. Box 4884, Houston, TX 77210-4884"
TX,77901,N,FEMALE,Atlantic Capital Life Assurance Company (Standard),ATTAINED_AGE,109.01,109.01,,,101.38,101.38,866-458-1430,https://bankersfidelity.com/,"4370 Peachtree Road, NE Atlanta, GA  30319"
TX,77901,N,FEMALE,Lumos Insurance,ATTAINED_AGE,109.96,109.96,,,102.26,102.26,800-752-8328,https://www.lumosinsurance.com/life-health,"2701 North Main Street, Crossville, TN 38555"
TX,77901,N,FEMALE,WoodmenLife,ATTAINED_AGE,110.95,110.95,,,99.86,99.86,1-866-236-0029,https://www.woodmenlife.org/insurance/medicare-supplement-insurance/,"1700 Farnam Street, Omaha, NE 68102"
TX,77901,N,FEMALE,AFLAC,ATTAINED_AGE,111.92,111.92,,,100.73,100.73,866-990-2668,https://www.aflac.com/individuals,"Aflac Tier One, PO Box 14863, Lexington, KY 40512-4863"
TX,77901,N,FEMALE,HealthSpring Insurance Company,ATTAINED_AGE,116.33,116.33,,,,,877-607-6002,https://www.cigna.com/medicare/shop-plans/supplemental/,"PO Box 5700, Scranton PA 18505-5700"
TX,77901,N,FEMALE,American Benefit Life Insurance Company,ATTAINED_AGE,123.72,123.72,,,111.35,111.35,833-504-0331,https://lbig.com/,"1605 LBJ Freeway, Suite 700 Dallas, Texas 75234"
TX,77901,N,FEMALE,State Farm Mutual Automobile Insurance Company,ATTAINED_AGE,128.44,128.44,,,,,800-782-8332,https://www.statefarm.com/insurance/health/medicare-supplemental,"One State Farm Plaza, Bloomington, IL 61710"
TX,77901,N,FEMALE,Medico Life and Health Insurance Company (Preferred),ATTAINED_AGE,128.63,128.63,,,113.19,113.19,800-228-6080,https://www.gomedico.com/,"P.O. Box 10386 Des Moines, IA 50306-0387"
TX,77901,N,FEMALE,Bankers Life (Underwritten by Washington National Insurance Company) (Substandard),ATTAINED_AGE,129.84,129.84,,,,,800-446-5018,https://www.bankerslife.com/medicare-supplement-insurance/?src=medicaregov&medium=listing,"11299 Illinois Street, Suite 200, Carmel, IN 46032"
TX,77901,N,FEMALE,GPM Health and Life Insurance Company,ATTAINED_AGE,138.23,138.23,,,128.55,128.55,866-242-7573,https://www.gpmhealthandlife.com/wps/portal/home/products/medicare-supplement,"2211 N.E. Loop 410 San Antonio, TX 78217-4630"
TX,77901,N,FEMALE,Aetna Health Insurance Company,ATTAINED_AGE,141.03,141.03,131.16,131.16,,,800-358-8749 ,https://www.aetnamedicare.com/,"PO Box 14088 Lexington, KY 40513"
TX,77901,N,FEMALE,Medico Life and Health Insurance Company (Standard I),ATTAINED_AGE,141.5,141.5,,,124.52,124.52,800-228-6080,https://www.gomedico.com/,"P.O. Box 10386 Des Moines, IA 50306-0387"
TX,77901,N,FEMALE,Wisconsin Physicians Service Insurance Corporation,ATTAINED_AGE,142.13,142.13,132.18,132.18,,,888-915-5108,https://www.wpshealth.com/,"1717 W. Broadway P.O. Box 8190, Madison, WI 53708-8190"
TX,77901,N,FEMALE,Guarantee Trust Life Insurance Company,ATTAINED_AGE,143.59,143.59,,,133.54,133.54,800-338-7452,https://www.gtlic.com/,"1275 Milwaukee Avenue Glenview, IL 60025"
TX,77901,N,FEMALE,Humana (Emphesys Insurance Company),ATTAINED_AGE,146.96,146.96,,,129.08,129.08,877-426-1269,https://www.humana.com/medicare/medicare-supplement-plans?kc=0321046030,"P.O. Box 14611 Lexington, KY 40512-4613"
TX,77901,N,FEMALE,USAA Life Insurance Company,ATTAINED_AGE,150.11,150.11,142.6,142.6,,,800-531-8722,https://www.usaa.com/inet/wc/insurance-health-medicare,"9800 Fredericksburg Rd. San Antonio, TX 78288"
TX,77901,N,FEMALE,Mutual of Omaha (Mutual of Omaha Insurance Company),ATTAINED_AGE,150.63,150.63,,,132.55,132.55,855-977-6312,https://www.mutualofomaha.com/medicaregov/,"3300 Mutual of Omaha Plaza, Omaha, NE 68175"
TX,77901,N,FEMALE,BlueCross BlueShield of Texas,ATTAINED_AGE,157.55,157.55,,,141.8,141.8,312-653-6000,http://www.hcsc.com/,"300 East Randolph Street Chicago, IL  60601-5099"
TX,77901,N,FEMALE,Medico Life and Health Insurance Company (Standard II),ATTAINED_AGE,160.79,160.79,,,141.5,141.5,800-228-6080,https://www.gomedico.com/,"P.O. Box 10386 Des Moines, IA 50306-0387"
TX,77901,N,FEMALE,HealthSpring Insurance Company (Standard II),ATTAINED_AGE,174.49,174.49,,,,,877-607-6002,https://www.cigna.com/medicare/shop-plans/supplemental/,"PO Box 5700, Scranton PA 18505-5700"
TX,77901,N,FEMALE,AARP - UnitedHealthcare Insurance Company (Standard),COMMUNITY_RATED,175.2,175.2,146.15,146.15,,,888-378-0849,https://www.aarpmedicaresupplement.com/,PO Box 9003; Huntingdon Valley PA 19006
TX,77901,N,FEMALE,United American Insurance Company,ATTAINED_AGE,243,243,,,,,800-331-2512,https://www2.unitedamerican.com/,"3700 S Stonebridge Dr, McKinney, TX 75070"
TX,77901,N,FEMALE,AARP - UnitedHealthcare Insurance Company (Level 2),COMMUNITY_RATED,508.69,508.69,457.62,457.62,,,888-378-0849,https://www.aarpmedicaresupplement.com/,PO Box 9003; Huntingdon Valley PA 19006
TX,78201,G,MALE,Atlantic Capital Life Assurance Company (Preferred),ATTAINED_AGE,143.03,143.03,,,133.02,133.02,866-458-1430,https://bankersfidelity.com/,"4370 Peachtree Road, NE Atlanta, GA  30319"
TX,78201,G,MALE,Texas Farm Bureau Health Plans,ATTAINED_AGE,149.49,149.49,,,,,888-708-0123,https://www.mhinsurance.com/,"323 E James M Campbell Blvd, Columbia, TN 38401"
TX,78201,G,MALE,Physicians Select Insurance Company (Innovative),ATTAINED_AGE,156.02,156.02,,,138.68,138.68,800-325-6300,https://www.physiciansmutual.com/cs/products/medsup/medsup.html,"2600 Dodge Street, Omaha, Nebraska 68131"
TX,78201,G,MALE,New Era Life Insurance Company,ATTAINED_AGE,168.24,168.24,,,,,877-417-7555,http://www.neweralife.com/,"P.O. Box 4884, Houston, TX 77210-4884"
TX,78201,G,MALE,Nassau Life Insurance Company,ATTAINED_AGE,170.4,170.4,,,,,860-403-5000,https://www.nsre.com/,"One American Row, Hartford, CT  06103"
TX,78201,G,MALE,Medico Life and Health Insurance Company (Preferred),ATTAINED_AGE,173.47,173.47,,,152.65,152.65,800-228-6080,https://www.gomedico.com/,"P.O. Box 10386 Des Moines, IA 50306-0387"
TX,78201,G,MALE,Old Surety Life Insurance Company,ISSUE_AGE,180.04,180.04,167.44,167.44,167.44,167.44,800-272-5466,http://www.oldsurety.com/,"5201 N Lincoln Blvd, Oklahoma City, OK 73105"
TX,78201,G,MALE,Atlantic Capital Life Assurance Company (Standard),ATTAINED_AGE,180.51,180.51,,,167.87,167.87,866-458-1430,https://bankersfidelity.com/,"4370 Peachtree Road, NE Atlanta, GA  30319"
TX,78201,G,MALE,USAA Life Insurance Company,ATTAINED_AGE,180.88,180.88,171.84,171.84,171.84,171.84,800-531-8722,https://www.usaa.com/inet/wc/insurance-health-medicare,"9800 Fredericksburg Rd. San Antonio, TX 78288"
TX,78201,G,MALE,LifeShield National Insurance Company,ATTAINED_AGE,183.18,183.18,,,170.36,170.36,800-851-5041,https://www.lifeshieldnational.com/,"5500 N Western Avenue, Suite 200, Oklahoma City, OK 73118"
TX,78201,G,MALE,Lumos Insurance,ATTAINED_AGE,183.98,183.98,,,171.1,171.1,800-752-8328,https://www.lumosinsurance.com/life-health,"2701 North Main Street, Crossville, TN 38555"
TX,78201,G,MALE,Wisconsin Physicians Service Insurance Corporation,ATTAINED_AGE,185.36,185.36,172.38,172.38,172.38,172.38,888-915-5108,https://www.wpshealth.com/,"1717 W. Broadway P.O. Box 8190, Madison, WI 53708-8190"
TX,78201,G,MALE,Bankers Life (Underwritten by Washington National Insurance Company),ATTAINED_AGE,186.3,186.3,,,,,800-446-5018,https://www.bankerslife.com/medicare-supplement-insurance/?src=medicaregov&medium=listing,"11299 Illinois Street, Suite 200, Carmel, IN 46032"
TX,78201,G,MALE,Insurance Company of North America,ATTAINED_AGE,187.33,187.33,,,174.22,174.22,215-640-1000,https://www.chubb.com/microsites/ace-medicare-supplement.html,436 Walnut Street
TX,78201,G,MALE,Medico Life and Health Insurance Company (Standard I),ATTAINED_AGE,190.82,190.82,,,167.92,167.92,800-228-6080,https://www.gomedico.com/,"P.O. Box 10386 Des Moines, IA 50306-0387"
TX,78201,G,MALE,Physicians Select Insurance Company,ATTAINED_AGE,192.55,192.55,,,171.15,171.15,800-325-6300,https://www.physiciansmutual.com/cs/products/medsup/medsup.html,"2600 Dodge Street, Omaha, Nebraska 68131"
TX,78201,G,MALE,State Farm Mutual Automobile Insurance Company,ATTAINED_AGE,192.95,192.95,,,,,800-782-8332,https://www.statefarm.com/insurance/health/medicare-supplemental,"One State Farm Plaza, Bloomington, IL 61710"
TX,78201,G,MALE,Humana (Emphesys Insurance Company),ATTAINED_AGE,194.47,194.47,,,170.89,170.89,877-426-1269,https://www.humana.com/medicare/medicare-supplement-plans?kc=0321046030,"P.O. Box 14611 Lexington, KY 40512-4613"
TX,78201,G,MALE,HealthSpring Insurance Company,ATTAINED_AGE,198.49,198.49,,,,,877-607-6002,https://www.cigna.com/medicare/shop-plans/supplemental/,"PO Box 5700, Scranton PA 18505-5700"
TX,78201,G,MALE,WoodmenLife,ATTAINED_AGE,206.36,206.36,,,185.72,185.72,1-866-236-0029,https://www.woodmenlife.org/insurance/medicare-supplement-insurance/,"1700 Farnam Street, Omaha, NE 68102"
TX,78201,G,MALE,American Benefit Life Insurance Company,ATTAINED_AGE,214.43,214.43,,,192.99,192.99,833-504-0331,https://lbig.com/,"1605 LBJ Freeway, Suite 700 Dallas, Texas 75234"
TX,78201,G,MALE,AFLAC,ATTAINED_AGE,215.95,215.95,,,194.36,194.36,866-990-2668,https://www.aflac.com/individuals,"Aflac Tier One, PO Box 14863, Lexington, KY 40512-4863"
TX,78201,G,MALE,Medico Life and Health Insurance Company (Standard II),ATTAINED_AGE,216.84,216.84,,,190.82,190.82,800-228-6080,https://www.gomedico.com/,"P.O. Box 10386 Des Moines, IA 50306-0387"
TX,78201,G,MALE,BlueCross BlueShield of Texas,ATTAINED_AGE,217.26,217.26,,,195.53,195.53,312-653-6000,http://www.hcsc.com/,"300 East Randolph Street Chicago, IL  60601-5099"
TX,78201,G,MALE,Bankers Life (Underwritten by Washington National Insurance Company) (Substandard),ATTAINED_AGE,229.75,229.75,,,,,800-446-5018,https://www.bankerslife.com/medicare-supplement-insurance/?src=medicaregov&medium=listing,"11299 Illinois Street, Suite 200, Carmel, IN 46032"
TX,78201,G,MALE,AARP - UnitedHealthcare Insurance Company (Standard),COMMUNITY_RATED,230.71,230.71,192.56,192.56,,,888-378-0849,https://www.aarpmedicaresupplement.com/,PO Box 9003; Huntingdon Valley PA 19006
TX,78201,G,MALE,Mutual of Omaha (Mutual of Omaha Insurance Company),ATTAINED_AGE,247.98,247.98,,,218.22,218.22,855-977-6312,https://www.mutualofomaha.com/medicaregov/,"3300 Mutual of Omaha Plaza, Omaha, NE 68175"
TX,78201,G,MALE,United American Insurance Company,ATTAINED_AGE,251,251,,,,,800-331-2512,https://www2.unitedamerican.com/,"3700 S Stonebridge Dr, McKinney, TX 75070"
TX,78201,G,MALE,Aetna Health Insurance Company,ATTAINED_AGE,259.98,259.98,241.78,241.78,241.78,241.78,800-358-8749 ,https://www.aetnamedicare.com/,"PO Box 14088 Lexington, KY 40513"
TX,78201,G,MALE,Guarantee Trust Life Insurance Company,ATTAINED_AGE,284.94,284.94,,,264.99,264.99,800-338-7452,https://www.gtlic.com/,"1275 Milwaukee Avenue Glenview, IL 60025"
TX,78201,G,MALE,GPM Health and Life Insurance Company,ATTAINED_AGE,296.44,296.44,,,275.69,275.69,866-242-7573,https://www.gpmhealthandlife.com/wps/portal/home/products/medicare-supplement,"2211 N.E. Loop 410 San Antonio, TX 78217-4630"
TX,78201,G,MALE,HealthSpring Insurance Company (Standard II),ATTAINED_AGE,297.73,297.73,,,,,877-607-6002,https://www.cigna.com/medicare/shop-plans/supplemental/,"PO Box 5700, Scranton PA 18505-5700"
TX,78201,G,MALE,AARP - UnitedHealthcare Insurance Company (Level 2),COMMUNITY_RATED,707.59,707.59,636.63,636.63,,,888-378-0849,https://www.aarpmedicaresupplement.com/,PO Box 9003; Huntingdon Valley PA 19006
TX,78201,G,FEMALE,Atlantic Capital Life Assurance Company (Preferred),ATTAINED_AGE,124.65,124.65,,,115.92,115.92,866-458-1430,https://bankersfidelity.com/,"4370 Peachtree Road, NE Atlanta, GA  30319"
TX,78201,G,FEMALE,Texas Farm Bureau Health Plans,ATTAINED_AGE,133.86,133.86,,,,,888-708-0123,https://www.mhinsurance.com/,"323 E James M Campbell Blvd, Columbia, TN 38401"
TX,78201,G,FEMALE,Physicians Select Insurance Company (Innovative),ATTAINED_AGE,141.15,141.15,,,125.46,125.46,800-325-6300,https://www.physiciansmutual.com/cs/products/medsup/medsup.html,"2600 Dodge Street, Omaha, Nebraska 68131"
TX,78201,G,FEMALE,Nassau Life Insurance Company,ATTAINED_AGE,148.25,148.25,,,,,860-403-5000,https://www.nsre.com/,"One American Row, Hartford, CT  06103"
TX,78201,G,FEMALE,Medico Life and Health Insurance Company (Preferred),ATTAINED_AGE,150.84,150.84,,,132.74,132.74,800-228-6080,https://www.gomedico.com/,"P.O. Box 10386 Des Moines, IA 50306-0387"
TX,78201,G,FEMALE,New Era Life Insurance Company,ATTAINED_AGE,152.95,152.95,,,,,877-417-7555,http://www.neweralife.com/,"P.O. Box 4884, Houston, TX 77210-4884"
TX,78201,G,FEMALE,Atlantic Capital Life Assurance Company (Standard),ATTAINED_AGE,157.26,157.26,,,146.25,146.25,866-458-1430,https://bankersfidelity.com/,"4370 Peachtree Road, NE Atlanta, GA  30319"
TX,78201,G,FEMALE,LifeShield National Insurance Company,ATTAINED_AGE,159.29,159.29,,,148.14,148.14,800-851-5041,https://www.lifeshieldnational.com/,"5500 N Western Avenue, Suite 200, Oklahoma City, OK 73118"
TX,78201,G,FEMALE,Old Surety Life Insurance Company,ISSUE_AGE,163.67,163.67,152.21,152.21,,,800-272-5466,http://www.oldsurety.com/,"5201 N Lincoln Blvd, Oklahoma City, OK 73105"
TX,78201,G,FEMALE,Insurance Company of North America,ATTAINED_AGE,165.75,165.75,,,154.15,154.15,215-640-1000,https://www.chubb.com/microsites/ace-medicare-supplement.html,436 Walnut Street
TX,78201,G,FEMALE,Medico Life and Health Insurance Company (Standard I),ATTAINED_AGE,165.93,165.93,,,146.02,146.02,800-228-6080,https://www.gomedico.com/,"P.O. Box 10386 Des Moines, IA 50306-0387"
TX,78201,G,FEMALE,Lumos Insurance,ATTAINED_AGE,167.28,167.28,,,155.57,155.57,800-752-8328,https://www.lumosinsurance.com/life-health,"2701 North Main Street, Crossville, TN 38555"
TX,78201,G,FEMALE,Bankers Life (Underwritten by Washington National Insurance Company),ATTAINED_AGE,167.77,167.77,,,,,800-446-5018,https://www.bankerslife.com/medicare-supplement-insurance/?src=medicaregov&medium=listing,"11299 Illinois Street, Suite 200, Carmel, IN 46032"
TX,78201,G,FEMALE,Wisconsin Physicians Service Insurance Corporation,ATTAINED_AGE,168.5,168.5,156.7,156.7,,,888-915-5108,https://www.wpshealth.com/,"1717 W. Broadway P.O. Box 8190, Madison, WI 53708-8190"
TX,78201,G,FEMALE,HealthSpring Insurance Company,ATTAINED_AGE,172.6,172.6,,,,,877-607-6002,https://www.cigna.com/medicare/shop-plans/supplemental/,"PO Box 5700, Scranton PA 18505-5700"
TX,78201,G,FEMALE,Physicians Select Insurance Company,ATTAINED_AGE,174.21,174.21,,,154.85,154.85,800-325-6300,https://www.physiciansmutual.com/cs/products/medsup/medsup.html,"2600 Dodge Street, Omaha, Nebraska 68131"
TX,78201,G,FEMALE,Humana (Emphesys Insurance Company),ATTAINED_AGE,174.67,174.67,,,153.47,153.47,877-426-1269,https://www.humana.com/medicare/medicare-supplement-plans?kc=0321046030,"P.O. Box 14611 Lexington, KY 40512-4613"
TX,78201,G,FEMALE,WoodmenLife,ATTAINED_AGE,179.44,179.44,,,161.5,161.5,1-866-236-0029,https://www.woodmenlife.org/insurance/medicare-supplement-insurance/,"1700 Farnam Street, Omaha, NE 68102"
TX,78201,G,FEMALE,USAA Life Insurance Company,ATTAINED_AGE,180.88,180.88,171.84,171.84,,,800-531-8722,https://www.usaa.com/inet/wc/insurance-health-medicare,"9800 Fredericksburg Rd. San Antonio, TX 78288"
TX,78201,G,FEMALE,American Benefit Life Insurance Company,ATTAINED_AGE,186.47,186.47,,,167.82,167.82,833-504-0331,https://lbig.com/,"1605 LBJ Freeway, Suite 700 Dallas, Texas 75234"
TX,78201,G,FEMALE,AFLAC,ATTAINED_AGE,188.52,188.52,,,169.67,169.67,866-990-2668,https://www.aflac.com/individuals,"Aflac Tier One, PO Box 14863, Lexington, KY 40512-4863"
TX,78201,G,FEMALE,Medico Life and Health Insurance Company (Standard II),ATTAINED_AGE,188.56,188.56,,,165.93,165.93,800-228-6080,https://www.gomedico.com/,"P.O. Box 10386 Des Moines, IA 50306-0387"
TX,78201,G,FEMALE,State Farm Mutual Automobile Insurance Company,ATTAINED_AGE,188.87,188.87,,,,,800-782-8332,https://www.statefarm.com/insurance/health/medicare-supplemental,"One State Farm Plaza, Bloomington, IL 61710"
TX,78201,G,FEMALE,BlueCross BlueShield of Texas,ATTAINED_AGE,193.95,193.95,,,174.56,174.56,312-653-6000,http://www.hcsc.com/,"300 East Randolph Street Chicago, IL  60601-5099"
TX,78201,G,FEMALE,AARP - UnitedHealthcare Insurance Company (Standard),COMMUNITY_RATED,204.48,204.48,170.63,170.63,,,888-378-0849,https://www.aarpmedicaresupplement.com/,PO Box 9003; Huntingdon Valley PA 19006
TX,78201,G,FEMALE,Bankers Life (Underwritten by Washington National Insurance Company) (Substandard),ATTAINED_AGE,206.88,206.88,,,,,800-446-5018,https://www.bankerslife.com/medicare-supplement-insurance/?src=medicaregov&medium=listing,"11299 Illinois Street, Suite 200, Carmel, IN 46032"
TX,78201,G,FEMALE,Mutual of Omaha (Mutual of Omaha Insurance Company),ATTAINED_AGE,215.65,215.65,,,189.77,189.77,855-977-6312,https://www.mutualofomaha.com/medicaregov/,"3300 Mutual of Omaha Plaza, Omaha, NE 68175"
TX,78201,G,FEMALE,United American Insurance Company,ATTAINED_AGE,218,218,,,,,800-331-2512,https://www2.unitedamerican.com/,"3700 S Stonebridge Dr, McKinney, TX 75070"
TX,78201,G,FEMALE,Aetna Health Insurance Company,ATTAINED_AGE,225.99,225.99,210.17,210.17,,,800-358-8749 ,https://www.aetnamedicare.com/,"PO Box 14088 Lexington, KY 40513"
TX,78201,G,FEMALE,Guarantee Trust Life Insurance Company,ATTAINED_AGE,254.41,254.41,,,236.6,236.6,800-338-7452,https://www.gtlic.com/,"1275 Milwaukee Avenue Glenview, IL 60025"
TX,78201,G,FEMALE,GPM Health and Life Insurance Company,ATTAINED_AGE,257.77,257.77,,,239.73,239.73,866-242-7573,https://www.gpmhealthandlife.com/wps/portal/home/products/medicare-supplement,"2211 N.E. Loop 410 San Antonio, TX 78217-4630"
TX,78201,G,FEMALE,HealthSpring Insurance Company (Standard II),ATTAINED_AGE,258.9,258.9,,,,,877-607-6002,https://www.cigna.com/medicare/shop-plans/supplemental/,"PO Box 5700, Scranton PA 18505-5700"
TX,78201,G,FEMALE,AARP - UnitedHealthcare Insurance Company (Level 2),COMMUNITY_RATED,627.61,627.61,564.64,564.64,,,888-378-0849,https://www.aarpmedicaresupplement.com/,PO Box 9003; Huntingdon Valley PA 19006
TX,78201,N,MALE,Atlantic Capital Life Assurance Company (Preferred),ATTAINED_AGE,109.08,109.08,,,101.44,101.44,866-458-1430,https://bankersfidelity.com/,"4370 Peachtree Road, NE Atlanta, GA  30319"
TX,78201,N,MALE,Texas Farm Bureau Health Plans,ATTAINED_AGE,113.34,113.34,,,,,888-708-0123,https://www.mhinsurance.com/,"323 E James M Campbell Blvd, Columbia, TN 38401"
TX,78201,N,MALE,Bankers Life (Underwritten by Washington National Insurance Company),ATTAINED_AGE,116.94,116.94,,,,,800-446-5018,https://www.bankerslife.com/medicare-supplement-insurance/?src=medicaregov&medium=listing,"11299 Illinois Street, Suite 200, Carmel, IN 46032"
TX,78201,N,MALE,Lumos Insurance,ATTAINED_AGE,121.05,121.05,,,112.58,112.58,800-752-8328,https://www.lumosinsurance.com/life-health,"2701 North Main Street, Crossville, TN 38555"
TX,78201,N,MALE,Nassau Life Insurance Company,ATTAINED_AGE,122.2,122.2,,,,,860-403-5000,https://www.nsre.com/,"One American Row, Hartford, CT  06103"
TX,78201,N,MALE,Insurance Company of North America,ATTAINED_AGE,124.75,124.75,,,116.02,116.02,215-640-1000,https://www.chubb.com/microsites/ace-medicare-supplement.html,436 Walnut Street
TX,78201,N,MALE,Medico Life and Health Insurance Company (Preferred),ATTAINED_AGE,127.35,127.35,,,112.07,112.07,800-228-6080,https://www.gomedico.com/,"P.O. Box 10386 Des Moines, IA 50306-0387"
TX,78201,N,MALE,HealthSpring Insurance Company,ATTAINED_AGE,133.77,133.77,,,,,877-607-6002,https://www.cigna.com/medicare/shop-plans/supplemental/,"PO Box 5700, Scranton PA 18505-5700"
TX,78201,N,MALE,State Farm Mutual Automobile Insurance Company,ATTAINED_AGE,133.79,133.79,,,,,800-782-8332,https://www.statefarm.com/insurance/health/medicare-supplemental,"One State Farm Plaza, Bloomington, IL 61710"
TX,78201,N,MALE,New Era Life Insurance Company,ATTAINED_AGE,135.73,135.73,,,,,877-417-7555,http://www.neweralife.com/,"P.O. Box 4884, Houston, TX 77210-4884"
TX,78201,N,MALE,LifeShield National Insurance Company,ATTAINED_AGE,136.52,136.52,,,126.96,126.96,800-851-5041,https://www.lifeshieldnational.com/,"5500 N Western Avenue, Suite 200, Oklahoma City, OK 73118"
TX,78201,N,MALE,Atlantic Capital Life Assurance Company (Standard),ATTAINED_AGE,137.59,137.59,,,127.96,127.96,866-458-1430,https://bankersfidelity.com/,"4370 Peachtree Road, NE Atlanta, GA  30319"
TX,78201,N,MALE,Medico Life and Health Insurance Company (Standard I),ATTAINED_AGE,140.08,140.08,,,123.27,123.27,800-228-6080,https://www.gomedico.com/,"P.O. Box 10386 Des Moines, IA 50306-0387"
TX,78201,N,MALE,WoodmenLife,ATTAINED_AGE,143.71,143.71,,,129.34,129.34,1-866-236-0029,https://www.woodmenlife.org/insurance/medicare-supplement-insurance/,"1700 Farnam Street, Omaha, NE 68102"
TX,78201,N,MALE,Bankers Life (Underwritten by Washington National Insurance Company) (Substandard),ATTAINED_AGE,144.14,144.14,,,,,800-446-5018,https://www.bankerslife.com/medicare-supplement-insurance/?src=medicaregov&medium=listing,"11299 Illinois Street, Suite 200, Carmel, IN 46032"
TX,78201,N,MALE,Humana (Emphesys Insurance Company),ATTAINED_AGE,145.35,145.35,,,127.67,127.67,877-426-1269,https://www.humana.com/medicare/medicare-supplement-plans?kc=0321046030,"P.O. Box 14611 Lexington, KY 40512-4613"
TX,78201,N,MALE,AFLAC,ATTAINED_AGE,147.51,147.51,,,132.76,132.76,866-990-2668,https://www.aflac.com/individuals,"Aflac Tier One, PO Box 14863, Lexington, KY 40512-4863"
TX,78201,N,MALE,USAA Life Insurance Company,ATTAINED_AGE,150.11,150.11,142.6,142.6,142.6,142.6,800-531-8722,https://www.usaa.com/inet/wc/insurance-health-medicare,"9800 Fredericksburg Rd. San Antonio, TX 78288"
TX,78201,N,MALE,American Benefit Life Insurance Company,ATTAINED_AGE,154.21,154.21,,,138.79,138.79,833-504-0331,https://lbig.com/,"1605 LBJ Freeway, Suite 700 Dallas, Texas 75234"
TX,78201,N,MALE,Wisconsin Physicians Service Insurance Corporation,ATTAINED_AGE,156.34,156.34,145.4,145.4,145.4,145.4,888-915-5108,https://www.wpshealth.com/,"1717 W. Broadway P.O. Box 8190, Madison, WI 53708-8190"
TX,78201,N,MALE,Medico Life and Health Insurance Company (Standard II),ATTAINED_AGE,159.19,159.19,,,140.09,140.09,800-228-6080,https://www.gomedico.com/,"P.O. Box 10386 Des Moines, IA 50306-0387"
TX,78201,N,MALE,Mutual of Omaha (Mutual of Omaha Insurance Company),ATTAINED_AGE,173.21,173.21,,,152.42,152.42,855-977-6312,https://www.mutualofomaha.com/medicaregov/,"3300 Mutual of Omaha Plaza, Omaha, NE 68175"
TX,78201,N,MALE,BlueCross BlueShield of Texas,ATTAINED_AGE,176.45,176.45,,,158.8,158.8,312-653-6000,http://www.hcsc.com/,"300 East Randolph Street Chicago, IL  60601-5099"
TX,78201,N,MALE,GPM Health and Life Insurance Company,ATTAINED_AGE,178.05,178.05,,,165.59,165.59,866-242-7573,https://www.gpmhealthandlife.com/wps/portal/home/products/medicare-supplement,"2211 N.E. Loop 410 San Antonio, TX 78217-4630"
TX,78201,N,MALE,Aetna Health Insurance Company,ATTAINED_AGE,178.51,178.51,166.01,166.01,166.01,166.01,800-358-8749 ,https://www.aetnamedicare.com/,"PO Box 14088 Lexington, KY 40513"
TX,78201,N,MALE,Guarantee Trust Life Insurance Company,ATTAINED_AGE,180.93,180.93,,,168.26,168.26,800-338-7452,https://www.gtlic.com/,"1275 Milwaukee Avenue Glenview, IL 60025"
TX,78201,N,MALE,AARP - UnitedHealthcare Insurance Company (Standard),COMMUNITY_RATED,197.77,197.77,165.02,165.02,,,888-378-0849,https://www.aarpmedicaresupplement.com/,PO Box 9003; Huntingdon Valley PA 19006
TX,78201,N,MALE,HealthSpring Insurance Company (Standard II),ATTAINED_AGE,200.66,200.66,,,,,877-607-6002,https://www.cigna.com/medicare/shop-plans/supplemental/,"PO Box 5700, Scranton PA 18505-5700"
TX,78201,N,MALE,United American Insurance Company,ATTAINED_AGE,279,279,,,,,800-331-2512,https://www2.unitedamerican.com/,"3700 S Stonebridge Dr, McKinney, TX 75070"
TX,78201,N,MALE,AARP - UnitedHealthcare Insurance Company (Level 2),COMMUNITY_RATED,573.74,573.74,516.16,516.16,,,888-378-0849,https://www.aarpmedicaresupplement.com/,PO Box 9003; Huntingdon Valley PA 19006
TX,78201,N,FEMALE,Atlantic Capital Life Assurance Company (Preferred),ATTAINED_AGE,95.11,95.11,,,88.45,88.45,866-458-1430,https://bankersfidelity.com/,"4370 Peachtree Road, NE Atlanta, GA  30319"
TX,78201,N,FEMALE,Texas Farm Bureau Health Plans,ATTAINED_AGE,101.28,101.28,,,,,888-708-0123,https://www.mhinsurance.com/,"323 E James M Campbell Blvd, Columbia, TN 38401"
TX,78201,N,FEMALE,Bankers Life (Underwritten by Washington National Insurance Company),ATTAINED_AGE,105.35,105.35,,,,,800-446-5018,https://www.bankerslife.com/medicare-supplement-insurance/?src=medicaregov&medium=listing,"11299 Illinois Street, Suite 200, Carmel, IN 46032"
TX,78201,N,FEMALE,Nassau Life Insurance Company,ATTAINED_AGE,106.32,106.32,,,,,860-403-5000,https://www.nsre.com/,"One American Row, Hartford, CT  06103"
TX,78201,N,FEMALE,Lumos Insurance,ATTAINED_AGE,109.96,109.96,,,102.26,102.26,800-752-8328,https://www.lumosinsurance.com/life-health,"2701 North Main Street, Crossville, TN 38555"
TX,78201,N,FEMALE,Insurance Company of North America,ATTAINED_AGE,110.42,110.42,,,102.69,102.69,215-640-1000,https://www.chubb.com/microsites/ace-medicare-supplement.html,436 Walnut Street
TX,78201,N,FEMALE,Medico Life and Health Insurance Company (Preferred),ATTAINED_AGE,110.74,110.74,,,97.45,97.45,800-228-6080,https://www.gomedico.com/,"P.O. Box 10386 Des Moines, IA 50306-0387"
TX,78201,N,FEMALE,HealthSpring Insurance Company,ATTAINED_AGE,116.33,116.33,,,,,877-607-6002,https://www.cigna.com/medicare/shop-plans/supplemental/,"PO Box 5700, Scranton PA 18505-5700"
TX,78201,N,FEMALE,LifeShield National Insurance Company,ATTAINED_AGE,118.72,118.72,,,110.41,110.41,800-851-5041,https://www.lifeshieldnational.com/,"5500 N Western Avenue, Suite 200, Oklahoma City, OK 73118"
TX,78201,N,FEMALE,Atlantic Capital Life Assurance Company (Standard),ATTAINED_AGE,119.92,119.92,,,111.53,111.53,866-458-1430,https://bankersfidelity.com/,"4370 Peachtree Road, NE Atlanta, GA  30319"
TX,78201,N,FEMALE,New Era Life Insurance Company,ATTAINED_AGE,120.12,120.12,,,,,877-417-7555,http://www.neweralife.com/,"P.O. Box 4884, Houston, TX 77210-4884"
TX,78201,N,FEMALE,Medico Life and Health Insurance Company (Standard I),ATTAINED_AGE,121.81,121.81,,,107.19,107.19,800-228-6080,https://www.gomedico.com/,"P.O. Box 10386 Des Moines, IA 50306-0387"
TX,78201,N,FEMALE,WoodmenLife,ATTAINED_AGE,124.97,124.97,,,112.47,112.47,1-866-236-0029,https://www.woodmenlife.org/insurance/medicare-supplement-insurance/,"1700 Farnam Street, Omaha, NE 68102"
TX,78201,N,FEMALE,State Farm Mutual Automobile Insurance Company,ATTAINED_AGE,128.44,128.44,,,,,800-782-8332,https://www.statefarm.com/insurance/health/medicare-supplemental,"One State Farm Plaza, Bloomington, IL 61710"
TX,78201,N,FEMALE,AFLAC,ATTAINED_AGE,128.78,128.78,,,115.9,115.9,866-990-2668,https://www.aflac.com/individuals,"Aflac Tier One, PO Box 14863, Lexington, KY 40512-4863"
TX,78201,N,FEMALE,Bankers Life (Underwritten by Washington National Insurance Company) (Substandard),ATTAINED_AGE,129.84,129.84,,,,,800-446-5018,https://www.bankerslife.com/medicare-supplement-insurance/?src=medicaregov&medium=listing,"11299 Illinois Street, Suite 200, Carmel, IN 46032"
TX,78201,N,FEMALE,Humana (Emphesys Insurance Company),ATTAINED_AGE,130.55,130.55,,,114.64,114.64,877-426-1269,https://www.humana.com/medicare/medicare-supplement-plans?kc=0321046030,"P.O. Box 14611 Lexington, KY 40512-4613"
TX,78201,N,FEMALE,American Benefit Life Insurance Company,ATTAINED_AGE,134.1,134.1,,,120.69,120.69,833-504-0331,https://lbig.com/,"1605 LBJ Freeway, Suite 700 Dallas, Texas 75234"
TX,78201,N,FEMALE,Medico Life and Health Insurance Company (Standard II),ATTAINED_AGE,138.42,138.42,,,121.81,121.81,800-228-6080,https://www.gomedico.com/,"P.O. Box 10386 Des Moines, IA 50306-0387"
TX,78201,N,FEMALE,Wisconsin Physicians Service Insurance Corporation,ATTAINED_AGE,142.13,142.13,132.18,132.18,,,888-915-5108,https://www.wpshealth.com/,"1717 W. Broadway P.O. Box 8190, Madison, WI 53708-8190"
TX,78201,N,FEMALE,USAA Life Insurance Company,ATTAINED_AGE,150.11,150.11,142.6,142.6,,,800-531-8722,https://www.usaa.com/inet/wc/insurance-health-medicare,"9800 Fredericksburg Rd. San Antonio, TX 78288"
TX,78201,N,FEMALE,Mutual of Omaha (Mutual of Omaha Insurance Company),ATTAINED_AGE,150.63,150.63,,,132.55,132.55,855-977-6312,https://www.mutualofomaha.com/medicaregov/,"3300 Mutual of Omaha Plaza, Omaha, NE 68175"
TX,78201,N,FEMALE,GPM Health and Life Insurance Company,ATTAINED_AGE,154.81,154.81,,,143.97,143.97,866-242-7573,https://www.gpmhealthandlife.com/wps/portal/home/products/medicare-supplement,"2211 N.E. Loop 410 San Antonio, TX 78217-4630"
TX,78201,N,FEMALE,Aetna Health Insurance Company,ATTAINED_AGE,155.1,155.1,144.24,144.24,,,800-358-8749 ,https://www.aetnamedicare.com/,"PO Box 14088 Lexington, KY 40513"
TX,78201,N,FEMALE,BlueCross BlueShield of Texas,ATTAINED_AGE,157.55,157.55,,,141.8,141.8,312-653-6000,http://www.hcsc.com/,"300 East Randolph Street Chicago, IL  60601-5099"
TX,78201,N,FEMALE,Guarantee Trust Life Insurance Company,ATTAINED_AGE,161.55,161.55,,,150.24,150.24,800-338-7452,https://www.gtlic.com/,"1275 Milwaukee Avenue Glenview, IL 60025"
TX,78201,N,FEMALE,HealthSpring Insurance Company (Standard II),ATTAINED_AGE,174.49,174.49,,,,,877-607-6002,https://www.cigna.com/medicare/shop-plans/supplemental/,"PO Box 5700, Scranton PA 18505-5700"
TX,78201,N,FEMALE,AARP - UnitedHealthcare Insurance Company (Standard),COMMUNITY_RATED,175.2,175.2,146.15,146.15,,,888-378-0849,https://www.aarpmedicaresupplement.com/,PO Box 9003; Huntingdon Valley PA 19006
TX,78201,N,FEMALE,United American Insurance Company,ATTAINED_AGE,243,243,,,,,800-331-2512,https://www2.unitedamerican.com/,"3700 S Stonebridge Dr, McKinney, TX 75070"
TX,78201,N,FEMALE,AARP - UnitedHealthcare Insurance Company (Level 2),COMMUNITY_RATED,508.69,508.69,457.62,457.62,,,888-378-0849,https://www.aarpmedicaresupplement.com/,PO Box 9003; Huntingdon Valley PA 19006
TX,78401,G,MALE,Atlantic Capital Life Assurance Company (Preferred),ATTAINED_AGE,143.03,143.03,,,133.02,133.02,866-458-1430,https://bankersfidelity.com/,"4370 Peachtree Road, NE Atlanta, GA  30319"
TX,78401,G,MALE,New Era Life Insurance Company,ATTAINED_AGE,151.57,151.57,,,,,877-417-7555,http://www.neweralife.com/,"P.O. Box 4884, Houston, TX 77210-4884"
TX,78401,G,MALE,Texas Farm Bureau Health Plans,ATTAINED_AGE,157,157,,,,,888-708-0123,https://www.mhinsurance.com/,"323 E James M Campbell Blvd, Columbia, TN 38401"
TX,78401,G,MALE,Physicians Select Insurance Company (Innovative),ATTAINED_AGE,164.23,164.23,,,145.98,145.98,800-325-6300,https://www.physiciansmutual.com/cs/products/medsup/medsup.html,"2600 Dodge Street, Omaha, Nebraska 68131"
TX,78401,G,MALE,Nassau Life Insurance Company,ATTAINED_AGE,170.4,170.4,,,,,860-403-5000,https://www.nsre.com/,"One American Row, Hartford, CT  06103"
TX,78401,G,MALE,Medico Life and Health Insurance Company (Preferred),ATTAINED_AGE,173.47,173.47,,,152.65,152.65,800-228-6080,https://www.gomedico.com/,"P.O. Box 10386 Des Moines, IA 50306-0387"
TX,78401,G,MALE,Old Surety Life Insurance Company,ISSUE_AGE,180.04,180.04,167.44,167.44,167.44,167.44,800-272-5466,http://www.oldsurety.com/,"5201 N Lincoln Blvd, Oklahoma City, OK 73105"
TX,78401,G,MALE,Atlantic Capital Life Assurance Company (Standard),ATTAINED_AGE,180.51,180.51,,,167.87,167.87,866-458-1430,https://bankersfidelity.com/,"4370 Peachtree Road, NE Atlanta, GA  30319"
TX,78401,G,MALE,USAA Life Insurance Company,ATTAINED_AGE,180.88,180.88,171.84,171.84,171.84,171.84,800-531-8722,https://www.usaa.com/inet/wc/insurance-health-medicare,"9800 Fredericksburg Rd. San Antonio, TX 78288"
TX,78401,G,MALE,LifeShield National Insurance Company,ATTAINED_AGE,183.18,183.18,,,170.36,170.36,800-851-5041,https://www.lifeshieldnational.com/,"5500 N Western Avenue, Suite 200, Oklahoma City, OK 73118"
TX,78401,G,MALE,Wisconsin Physicians Service Insurance Corporation,ATTAINED_AGE,185.36,185.36,172.38,172.38,172.38,172.38,888-915-5108,https://www.wpshealth.com/,"1717 W. Broadway P.O. Box 8190, Madison, WI 53708-8190"
TX,78401,G,MALE,Bankers Life (Underwritten by Washington National Insurance Company),ATTAINED_AGE,186.3,186.3,,,,,800-446-5018,https://www.bankerslife.com/medicare-supplement-insurance/?src=medicaregov&medium=listing,"11299 Illinois Street, Suite 200, Carmel, IN 46032"
TX,78401,G,MALE,HealthSpring Insurance Company,ATTAINED_AGE,187.09,187.09,,,,,877-607-6002,https://www.cigna.com/medicare/shop-plans/supplemental/,"PO Box 5700, Scranton PA 18505-5700"
TX,78401,G,MALE,Insurance Company of North America,ATTAINED_AGE,187.33,187.33,,,174.22,174.22,215-640-1000,https://www.chubb.com/microsites/ace-medicare-supplement.html,436 Walnut Street
TX,78401,G,MALE,Medico Life and Health Insurance Company (Standard I),ATTAINED_AGE,190.82,190.82,,,167.92,167.92,800-228-6080,https://www.gomedico.com/,"P.O. Box 10386 Des Moines, IA 50306-0387"
TX,78401,G,MALE,State Farm Mutual Automobile Insurance Company,ATTAINED_AGE,192.95,192.95,,,,,800-782-8332,https://www.statefarm.com/insurance/health/medicare-supplemental,"One State Farm Plaza, Bloomington, IL 61710"
TX,78401,G,MALE,Physicians Select Insurance Company,ATTAINED_AGE,202.69,202.69,,,180.17,180.17,800-325-6300,https://www.physiciansmutual.com/cs/products/medsup/medsup.html,"2600 Dodge Street, Omaha, Nebraska 68131"
TX,78401,G,MALE,WoodmenLife,ATTAINED_AGE,206.36,206.36,,,185.72,185.72,1-866-236-0029,https://www.woodmenlife.org/insurance/medicare-supplement-insurance/,"1700 Farnam Street, Omaha, NE 68102"
TX,78401,G,MALE,AFLAC,ATTAINED_AGE,206.65,206.65,,,185.98,185.98,866-990-2668,https://www.aflac.com/individuals,"Aflac Tier One, PO Box 14863, Lexington, KY 40512-4863"
TX,78401,G,MALE,Lumos Insurance,ATTAINED_AGE,213.03,213.03,,,198.12,198.12,800-752-8328,https://www.lumosinsurance.com/life-health,"2701 North Main Street, Crossville, TN 38555"
TX,78401,G,MALE,American Benefit Life Insurance Company,ATTAINED_AGE,214.43,214.43,,,192.99,192.99,833-504-0331,https://lbig.com/,"1605 LBJ Freeway, Suite 700 Dallas, Texas 75234"
TX,78401,G,MALE,Medico Life and Health Insurance Company (Standard II),ATTAINED_AGE,216.84,216.84,,,190.82,190.82,800-228-6080,https://www.gomedico.com/,"P.O. Box 10386 Des Moines, IA 50306-0387"
TX,78401,G,MALE,BlueCross BlueShield of Texas,ATTAINED_AGE,217.26,217.26,,,195.53,195.53,312-653-6000,http://www.hcsc.com/,"300 East Randolph Street Chicago, IL  60601-5099"
TX,78401,G,MALE,Humana (Emphesys Insurance Company),ATTAINED_AGE,218.92,218.92,,,192.41,192.41,877-426-1269,https://www.humana.com/medicare/medicare-supplement-plans?kc=0321046030,"P.O. Box 14611 Lexington, KY 40512-4613"
TX,78401,G,MALE,Bankers Life (Underwritten by Washington National Insurance Company) (Substandard),ATTAINED_AGE,229.75,229.75,,,,,800-446-5018,https://www.bankerslife.com/medicare-supplement-insurance/?src=medicaregov&medium=listing,"11299 Illinois Street, Suite 200, Carmel, IN 46032"
TX,78401,G,MALE,AARP - UnitedHealthcare Insurance Company (Standard),COMMUNITY_RATED,230.71,230.71,192.56,192.56,,,888-378-0849,https://www.aarpmedicaresupplement.com/,PO Box 9003; Huntingdon Valley PA 19006
TX,78401,G,MALE,Mutual of Omaha (Mutual of Omaha Insurance Company),ATTAINED_AGE,247.98,247.98,,,218.22,218.22,855-977-6312,https://www.mutualofomaha.com/medicaregov/,"3300 Mutual of Omaha Plaza, Omaha, NE 68175"
TX,78401,G,MALE,United American Insurance Company,ATTAINED_AGE,251,251,,,,,800-331-2512,https://www2.unitedamerican.com/,"3700 S Stonebridge Dr, McKinney, TX 75070"
TX,78401,G,MALE,Aetna Health Insurance Company,ATTAINED_AGE,259.98,259.98,241.78,241.78,241.78,241.78,800-358-8749 ,https://www.aetnamedicare.com/,"PO Box 14088 Lexington, KY 40513"
TX,78401,G,MALE,HealthSpring Insurance Company (Standard II),ATTAINED_AGE,280.64,280.64,,,,,877-607-6002,https://www.cigna.com/medicare/shop-plans/supplemental/,"PO Box 5700, Scranton PA 18505-5700"
TX,78401,G,MALE,Guarantee Trust Life Insurance Company,ATTAINED_AGE,284.94,284.94,,,264.99,264.99,800-338-7452,https://www.gtlic.com/,"1275 Milwaukee Avenue Glenview, IL 60025"
TX,78401,G,MALE,GPM Health and Life Insurance Company,ATTAINED_AGE,296.44,296.44,,,275.69,275.69,866-242-7573,https://www.gpmhealthandlife.com/wps/portal/home/products/medicare-supplement,"2211 N.E. Loop 410 San Antonio, TX 78217-4630"
TX,78401,G,MALE,AARP - UnitedHealthcare Insurance Company (Level 2),COMMUNITY_RATED,707.59,707.59,636.63,636.63,,,888-378-0849,https://www.aarpmedicaresupplement.com/,PO Box 9003; Huntingdon Valley PA 19006
TX,78401,G,FEMALE,Atlantic Capital Life Assurance Company (Preferred),ATTAINED_AGE,124.65,124.65,,,115.92,115.92,866-458-1430,https://bankersfidelity.com/,"4370 Peachtree Road, NE Atlanta, GA  30319"
TX,78401,G,FEMALE,New Era Life Insurance Company,ATTAINED_AGE,137.79,137.79,,,,,877-417-7555,http://www.neweralife.com/,"P.O. Box 4884, Houston, TX 77210-4884"
TX,78401,G,FEMALE,Texas Farm Bureau Health Plans,ATTAINED_AGE,140.58,140.58,,,,,888-708-0123,https://www.mhinsurance.com/,"323 E James M Campbell Blvd, Columbia, TN 38401"
TX,78401,G,FEMALE,Nassau Life Insurance Company,ATTAINED_AGE,148.25,148.25,,,,,860-403-5000,https://www.nsre.com/,"One American Row, Hartford, CT  06103"
TX,78401,G,FEMALE,Physicians Select Insurance Company (Innovative),ATTAINED_AGE,148.59,148.59,,,132.08,132.08,800-325-6300,https://www.physiciansmutual.com/cs/products/medsup/medsup.html,"2600 Dodge Street, Omaha, Nebraska 68131"
TX,78401,G,FEMALE,Medico Life and Health Insurance Company (Preferred),ATTAINED_AGE,150.84,150.84,,,132.74,132.74,800-228-6080,https://www.gomedico.com/,"P.O. Box 10386 Des Moines, IA 50306-0387"
TX,78401,G,FEMALE,Atlantic Capital Life Assurance Company (Standard),ATTAINED_AGE,157.26,157.26,,,146.25,146.25,866-458-1430,https://bankersfidelity.com/,"4370 Peachtree Road, NE Atlanta, GA  30319"
TX,78401,G,FEMALE,LifeShield National Insurance Company,ATTAINED_AGE,159.29,159.29,,,148.14,148.14,800-851-5041,https://www.lifeshieldnational.com/,"5500 N Western Avenue, Suite 200, Oklahoma City, OK 73118"
TX,78401,G,FEMALE,HealthSpring Insurance Company,ATTAINED_AGE,162.69,162.69,,,,,877-607-6002,https://www.cigna.com/medicare/shop-plans/supplemental/,"PO Box 5700, Scranton PA 18505-5700"
TX,78401,G,FEMALE,Old Surety Life Insurance Company,ISSUE_AGE,163.67,163.67,152.21,152.21,,,800-272-5466,http://www.oldsurety.com/,"5201 N Lincoln Blvd, Oklahoma City, OK 73105"
TX,78401,G,FEMALE,Insurance Company of North America,ATTAINED_AGE,165.75,165.75,,,154.15,154.15,215-640-1000,https://www.chubb.com/microsites/ace-medicare-supplement.html,436 Walnut Street
TX,78401,G,FEMALE,Medico Life and Health Insurance Company (Standard I),ATTAINED_AGE,165.93,165.93,,,146.02,146.02,800-228-6080,https://www.gomedico.com/,"P.O. Box 10386 Des Moines, IA 50306-0387"
TX,78401,G,FEMALE,Bankers Life (Underwritten by Washington National Insurance Company),ATTAINED_AGE,167.77,167.77,,,,,800-446-5018,https://www.bankerslife.com/medicare-supplement-insurance/?src=medicaregov&medium=listing,"11299 Illinois Street, Suite 200, Carmel, IN 46032"
TX,78401,G,FEMALE,Wisconsin Physicians Service Insurance Corporation,ATTAINED_AGE,168.5,168.5,156.7,156.7,,,888-915-5108,https://www.wpshealth.com/,"1717 W. Broadway P.O. Box 8190, Madison, WI 53708-8190"
TX,78401,G,FEMALE,WoodmenLife,ATTAINED_AGE,179.44,179.44,,,161.5,161.5,1-866-236-0029,https://www.woodmenlife.org/insurance/medicare-supplement-insurance/,"1700 Farnam Street, Omaha, NE 68102"
TX,78401,G,FEMALE,AFLAC,ATTAINED_AGE,180.41,180.41,,,162.37,162.37,866-990-2668,https://www.aflac.com/individuals,"Aflac Tier One, PO Box 14863, Lexington, KY 40512-4863"
TX,78401,G,FEMALE,USAA Life Insurance Company,ATTAINED_AGE,180.88,180.88,171.84,171.84,,,800-531-8722,https://www.usaa.com/inet/wc/insurance-health-medicare,"9800 Fredericksburg Rd. San Antonio, TX 78288"
TX,78401,G,FEMALE,Physicians Select Insurance Company,ATTAINED_AGE,183.38,183.38,,,163,163,800-325-6300,https://www.physiciansmutual.com/cs/products/medsup/medsup.html,"2600 Dodge Street, Omaha, Nebraska 68131"
TX,78401,G,FEMALE,American Benefit Life Insurance Company,ATTAINED_AGE,186.47,186.47,,,167.82,167.82,833-504-0331,https://lbig.com/,"1605 LBJ Freeway, Suite 700 Dallas, Texas 75234"
TX,78401,G,FEMALE,Medico Life and Health Insurance Company (Standard II),ATTAINED_AGE,188.56,188.56,,,165.93,165.93,800-228-6080,https://www.gomedico.com/,"P.O. Box 10386 Des Moines, IA 50306-0387"
TX,78401,G,FEMALE,State Farm Mutual Automobile Insurance Company,ATTAINED_AGE,188.87,188.87,,,,,800-782-8332,https://www.statefarm.com/insurance/health/medicare-supplemental,"One State Farm Plaza, Bloomington, IL 61710"
TX,78401,G,FEMALE,Lumos Insurance,ATTAINED_AGE,193.69,193.69,,,180.13,180.13,800-752-8328,https://www.lumosinsurance.com/life-health,"2701 North Main Street, Crossville, TN 38555"
TX,78401,G,FEMALE,BlueCross BlueShield of Texas,ATTAINED_AGE,193.95,193.95,,,174.56,174.56,312-653-6000,http://www.hcsc.com/,"300 East Randolph Street Chicago, IL  60601-5099"
TX,78401,G,FEMALE,Humana (Emphesys Insurance Company),ATTAINED_AGE,196.63,196.63,,,172.79,172.79,877-426-1269,https://www.humana.com/medicare/medicare-supplement-plans?kc=0321046030,"P.O. Box 14611 Lexington, KY 40512-4613"
TX,78401,G,FEMALE,AARP - UnitedHealthcare Insurance Company (Standard),COMMUNITY_RATED,204.48,204.48,170.63,170.63,,,888-378-0849,https://www.aarpmedicaresupplement.com/,PO Box 9003; Huntingdon Valley PA 19006
TX,78401,G,FEMALE,Bankers Life (Underwritten by Washington National Insurance Company) (Substandard),ATTAINED_AGE,206.88,206.88,,,,,800-446-5018,https://www.bankerslife.com/medicare-supplement-insurance/?src=medicaregov&medium=listing,"11299 Illinois Street, Suite 200, Carmel, IN 46032"
TX,78401,G,FEMALE,Mutual of Omaha (Mutual of Omaha Insurance Company),ATTAINED_AGE,215.65,215.65,,,189.77,189.77,855-977-6312,https://www.mutualofomaha.com/medicaregov/,"3300 Mutual of Omaha Plaza, Omaha, NE 68175"
TX,78401,G,FEMALE,United American Insurance Company,ATTAINED_AGE,218,218,,,,,800-331-2512,https://www2.unitedamerican.com/,"3700 S Stonebridge Dr, McKinney, TX 75070"
TX,78401,G,FEMALE,Aetna Health Insurance Company,ATTAINED_AGE,225.99,225.99,210.17,210.17,,,800-358-8749 ,https://www.aetnamedicare.com/,"PO Box 14088 Lexington, KY 40513"
TX,78401,G,FEMALE,HealthSpring Insurance Company (Standard II),ATTAINED_AGE,244.03,244.03,,,,,877-607-6002,https://www.cigna.com/medicare/shop-plans/supplemental/,"PO Box 5700, Scranton PA 18505-5700"
TX,78401,G,FEMALE,Guarantee Trust Life Insurance Company,ATTAINED_AGE,254.41,254.41,,,236.6,236.6,800-338-7452,https://www.gtlic.com/,"1275 Milwaukee Avenue Glenview, IL 60025"
TX,78401,G,FEMALE,GPM Health and Life Insurance Company,ATTAINED_AGE,257.77,257.77,,,239.73,239.73,866-242-7573,https://www.gpmhealthandlife.com/wps/portal/home/products/medicare-supplement,"2211 N.E. Loop 410 San Antonio, TX 78217-4630"
TX,78401,G,FEMALE,AARP - UnitedHealthcare Insurance Company (Level 2),COMMUNITY_RATED,627.61,627.61,564.64,564.64,,,888-378-0849,https://www.aarpmedicaresupplement.com/,PO Box 9003; Huntingdon Valley PA 19006
TX,78401,N,MALE,Atlantic Capital Life Assurance Company (Preferred),ATTAINED_AGE,109.08,109.08,,,101.44,101.44,866-458-1430,https://bankersfidelity.com/,"4370 Peachtree Road, NE Atlanta, GA  30319"
TX,78401,N,MALE,Bankers Life (Underwritten by Washington National Insurance Company),ATTAINED_AGE,116.94,116.94,,,,,800-446-5018,https://www.bankerslife.com/medicare-supplement-insurance/?src=medicaregov&medium=listing,"11299 Illinois Street, Suite 200, Carmel, IN 46032"
TX,78401,N,MALE,Texas Farm Bureau Health Plans,ATTAINED_AGE,119.04,119.04,,,,,888-708-0123,https://www.mhinsurance.com/,"323 E James M Campbell Blvd, Columbia, TN 38401"
TX,78401,N,MALE,Nassau Life Insurance Company,ATTAINED_AGE,122.2,122.2,,,,,860-403-5000,https://www.nsre.com/,"One American Row, Hartford, CT  06103"
TX,78401,N,MALE,New Era Life Insurance Company,ATTAINED_AGE,122.28,122.28,,,,,877-417-7555,http://www.neweralife.com/,"P.O. Box 4884, Houston, TX 77210-4884"
TX,78401,N,MALE,Insurance Company of North America,ATTAINED_AGE,124.75,124.75,,,116.02,116.02,215-640-1000,https://www.chubb.com/microsites/ace-medicare-supplement.html,436 Walnut Street
TX,78401,N,MALE,HealthSpring Insurance Company,ATTAINED_AGE,126.09,126.09,,,,,877-607-6002,https://www.cigna.com/medicare/shop-plans/supplemental/,"PO Box 5700, Scranton PA 18505-5700"
TX,78401,N,MALE,Medico Life and Health Insurance Company (Preferred),ATTAINED_AGE,127.35,127.35,,,112.07,112.07,800-228-6080,https://www.gomedico.com/,"P.O. Box 10386 Des Moines, IA 50306-0387"
TX,78401,N,MALE,State Farm Mutual Automobile Insurance Company,ATTAINED_AGE,133.79,133.79,,,,,800-782-8332,https://www.statefarm.com/insurance/health/medicare-supplemental,"One State Farm Plaza, Bloomington, IL 61710"
TX,78401,N,MALE,LifeShield National Insurance Company,ATTAINED_AGE,136.52,136.52,,,126.96,126.96,800-851-5041,https://www.lifeshieldnational.com/,"5500 N Western Avenue, Suite 200, Oklahoma City, OK 73118"
TX,78401,N,MALE,Atlantic Capital Life Assurance Company (Standard),ATTAINED_AGE,137.59,137.59,,,127.96,127.96,866-458-1430,https://bankersfidelity.com/,"4370 Peachtree Road, NE Atlanta, GA  30319"
TX,78401,N,MALE,Medico Life and Health Insurance Company (Standard I),ATTAINED_AGE,140.08,140.08,,,123.27,123.27,800-228-6080,https://www.gomedico.com/,"P.O. Box 10386 Des Moines, IA 50306-0387"
TX,78401,N,MALE,Lumos Insurance,ATTAINED_AGE,140.16,140.16,,,130.35,130.35,800-752-8328,https://www.lumosinsurance.com/life-health,"2701 North Main Street, Crossville, TN 38555"
TX,78401,N,MALE,AFLAC,ATTAINED_AGE,141.16,141.16,,,127.04,127.04,866-990-2668,https://www.aflac.com/individuals,"Aflac Tier One, PO Box 14863, Lexington, KY 40512-4863"
TX,78401,N,MALE,WoodmenLife,ATTAINED_AGE,143.71,143.71,,,129.34,129.34,1-866-236-0029,https://www.woodmenlife.org/insurance/medicare-supplement-insurance/,"1700 Farnam Street, Omaha, NE 68102"
TX,78401,N,MALE,Bankers Life (Underwritten by Washington National Insurance Company) (Substandard),ATTAINED_AGE,144.14,144.14,,,,,800-446-5018,https://www.bankerslife.com/medicare-supplement-insurance/?src=medicaregov&medium=listing,"11299 Illinois Street, Suite 200, Carmel, IN 46032"
TX,78401,N,MALE,USAA Life Insurance Company,ATTAINED_AGE,150.11,150.11,142.6,142.6,142.6,142.6,800-531-8722,https://www.usaa.com/inet/wc/insurance-health-medicare,"9800 Fredericksburg Rd. San Antonio, TX 78288"
TX,78401,N,MALE,American Benefit Life Insurance Company,ATTAINED_AGE,154.21,154.21,,,138.79,138.79,833-504-0331,https://lbig.com/,"1605 LBJ Freeway, Suite 700 Dallas, Texas 75234"
TX,78401,N,MALE,Wisconsin Physicians Service Insurance Corporation,ATTAINED_AGE,156.34,156.34,145.4,145.4,145.4,145.4,888-915-5108,https://www.wpshealth.com/,"1717 W. Broadway P.O. Box 8190, Madison, WI 53708-8190"
TX,78401,N,MALE,Medico Life and Health Insurance Company (Standard II),ATTAINED_AGE,159.19,159.19,,,140.09,140.09,800-228-6080,https://www.gomedico.com/,"P.O. Box 10386 Des Moines, IA 50306-0387"
TX,78401,N,MALE,Humana (Emphesys Insurance Company),ATTAINED_AGE,163.62,163.62,,,143.75,143.75,877-426-1269,https://www.humana.com/medicare/medicare-supplement-plans?kc=0321046030,"P.O. Box 14611 Lexington, KY 40512-4613"
TX,78401,N,MALE,Mutual of Omaha (Mutual of Omaha Insurance Company),ATTAINED_AGE,173.21,173.21,,,152.42,152.42,855-977-6312,https://www.mutualofomaha.com/medicaregov/,"3300 Mutual of Omaha Plaza, Omaha, NE 68175"
TX,78401,N,MALE,BlueCross BlueShield of Texas,ATTAINED_AGE,176.45,176.45,,,158.8,158.8,312-653-6000,http://www.hcsc.com/,"300 East Randolph Street Chicago, IL  60601-5099"
TX,78401,N,MALE,GPM Health and Life Insurance Company,ATTAINED_AGE,178.05,178.05,,,165.59,165.59,866-242-7573,https://www.gpmhealthandlife.com/wps/portal/home/products/medicare-supplement,"2211 N.E. Loop 410 San Antonio, TX 78217-4630"
TX,78401,N,MALE,Aetna Health Insurance Company,ATTAINED_AGE,178.51,178.51,166.01,166.01,166.01,166.01,800-358-8749 ,https://www.aetnamedicare.com/,"PO Box 14088 Lexington, KY 40513"
TX,78401,N,MALE,Guarantee Trust Life Insurance Company,ATTAINED_AGE,180.93,180.93,,,168.26,168.26,800-338-7452,https://www.gtlic.com/,"1275 Milwaukee Avenue Glenview, IL 60025"
TX,78401,N,MALE,HealthSpring Insurance Company (Standard II),ATTAINED_AGE,189.14,189.14,,,,,877-607-6002,https://www.cigna.com/medicare/shop-plans/supplemental/,"PO Box 5700, Scranton PA 18505-5700"
TX,78401,N,MALE,AARP - UnitedHealthcare Insurance Company (Standard),COMMUNITY_RATED,197.77,197.77,165.02,165.02,,,888-378-0849,https://www.aarpmedicaresupplement.com/,PO Box 9003; Huntingdon Valley PA 19006
TX,78401,N,MALE,United American Insurance Company,ATTAINED_AGE,279,279,,,,,800-331-2512,https://www2.unitedamerican.com/,"3700 S Stonebridge Dr, McKinney, TX 75070"
TX,78401,N,MALE,AARP - UnitedHealthcare Insurance Company (Level 2),COMMUNITY_RATED,573.74,573.74,516.16,516.16,,,888-378-0849,https://www.aarpmedicaresupplement.com/,PO Box 9003; Huntingdon Valley PA 19006
TX,78401,N,FEMALE,Atlantic Capital Life Assurance Company (Preferred),ATTAINED_AGE,95.11,95.11,,,88.45,88.45,866-458-1430,https://bankersfidelity.com/,"4370 Peachtree Road, NE Atlanta, GA  30319"
TX,78401,N,FEMALE,Bankers Life (Underwritten by Washington National Insurance Company),ATTAINED_AGE,105.35,105.35,,,,,800-446-5018,https://www.bankerslife.com/medicare-supplement-insurance/?src=medicaregov&medium=listing,"11299 Illinois Street, Suite 200, Carmel, IN 46032"
TX,78401,N,FEMALE,Nassau Life Insurance Company,ATTAINED_AGE,106.32,106.32,,,,,860-403-5000,https://www.nsre.com/,"One American Row, Hartford, CT  06103"
TX,78401,N,FEMALE,Texas Farm Bureau Health Plans,ATTAINED_AGE,106.36,106.36,,,,,888-708-0123,https://www.mhinsurance.com/,"323 E James M Campbell Blvd, Columbia, TN 38401"
TX,78401,N,FEMALE,New Era Life Insurance Company,ATTAINED_AGE,108.22,108.22,,,,,877-417-7555,http://www.neweralife.com/,"P.O. Box 4884, Houston, TX 77210-4884"
TX,78401,N,FEMALE,HealthSpring Insurance Company,ATTAINED_AGE,109.65,109.65,,,,,877-607-6002,https://www.cigna.com/medicare/shop-plans/supplemental/,"PO Box 5700, Scranton PA 18505-5700"
TX,78401,N,FEMALE,Insurance Company of North America,ATTAINED_AGE,110.42,110.42,,,102.69,102.69,215-640-1000,https://www.chubb.com/microsites/ace-medicare-supplement.html,436 Walnut Street
TX,78401,N,FEMALE,Medico Life and Health Insurance Company (Preferred),ATTAINED_AGE,110.74,110.74,,,97.45,97.45,800-228-6080,https://www.gomedico.com/,"P.O. Box 10386 Des Moines, IA 50306-0387"
TX,78401,N,FEMALE,LifeShield National Insurance Company,ATTAINED_AGE,118.72,118.72,,,110.41,110.41,800-851-5041,https://www.lifeshieldnational.com/,"5500 N Western Avenue, Suite 200, Oklahoma City, OK 73118"
TX,78401,N,FEMALE,Atlantic Capital Life Assurance Company (Standard),ATTAINED_AGE,119.92,119.92,,,111.53,111.53,866-458-1430,https://bankersfidelity.com/,"4370 Peachtree Road, NE Atlanta, GA  30319"
TX,78401,N,FEMALE,Medico Life and Health Insurance Company (Standard I),ATTAINED_AGE,121.81,121.81,,,107.19,107.19,800-228-6080,https://www.gomedico.com/,"P.O. Box 10386 Des Moines, IA 50306-0387"
TX,78401,N,FEMALE,AFLAC,ATTAINED_AGE,123.24,123.24,,,110.92,110.92,866-990-2668,https://www.aflac.com/individuals,"Aflac Tier One, PO Box 14863, Lexington, KY 40512-4863"
TX,78401,N,FEMALE,WoodmenLife,ATTAINED_AGE,124.97,124.97,,,112.47,112.47,1-866-236-0029,https://www.woodmenlife.org/insurance/medicare-supplement-insurance/,"1700 Farnam Street, Omaha, NE 68102"
TX,78401,N,FEMALE,Lumos Insurance,ATTAINED_AGE,127.32,127.32,,,118.41,118.41,800-752-8328,https://www.lumosinsurance.com/life-health,"2701 North Main Street, Crossville, TN 38555"
TX,78401,N,FEMALE,State Farm Mutual Automobile Insurance Company,ATTAINED_AGE,128.44,128.44,,,,,800-782-8332,https://www.statefarm.com/insurance/health/medicare-supplemental,"One State Farm Plaza, Bloomington, IL 61710"
TX,78401,N,FEMALE,Bankers Life (Underwritten by Washington National Insurance Company) (Substandard),ATTAINED_AGE,129.84,129.84,,,,,800-446-5018,https://www.bankerslife.com/medicare-supplement-insurance/?src=medicaregov&medium=listing,"11299 Illinois Street, Suite 200, Carmel, IN 46032"
TX,78401,N,FEMALE,American Benefit Life Insurance Company,ATTAINED_AGE,134.1,134.1,,,120.69,120.69,833-504-0331,https://lbig.com/,"1605 LBJ Freeway, Suite 700 Dallas, Texas 75234"
TX,78401,N,FEMALE,Medico Life and Health Insurance Company (Standard II),ATTAINED_AGE,138.42,138.42,,,121.81,121.81,800-228-6080,https://www.gomedico.com/,"P.O. Box 10386 Des Moines, IA 50306-0387"
TX,78401,N,FEMALE,Wisconsin Physicians Service Insurance Corporation,ATTAINED_AGE,142.13,142.13,132.18,132.18,,,888-915-5108,https://www.wpshealth.com/,"1717 W. Broadway P.O. Box 8190, Madison, WI 53708-8190"
TX,78401,N,FEMALE,Humana (Emphesys Insurance Company),ATTAINED_AGE,146.96,146.96,,,129.08,129.08,877-426-1269,https://www.humana.com/medicare/medicare-supplement-plans?kc=0321046030,"P.O. Box 14611 Lexington, KY 40512-4613"
TX,78401,N,FEMALE,USAA Life Insurance Company,ATTAINED_AGE,150.11,150.11,142.6,142.6,,,800-531-8722,https://www.usaa.com/inet/wc/insurance-health-medicare,"9800 Fredericksburg Rd. San Antonio, TX 78288"
TX,78401,N,FEMALE,Mutual of Omaha (Mutual of Omaha Insurance Company),ATTAINED_AGE,150.63,150.63,,,132.55,132.55,855-977-6312,https://www.mutualofomaha.com/medicaregov/,"3300 Mutual of Omaha Plaza, Omaha, NE 68175"
TX,78401,N,FEMALE,GPM Health and Life Insurance Company,ATTAINED_AGE,154.81,154.81,,,143.97,143.97,866-242-7573,https://www.gpmhealthandlife.com/wps/portal/home/products/medicare-supplement,"2211 N.E. Loop 410 San Antonio, TX 78217-4630"
TX,78401,N,FEMALE,Aetna Health Insurance Company,ATTAINED_AGE,155.1,155.1,144.24,144.24,,,800-358-8749 ,https://www.aetnamedicare.com/,"PO Box 14088 Lexington, KY 40513"
TX,78401,N,FEMALE,BlueCross BlueShield of Texas,ATTAINED_AGE,157.55,157.55,,,141.8,141.8,312-653-6000,http://www.hcsc.com/,"300 East Randolph Street Chicago, IL  60601-5099"
TX,78401,N,FEMALE,Guarantee Trust Life Insurance Company,ATTAINED_AGE,161.55,161.55,,,150.24,150.24,800-338-7452,https://www.gtlic.com/,"1275 Milwaukee Avenue Glenview, IL 60025"
TX,78401,N,FEMALE,HealthSpring Insurance Company (Standard II),ATTAINED_AGE,164.47,164.47,,,,,877-607-6002,https://www.cigna.com/medicare/shop-plans/supplemental/,"PO Box 5700, Scranton PA 18505-5700"
TX,78401,N,FEMALE,AARP - UnitedHealthcare Insurance Company (Standard),COMMUNITY_RATED,175.2,175.2,146.15,146.15,,,888-378-0849,https://www.aarpmedicaresupplement.com/,PO Box 9003; Huntingdon Valley PA 19006
TX,78401,N,FEMALE,United American Insurance Company,ATTAINED_AGE,243,243,,,,,800-331-2512,https://www2.unitedamerican.com/,"3700 S Stonebridge Dr, McKinney, TX 75070"
TX,78401,N,FEMALE,AARP - UnitedHealthcare Insurance Company (Level 2),COMMUNITY_RATED,508.69,508.69,457.62,457.62,,,888-378-0849,https://www.aarpmedicaresupplement.com/,PO Box 9003; Huntingdon Valley PA 19006
TX,79101,G,MALE,Atlantic Capital Life Assurance Company (Preferred),ATTAINED_AGE,130.02,130.02,,,120.92,120.92,866-458-1430,https://bankersfidelity.com/,"4370 Peachtree Road, NE Atlanta, GA  30319"
TX,79101,G,MALE,Texas Farm Bureau Health Plans,ATTAINED_AGE,149.49,149.49,,,,,888-708-0123,https://www.mhinsurance.com/,"323 E James M Campbell Blvd, Columbia, TN 38401"
TX,79101,G,MALE,Nassau Life Insurance Company,ATTAINED_AGE,149.75,149.75,,,,,860-403-5000,https://www.nsre.com/,"One American Row, Hartford, CT  06103"
TX,79101,G,MALE,New Era Life Insurance Company,ATTAINED_AGE,151.57,151.57,,,,,877-417-7555,http://www.neweralife.com/,"P.O. Box 4884, Houston, TX 77210-4884"
TX,79101,G,MALE,Physicians Select Insurance Company (Innovative),ATTAINED_AGE,156.02,156.02,,,138.68,138.68,800-325-6300,https://www.physiciansmutual.com/cs/products/medsup/medsup.html,"2600 Dodge Street, Omaha, Nebraska 68131"
TX,79101,G,MALE,LifeShield National Insurance Company,ATTAINED_AGE,162.41,162.41,,,151.04,151.04,800-851-5041,https://www.lifeshieldnational.com/,"5500 N Western Avenue, Suite 200, Oklahoma City, OK 73118"
TX,79101,G,MALE,Atlantic Capital Life Assurance Company (Standard),ATTAINED_AGE,164.1,164.1,,,152.61,152.61,866-458-1430,https://bankersfidelity.com/,"4370 Peachtree Road, NE Atlanta, GA  30319"
TX,79101,G,MALE,HealthSpring Insurance Company,ATTAINED_AGE,170,170,,,,,877-607-6002,https://www.cigna.com/medicare/shop-plans/supplemental/,"PO Box 5700, Scranton PA 18505-5700"
TX,79101,G,MALE,Insurance Company of North America,ATTAINED_AGE,174.75,174.75,,,162.52,162.52,215-640-1000,https://www.chubb.com/microsites/ace-medicare-supplement.html,436 Walnut Street
TX,79101,G,MALE,Old Surety Life Insurance Company,ISSUE_AGE,180.04,180.04,167.44,167.44,167.44,167.44,800-272-5466,http://www.oldsurety.com/,"5201 N Lincoln Blvd, Oklahoma City, OK 73105"
TX,79101,G,MALE,USAA Life Insurance Company,ATTAINED_AGE,180.88,180.88,171.84,171.84,171.84,171.84,800-531-8722,https://www.usaa.com/inet/wc/insurance-health-medicare,"9800 Fredericksburg Rd. San Antonio, TX 78288"
TX,79101,G,MALE,WoodmenLife,ATTAINED_AGE,183.2,183.2,,,164.88,164.88,1-866-236-0029,https://www.woodmenlife.org/insurance/medicare-supplement-insurance/,"1700 Farnam Street, Omaha, NE 68102"
TX,79101,G,MALE,Lumos Insurance,ATTAINED_AGE,183.98,183.98,,,171.1,171.1,800-752-8328,https://www.lumosinsurance.com/life-health,"2701 North Main Street, Crossville, TN 38555"
TX,79101,G,MALE,Wisconsin Physicians Service Insurance Corporation,ATTAINED_AGE,185.36,185.36,172.38,172.38,172.38,172.38,888-915-5108,https://www.wpshealth.com/,"1717 W. Broadway P.O. Box 8190, Madison, WI 53708-8190"
TX,79101,G,MALE,State Farm Mutual Automobile Insurance Company,ATTAINED_AGE,185.47,185.47,,,,,800-782-8332,https://www.statefarm.com/insurance/health/medicare-supplemental,"One State Farm Plaza, Bloomington, IL 61710"
TX,79101,G,MALE,Bankers Life (Underwritten by Washington National Insurance Company),ATTAINED_AGE,186.3,186.3,,,,,800-446-5018,https://www.bankerslife.com/medicare-supplement-insurance/?src=medicaregov&medium=listing,"11299 Illinois Street, Suite 200, Carmel, IN 46032"
TX,79101,G,MALE,AFLAC,ATTAINED_AGE,187.67,187.67,,,168.9,168.9,866-990-2668,https://www.aflac.com/individuals,"Aflac Tier One, PO Box 14863, Lexington, KY 40512-4863"
TX,79101,G,MALE,American Benefit Life Insurance Company,ATTAINED_AGE,189.41,189.41,,,170.47,170.47,833-504-0331,https://lbig.com/,"1605 LBJ Freeway, Suite 700 Dallas, Texas 75234"
TX,79101,G,MALE,Physicians Select Insurance Company,ATTAINED_AGE,192.55,192.55,,,171.15,171.15,800-325-6300,https://www.physiciansmutual.com/cs/products/medsup/medsup.html,"2600 Dodge Street, Omaha, Nebraska 68131"
TX,79101,G,MALE,Humana (Emphesys Insurance Company),ATTAINED_AGE,194.47,194.47,,,170.89,170.89,877-426-1269,https://www.humana.com/medicare/medicare-supplement-plans?kc=0321046030,"P.O. Box 14611 Lexington, KY 40512-4613"
TX,79101,G,MALE,Medico Life and Health Insurance Company (Preferred),ATTAINED_AGE,201.51,201.51,,,177.33,177.33,800-228-6080,https://www.gomedico.com/,"P.O. Box 10386 Des Moines, IA 50306-0387"
TX,79101,G,MALE,BlueCross BlueShield of Texas,ATTAINED_AGE,217.26,217.26,,,195.53,195.53,312-653-6000,http://www.hcsc.com/,"300 East Randolph Street Chicago, IL  60601-5099"
TX,79101,G,MALE,United American Insurance Company,ATTAINED_AGE,218,218,,,,,800-331-2512,https://www2.unitedamerican.com/,"3700 S Stonebridge Dr, McKinney, TX 75070"
TX,79101,G,MALE,Medico Life and Health Insurance Company (Standard I),ATTAINED_AGE,221.66,221.66,,,195.06,195.06,800-228-6080,https://www.gomedico.com/,"P.O. Box 10386 Des Moines, IA 50306-0387"
TX,79101,G,MALE,Bankers Life (Underwritten by Washington National Insurance Company) (Substandard),ATTAINED_AGE,229.75,229.75,,,,,800-446-5018,https://www.bankerslife.com/medicare-supplement-insurance/?src=medicaregov&medium=listing,"11299 Illinois Street, Suite 200, Carmel, IN 46032"
TX,79101,G,MALE,Mutual of Omaha (Mutual of Omaha Insurance Company),ATTAINED_AGE,230.27,230.27,,,202.64,202.64,855-977-6312,https://www.mutualofomaha.com/medicaregov/,"3300 Mutual of Omaha Plaza, Omaha, NE 68175"
TX,79101,G,MALE,AARP - UnitedHealthcare Insurance Company (Standard),COMMUNITY_RATED,230.71,230.71,192.56,192.56,,,888-378-0849,https://www.aarpmedicaresupplement.com/,PO Box 9003; Huntingdon Valley PA 19006
TX,79101,G,MALE,Aetna Health Insurance Company,ATTAINED_AGE,236.32,236.32,219.78,219.78,219.78,219.78,800-358-8749 ,https://www.aetnamedicare.com/,"PO Box 14088 Lexington, KY 40513"
TX,79101,G,MALE,Medico Life and Health Insurance Company (Standard II),ATTAINED_AGE,251.88,251.88,,,221.65,221.65,800-228-6080,https://www.gomedico.com/,"P.O. Box 10386 Des Moines, IA 50306-0387"
TX,79101,G,MALE,Guarantee Trust Life Insurance Company,ATTAINED_AGE,253.26,253.26,,,235.53,235.53,800-338-7452,https://www.gtlic.com/,"1275 Milwaukee Avenue Glenview, IL 60025"
TX,79101,G,MALE,HealthSpring Insurance Company (Standard II),ATTAINED_AGE,254.99,254.99,,,,,877-607-6002,https://www.cigna.com/medicare/shop-plans/supplemental/,"PO Box 5700, Scranton PA 18505-5700"
TX,79101,G,MALE,GPM Health and Life Insurance Company,ATTAINED_AGE,264.68,264.68,,,246.15,246.15,866-242-7573,https://www.gpmhealthandlife.com/wps/portal/home/products/medicare-supplement,"2211 N.E. Loop 410 San Antonio, TX 78217-4630"
TX,79101,G,MALE,AARP - UnitedHealthcare Insurance Company (Level 2),COMMUNITY_RATED,707.59,707.59,636.63,636.63,,,888-378-0849,https://www.aarpmedicaresupplement.com/,PO Box 9003; Huntingdon Valley PA 19006
TX,79101,G,FEMALE,Atlantic Capital Life Assurance Company (Preferred),ATTAINED_AGE,113.32,113.32,,,105.39,105.39,866-458-1430,https://bankersfidelity.com/,"4370 Peachtree Road, NE Atlanta, GA  30319"
TX,79101,G,FEMALE,Nassau Life Insurance Company,ATTAINED_AGE,130.28,130.28,,,,,860-403-5000,https://www.nsre.com/,"One American Row, Hartford, CT  06103"
TX,79101,G,FEMALE,Texas Farm Bureau Health Plans,ATTAINED_AGE,133.86,133.86,,,,,888-708-0123,https://www.mhinsurance.com/,"323 E James M Campbell Blvd, Columbia, TN 38401"
TX,79101,G,FEMALE,New Era Life Insurance Company,ATTAINED_AGE,137.79,137.79,,,,,877-417-7555,http://www.neweralife.com/,"P.O. Box 4884, Houston, TX 77210-4884"
TX,79101,G,FEMALE,Physicians Select Insurance Company (Innovative),ATTAINED_AGE,141.15,141.15,,,125.46,125.46,800-325-6300,https://www.physiciansmutual.com/cs/products/medsup/medsup.html,"2600 Dodge Street, Omaha, Nebraska 68131"
TX,79101,G,FEMALE,LifeShield National Insurance Company,ATTAINED_AGE,141.22,141.22,,,131.33,131.33,800-851-5041,https://www.lifeshieldnational.com/,"5500 N Western Avenue, Suite 200, Oklahoma City, OK 73118"
TX,79101,G,FEMALE,Atlantic Capital Life Assurance Company (Standard),ATTAINED_AGE,142.97,142.97,,,132.96,132.96,866-458-1430,https://bankersfidelity.com/,"4370 Peachtree Road, NE Atlanta, GA  30319"
TX,79101,G,FEMALE,HealthSpring Insurance Company,ATTAINED_AGE,147.82,147.82,,,,,877-607-6002,https://www.cigna.com/medicare/shop-plans/supplemental/,"PO Box 5700, Scranton PA 18505-5700"
TX,79101,G,FEMALE,Insurance Company of North America,ATTAINED_AGE,154.58,154.58,,,143.76,143.76,215-640-1000,https://www.chubb.com/microsites/ace-medicare-supplement.html,436 Walnut Street
TX,79101,G,FEMALE,WoodmenLife,ATTAINED_AGE,159.3,159.3,,,143.37,143.37,1-866-236-0029,https://www.woodmenlife.org/insurance/medicare-supplement-insurance/,"1700 Farnam Street, Omaha, NE 68102"
TX,79101,G,FEMALE,Old Surety Life Insurance Company,ISSUE_AGE,163.67,163.67,152.21,152.21,,,800-272-5466,http://www.oldsurety.com/,"5201 N Lincoln Blvd, Oklahoma City, OK 73105"
TX,79101,G,FEMALE,AFLAC,ATTAINED_AGE,163.84,163.84,,,147.46,147.46,866-990-2668,https://www.aflac.com/individuals,"Aflac Tier One, PO Box 14863, Lexington, KY 40512-4863"
TX,79101,G,FEMALE,American Benefit Life Insurance Company,ATTAINED_AGE,164.7,164.7,,,148.23,148.23,833-504-0331,https://lbig.com/,"1605 LBJ Freeway, Suite 700 Dallas, Texas 75234"
TX,79101,G,FEMALE,Lumos Insurance,ATTAINED_AGE,167.28,167.28,,,155.57,155.57,800-752-8328,https://www.lumosinsurance.com/life-health,"2701 North Main Street, Crossville, TN 38555"
TX,79101,G,FEMALE,Bankers Life (Underwritten by Washington National Insurance Company),ATTAINED_AGE,167.77,167.77,,,,,800-446-5018,https://www.bankerslife.com/medicare-supplement-insurance/?src=medicaregov&medium=listing,"11299 Illinois Street, Suite 200, Carmel, IN 46032"
TX,79101,G,FEMALE,Wisconsin Physicians Service Insurance Corporation,ATTAINED_AGE,168.5,168.5,156.7,156.7,,,888-915-5108,https://www.wpshealth.com/,"1717 W. Broadway P.O. Box 8190, Madison, WI 53708-8190"
TX,79101,G,FEMALE,Physicians Select Insurance Company,ATTAINED_AGE,174.21,174.21,,,154.85,154.85,800-325-6300,https://www.physiciansmutual.com/cs/products/medsup/medsup.html,"2600 Dodge Street, Omaha, Nebraska 68131"
TX,79101,G,FEMALE,Humana (Emphesys Insurance Company),ATTAINED_AGE,174.67,174.67,,,153.47,153.47,877-426-1269,https://www.humana.com/medicare/medicare-supplement-plans?kc=0321046030,"P.O. Box 14611 Lexington, KY 40512-4613"
TX,79101,G,FEMALE,Medico Life and Health Insurance Company (Preferred),ATTAINED_AGE,175.22,175.22,,,154.19,154.19,800-228-6080,https://www.gomedico.com/,"P.O. Box 10386 Des Moines, IA 50306-0387"
TX,79101,G,FEMALE,USAA Life Insurance Company,ATTAINED_AGE,180.88,180.88,171.84,171.84,,,800-531-8722,https://www.usaa.com/inet/wc/insurance-health-medicare,"9800 Fredericksburg Rd. San Antonio, TX 78288"
TX,79101,G,FEMALE,State Farm Mutual Automobile Insurance Company,ATTAINED_AGE,181.48,181.48,,,,,800-782-8332,https://www.statefarm.com/insurance/health/medicare-supplemental,"One State Farm Plaza, Bloomington, IL 61710"
TX,79101,G,FEMALE,United American Insurance Company,ATTAINED_AGE,189,189,,,,,800-331-2512,https://www2.unitedamerican.com/,"3700 S Stonebridge Dr, McKinney, TX 75070"
TX,79101,G,FEMALE,Medico Life and Health Insurance Company (Standard I),ATTAINED_AGE,192.75,192.75,,,169.62,169.62,800-228-6080,https://www.gomedico.com/,"P.O. Box 10386 Des Moines, IA 50306-0387"
TX,79101,G,FEMALE,BlueCross BlueShield of Texas,ATTAINED_AGE,193.95,193.95,,,174.56,174.56,312-653-6000,http://www.hcsc.com/,"300 East Randolph Street Chicago, IL  60601-5099"
TX,79101,G,FEMALE,Mutual of Omaha (Mutual of Omaha Insurance Company),ATTAINED_AGE,200.25,200.25,,,176.22,176.22,855-977-6312,https://www.mutualofomaha.com/medicaregov/,"3300 Mutual of Omaha Plaza, Omaha, NE 68175"
TX,79101,G,FEMALE,AARP - UnitedHealthcare Insurance Company (Standard),COMMUNITY_RATED,204.48,204.48,170.63,170.63,,,888-378-0849,https://www.aarpmedicaresupplement.com/,PO Box 9003; Huntingdon Valley PA 19006
TX,79101,G,FEMALE,Aetna Health Insurance Company,ATTAINED_AGE,205.42,205.42,191.04,191.04,,,800-358-8749 ,https://www.aetnamedicare.com/,"PO Box 14088 Lexington, KY 40513"
TX,79101,G,FEMALE,Bankers Life (Underwritten by Washington National Insurance Company) (Substandard),ATTAINED_AGE,206.88,206.88,,,,,800-446-5018,https://www.bankerslife.com/medicare-supplement-insurance/?src=medicaregov&medium=listing,"11299 Illinois Street, Suite 200, Carmel, IN 46032"
TX,79101,G,FEMALE,Medico Life and Health Insurance Company (Standard II),ATTAINED_AGE,219.03,219.03,,,192.75,192.75,800-228-6080,https://www.gomedico.com/,"P.O. Box 10386 Des Moines, IA 50306-0387"
TX,79101,G,FEMALE,HealthSpring Insurance Company (Standard II),ATTAINED_AGE,221.73,221.73,,,,,877-607-6002,https://www.cigna.com/medicare/shop-plans/supplemental/,"PO Box 5700, Scranton PA 18505-5700"
TX,79101,G,FEMALE,Guarantee Trust Life Insurance Company,ATTAINED_AGE,226.13,226.13,,,210.3,210.3,800-338-7452,https://www.gtlic.com/,"1275 Milwaukee Avenue Glenview, IL 60025"
TX,79101,G,FEMALE,GPM Health and Life Insurance Company,ATTAINED_AGE,230.15,230.15,,,214.04,214.04,866-242-7573,https://www.gpmhealthandlife.com/wps/portal/home/products/medicare-supplement,"2211 N.E. Loop 410 San Antonio, TX 78217-4630"
TX,79101,G,FEMALE,AARP - UnitedHealthcare Insurance Company (Level 2),COMMUNITY_RATED,627.61,627.61,564.64,564.64,,,888-378-0849,https://www.aarpmedicaresupplement.com/,PO Box 9003; Huntingdon Valley PA 19006
TX,79101,N,MALE,Atlantic Capital Life Assurance Company (Preferred),ATTAINED_AGE,99.17,99.17,,,92.23,92.23,866-458-1430,https://bankersfidelity.com/,"4370 Peachtree Road, NE Atlanta, GA  30319"
TX,79101,N,MALE,Nassau Life Insurance Company,ATTAINED_AGE,107.39,107.39,,,,,860-403-5000,https://www.nsre.com/,"One American Row, Hartford, CT  06103"
TX,79101,N,MALE,Texas Farm Bureau Health Plans,ATTAINED_AGE,113.34,113.34,,,,,888-708-0123,https://www.mhinsurance.com/,"323 E James M Campbell Blvd, Columbia, TN 38401"
TX,79101,N,MALE,HealthSpring Insurance Company,ATTAINED_AGE,114.57,114.57,,,,,877-607-6002,https://www.cigna.com/medicare/shop-plans/supplemental/,"PO Box 5700, Scranton PA 18505-5700"
TX,79101,N,MALE,Insurance Company of North America,ATTAINED_AGE,116.33,116.33,,,108.19,108.19,215-640-1000,https://www.chubb.com/microsites/ace-medicare-supplement.html,436 Walnut Street
TX,79101,N,MALE,Bankers Life (Underwritten by Washington National Insurance Company),ATTAINED_AGE,116.94,116.94,,,,,800-446-5018,https://www.bankerslife.com/medicare-supplement-insurance/?src=medicaregov&medium=listing,"11299 Illinois Street, Suite 200, Carmel, IN 46032"
TX,79101,N,MALE,LifeShield National Insurance Company,ATTAINED_AGE,121.04,121.04,,,112.57,112.57,800-851-5041,https://www.lifeshieldnational.com/,"5500 N Western Avenue, Suite 200, Oklahoma City, OK 73118"
TX,79101,N,MALE,Lumos Insurance,ATTAINED_AGE,121.05,121.05,,,112.58,112.58,800-752-8328,https://www.lumosinsurance.com/life-health,"2701 North Main Street, Crossville, TN 38555"
TX,79101,N,MALE,New Era Life Insurance Company,ATTAINED_AGE,122.28,122.28,,,,,877-417-7555,http://www.neweralife.com/,"P.O. Box 4884, Houston, TX 77210-4884"
TX,79101,N,MALE,Atlantic Capital Life Assurance Company (Standard),ATTAINED_AGE,125.08,125.08,,,116.32,116.32,866-458-1430,https://bankersfidelity.com/,"4370 Peachtree Road, NE Atlanta, GA  30319"
TX,79101,N,MALE,WoodmenLife,ATTAINED_AGE,127.58,127.58,,,114.82,114.82,1-866-236-0029,https://www.woodmenlife.org/insurance/medicare-supplement-insurance/,"1700 Farnam Street, Omaha, NE 68102"
TX,79101,N,MALE,AFLAC,ATTAINED_AGE,128.2,128.2,,,115.38,115.38,866-990-2668,https://www.aflac.com/individuals,"Aflac Tier One, PO Box 14863, Lexington, KY 40512-4863"
TX,79101,N,MALE,State Farm Mutual Automobile Insurance Company,ATTAINED_AGE,128.78,128.78,,,,,800-782-8332,https://www.statefarm.com/insurance/health/medicare-supplemental,"One State Farm Plaza, Bloomington, IL 61710"
TX,79101,N,MALE,American Benefit Life Insurance Company,ATTAINED_AGE,136.22,136.22,,,122.6,122.6,833-504-0331,https://lbig.com/,"1605 LBJ Freeway, Suite 700 Dallas, Texas 75234"
TX,79101,N,MALE,Bankers Life (Underwritten by Washington National Insurance Company) (Substandard),ATTAINED_AGE,144.14,144.14,,,,,800-446-5018,https://www.bankerslife.com/medicare-supplement-insurance/?src=medicaregov&medium=listing,"11299 Illinois Street, Suite 200, Carmel, IN 46032"
TX,79101,N,MALE,Humana (Emphesys Insurance Company),ATTAINED_AGE,145.35,145.35,,,127.67,127.67,877-426-1269,https://www.humana.com/medicare/medicare-supplement-plans?kc=0321046030,"P.O. Box 14611 Lexington, KY 40512-4613"
TX,79101,N,MALE,Medico Life and Health Insurance Company (Preferred),ATTAINED_AGE,147.93,147.93,,,130.18,130.18,800-228-6080,https://www.gomedico.com/,"P.O. Box 10386 Des Moines, IA 50306-0387"
TX,79101,N,MALE,USAA Life Insurance Company,ATTAINED_AGE,150.11,150.11,142.6,142.6,142.6,142.6,800-531-8722,https://www.usaa.com/inet/wc/insurance-health-medicare,"9800 Fredericksburg Rd. San Antonio, TX 78288"
TX,79101,N,MALE,Wisconsin Physicians Service Insurance Corporation,ATTAINED_AGE,156.34,156.34,145.4,145.4,145.4,145.4,888-915-5108,https://www.wpshealth.com/,"1717 W. Broadway P.O. Box 8190, Madison, WI 53708-8190"
TX,79101,N,MALE,GPM Health and Life Insurance Company,ATTAINED_AGE,158.97,158.97,,,147.84,147.84,866-242-7573,https://www.gpmhealthandlife.com/wps/portal/home/products/medicare-supplement,"2211 N.E. Loop 410 San Antonio, TX 78217-4630"
TX,79101,N,MALE,Guarantee Trust Life Insurance Company,ATTAINED_AGE,160.82,160.82,,,149.56,149.56,800-338-7452,https://www.gtlic.com/,"1275 Milwaukee Avenue Glenview, IL 60025"
TX,79101,N,MALE,Mutual of Omaha (Mutual of Omaha Insurance Company),ATTAINED_AGE,160.84,160.84,,,141.54,141.54,855-977-6312,https://www.mutualofomaha.com/medicaregov/,"3300 Mutual of Omaha Plaza, Omaha, NE 68175"
TX,79101,N,MALE,Aetna Health Insurance Company,ATTAINED_AGE,162.27,162.27,150.91,150.91,150.91,150.91,800-358-8749 ,https://www.aetnamedicare.com/,"PO Box 14088 Lexington, KY 40513"
TX,79101,N,MALE,Medico Life and Health Insurance Company (Standard I),ATTAINED_AGE,162.72,162.72,,,143.19,143.19,800-228-6080,https://www.gomedico.com/,"P.O. Box 10386 Des Moines, IA 50306-0387"
TX,79101,N,MALE,HealthSpring Insurance Company (Standard II),ATTAINED_AGE,171.86,171.86,,,,,877-607-6002,https://www.cigna.com/medicare/shop-plans/supplemental/,"PO Box 5700, Scranton PA 18505-5700"
TX,79101,N,MALE,BlueCross BlueShield of Texas,ATTAINED_AGE,176.45,176.45,,,158.8,158.8,312-653-6000,http://www.hcsc.com/,"300 East Randolph Street Chicago, IL  60601-5099"
TX,79101,N,MALE,Medico Life and Health Insurance Company (Standard II),ATTAINED_AGE,184.91,184.91,,,162.72,162.72,800-228-6080,https://www.gomedico.com/,"P.O. Box 10386 Des Moines, IA 50306-0387"
TX,79101,N,MALE,AARP - UnitedHealthcare Insurance Company (Standard),COMMUNITY_RATED,197.77,197.77,165.02,165.02,,,888-378-0849,https://www.aarpmedicaresupplement.com/,PO Box 9003; Huntingdon Valley PA 19006
TX,79101,N,MALE,United American Insurance Company,ATTAINED_AGE,242,242,,,,,800-331-2512,https://www2.unitedamerican.com/,"3700 S Stonebridge Dr, McKinney, TX 75070"
TX,79101,N,MALE,AARP - UnitedHealthcare Insurance Company (Level 2),COMMUNITY_RATED,573.74,573.74,516.16,516.16,,,888-378-0849,https://www.aarpmedicaresupplement.com/,PO Box 9003; Huntingdon Valley PA 19006
TX,79101,N,FEMALE,Atlantic Capital Life Assurance Company (Preferred),ATTAINED_AGE,86.47,86.47,,,80.42,80.42,866-458-1430,https://bankersfidelity.com/,"4370 Peachtree Road, NE Atlanta, GA  30319"
TX,79101,N,FEMALE,Nassau Life Insurance Company,ATTAINED_AGE,93.43,93.43,,,,,860-403-5000,https://www.nsre.com/,"One American Row, Hartford, CT  06103"
TX,79101,N,FEMALE,HealthSpring Insurance Company,ATTAINED_AGE,99.63,99.63,,,,,877-607-6002,https://www.cigna.com/medicare/shop-plans/supplemental/,"PO Box 5700, Scranton PA 18505-5700"
TX,79101,N,FEMALE,Texas Farm Bureau Health Plans,ATTAINED_AGE,101.28,101.28,,,,,888-708-0123,https://www.mhinsurance.com/,"323 E James M Campbell Blvd, Columbia, TN 38401"
TX,79101,N,FEMALE,Insurance Company of North America,ATTAINED_AGE,103,103,,,95.79,95.79,215-640-1000,https://www.chubb.com/microsites/ace-medicare-supplement.html,436 Walnut Street
TX,79101,N,FEMALE,LifeShield National Insurance Company,ATTAINED_AGE,105.25,105.25,,,97.88,97.88,800-851-5041,https://www.lifeshieldnational.com/,"5500 N Western Avenue, Suite 200, Oklahoma City, OK 73118"
TX,79101,N,FEMALE,Bankers Life (Underwritten by Washington National Insurance Company),ATTAINED_AGE,105.35,105.35,,,,,800-446-5018,https://www.bankerslife.com/medicare-supplement-insurance/?src=medicaregov&medium=listing,"11299 Illinois Street, Suite 200, Carmel, IN 46032"
TX,79101,N,FEMALE,New Era Life Insurance Company,ATTAINED_AGE,108.22,108.22,,,,,877-417-7555,http://www.neweralife.com/,"P.O. Box 4884, Houston, TX 77210-4884"
TX,79101,N,FEMALE,Atlantic Capital Life Assurance Company (Standard),ATTAINED_AGE,109.01,109.01,,,101.38,101.38,866-458-1430,https://bankersfidelity.com/,"4370 Peachtree Road, NE Atlanta, GA  30319"
TX,79101,N,FEMALE,Lumos Insurance,ATTAINED_AGE,109.96,109.96,,,102.26,102.26,800-752-8328,https://www.lumosinsurance.com/life-health,"2701 North Main Street, Crossville, TN 38555"
TX,79101,N,FEMALE,WoodmenLife,ATTAINED_AGE,110.95,110.95,,,99.86,99.86,1-866-236-0029,https://www.woodmenlife.org/insurance/medicare-supplement-insurance/,"1700 Farnam Street, Omaha, NE 68102"
TX,79101,N,FEMALE,AFLAC,ATTAINED_AGE,111.92,111.92,,,100.73,100.73,866-990-2668,https://www.aflac.com/individuals,"Aflac Tier One, PO Box 14863, Lexington, KY 40512-4863"
TX,79101,N,FEMALE,American Benefit Life Insurance Company,ATTAINED_AGE,118.45,118.45,,,106.6,106.6,833-504-0331,https://lbig.com/,"1605 LBJ Freeway, Suite 700 Dallas, Texas 75234"
TX,79101,N,FEMALE,State Farm Mutual Automobile Insurance Company,ATTAINED_AGE,123.51,123.51,,,,,800-782-8332,https://www.statefarm.com/insurance/health/medicare-supplemental,"One State Farm Plaza, Bloomington, IL 61710"
TX,79101,N,FEMALE,Medico Life and Health Insurance Company (Preferred),ATTAINED_AGE,128.63,128.63,,,113.19,113.19,800-228-6080,https://www.gomedico.com/,"P.O. Box 10386 Des Moines, IA 50306-0387"
TX,79101,N,FEMALE,Bankers Life (Underwritten by Washington National Insurance Company) (Substandard),ATTAINED_AGE,129.84,129.84,,,,,800-446-5018,https://www.bankerslife.com/medicare-supplement-insurance/?src=medicaregov&medium=listing,"11299 Illinois Street, Suite 200, Carmel, IN 46032"
TX,79101,N,FEMALE,Humana (Emphesys Insurance Company),ATTAINED_AGE,130.55,130.55,,,114.64,114.64,877-426-1269,https://www.humana.com/medicare/medicare-supplement-plans?kc=0321046030,"P.O. Box 14611 Lexington, KY 40512-4613"
TX,79101,N,FEMALE,GPM Health and Life Insurance Company,ATTAINED_AGE,138.23,138.23,,,128.55,128.55,866-242-7573,https://www.gpmhealthandlife.com/wps/portal/home/products/medicare-supplement,"2211 N.E. Loop 410 San Antonio, TX 78217-4630"
TX,79101,N,FEMALE,Mutual of Omaha (Mutual of Omaha Insurance Company),ATTAINED_AGE,139.87,139.87,,,123.09,123.09,855-977-6312,https://www.mutualofomaha.com/medicaregov/,"3300 Mutual of Omaha Plaza, Omaha, NE 68175"
TX,79101,N,FEMALE,Aetna Health Insurance Company,ATTAINED_AGE,141.03,141.03,131.16,131.16,,,800-358-8749 ,https://www.aetnamedicare.com/,"PO Box 14088 Lexington, KY 40513"
TX,79101,N,FEMALE,Medico Life and Health Insurance Company (Standard I),ATTAINED_AGE,141.5,141.5,,,124.52,124.52,800-228-6080,https://www.gomedico.com/,"P.O. Box 10386 Des Moines, IA 50306-0387"
TX,79101,N,FEMALE,Wisconsin Physicians Service Insurance Corporation,ATTAINED_AGE,142.13,142.13,132.18,132.18,,,888-915-5108,https://www.wpshealth.com/,"1717 W. Broadway P.O. Box 8190, Madison, WI 53708-8190"
TX,79101,N,FEMALE,Guarantee Trust Life Insurance Company,ATTAINED_AGE,143.59,143.59,,,133.54,133.54,800-338-7452,https://www.gtlic.com/,"1275 Milwaukee Avenue Glenview, IL 60025"
TX,79101,N,FEMALE,HealthSpring Insurance Company (Standard II),ATTAINED_AGE,149.44,149.44,,,,,877-607-6002,https://www.cigna.com/medicare/shop-plans/supplemental/,"PO Box 5700, Scranton PA 18505-5700"
TX,79101,N,FEMALE,USAA Life Insurance Company,ATTAINED_AGE,150.11,150.11,142.6,142.6,,,800-531-8722,https://www.usaa.com/inet/wc/insurance-health-medicare,"9800 Fredericksburg Rd. San Antonio, TX 78288"
TX,79101,N,FEMALE,BlueCross BlueShield of Texas,ATTAINED_AGE,157.55,157.55,,,141.8,141.8,312-653-6000,http://www.hcsc.com/,"300 East Randolph Street Chicago, IL  60601-5099"
TX,79101,N,FEMALE,Medico Life and Health Insurance Company (Standard II),ATTAINED_AGE,160.79,160.79,,,141.5,141.5,800-228-6080,https://www.gomedico.com/,"P.O. Box 10386 Des Moines, IA 50306-0387"
TX,79101,N,FEMALE,AARP - UnitedHealthcare Insurance Company (Standard),COMMUNITY_RATED,175.2,175.2,146.15,146.15,,,888-378-0849,https://www.aarpmedicaresupplement.com/,PO Box 9003; Huntingdon Valley PA 19006
TX,79101,N,FEMALE,United American Insurance Company,ATTAINED_AGE,211,211,,,,,800-331-2512,https://www2.unitedamerican.com/,"3700 S Stonebridge Dr, McKinney, TX 75070"
TX,79101,N,FEMALE,AARP - UnitedHealthcare Insurance Company (Level 2),COMMUNITY_RATED,508.69,508.69,457.62,457.62,,,888-378-0849,https://www.aarpmedicaresupplement.com/,PO Box 9003; Huntingdon Valley PA 19006
TX,79601,G,MALE,Atlantic Capital Life Assurance Company (Preferred),ATTAINED_AGE,130.02,130.02,,,120.92,120.92,866-458-1430,https://bankersfidelity.com/,"4370 Peachtree Road, NE Atlanta, GA  30319"
TX,79601,G,MALE,Physicians Select Insurance Company (Innovative),ATTAINED_AGE,147.81,147.81,,,131.39,131.39,800-325-6300,https://www.physiciansmutual.com/cs/products/medsup/medsup.html,"2600 Dodge Street, Omaha, Nebraska 68131"
TX,79601,G,MALE,Texas Farm Bureau Health Plans,ATTAINED_AGE,149.49,149.49,,,,,888-708-0123,https://www.mhinsurance.com/,"323 E James M Campbell Blvd, Columbia, TN 38401"
TX,79601,G,MALE,Nassau Life Insurance Company,ATTAINED_AGE,149.75,149.75,,,,,860-403-5000,https://www.nsre.com/,"One American Row, Hartford, CT  06103"
TX,79601,G,MALE,New Era Life Insurance Company,ATTAINED_AGE,151.57,151.57,,,,,877-417-7555,http://www.neweralife.com/,"P.O. Box 4884, Houston, TX 77210-4884"
TX,79601,G,MALE,LifeShield National Insurance Company,ATTAINED_AGE,162.41,162.41,,,151.04,151.04,800-851-5041,https://www.lifeshieldnational.com/,"5500 N Western Avenue, Suite 200, Oklahoma City, OK 73118"
TX,79601,G,MALE,Atlantic Capital Life Assurance Company (Standard),ATTAINED_AGE,164.1,164.1,,,152.61,152.61,866-458-1430,https://bankersfidelity.com/,"4370 Peachtree Road, NE Atlanta, GA  30319"
TX,79601,G,MALE,HealthSpring Insurance Company,ATTAINED_AGE,170,170,,,,,877-607-6002,https://www.cigna.com/medicare/shop-plans/supplemental/,"PO Box 5700, Scranton PA 18505-5700"
TX,79601,G,MALE,Medico Life and Health Insurance Company (Preferred),ATTAINED_AGE,173.47,173.47,,,152.65,152.65,800-228-6080,https://www.gomedico.com/,"P.O. Box 10386 Des Moines, IA 50306-0387"
TX,79601,G,MALE,Insurance Company of North America,ATTAINED_AGE,174.75,174.75,,,162.52,162.52,215-640-1000,https://www.chubb.com/microsites/ace-medicare-supplement.html,436 Walnut Street
TX,79601,G,MALE,Old Surety Life Insurance Company,ISSUE_AGE,180.04,180.04,167.44,167.44,167.44,167.44,800-272-5466,http://www.oldsurety.com/,"5201 N Lincoln Blvd, Oklahoma City, OK 73105"
TX,79601,G,MALE,Physicians Select Insurance Company,ATTAINED_AGE,182.42,182.42,,,162.15,162.15,800-325-6300,https://www.physiciansmutual.com/cs/products/medsup/medsup.html,"2600 Dodge Street, Omaha, Nebraska 68131"
TX,79601,G,MALE,WoodmenLife,ATTAINED_AGE,183.2,183.2,,,164.88,164.88,1-866-236-0029,https://www.woodmenlife.org/insurance/medicare-supplement-insurance/,"1700 Farnam Street, Omaha, NE 68102"
TX,79601,G,MALE,Lumos Insurance,ATTAINED_AGE,183.98,183.98,,,171.1,171.1,800-752-8328,https://www.lumosinsurance.com/life-health,"2701 North Main Street, Crossville, TN 38555"
TX,79601,G,MALE,Wisconsin Physicians Service Insurance Corporation,ATTAINED_AGE,185.36,185.36,172.38,172.38,172.38,172.38,888-915-5108,https://www.wpshealth.com/,"1717 W. Broadway P.O. Box 8190, Madison, WI 53708-8190"
TX,79601,G,MALE,State Farm Mutual Automobile Insurance Company,ATTAINED_AGE,185.47,185.47,,,,,800-782-8332,https://www.statefarm.com/insurance/health/medicare-supplemental,"One State Farm Plaza, Bloomington, IL 61710"
TX,79601,G,MALE,Bankers Life (Underwritten by Washington National Insurance Company),ATTAINED_AGE,186.3,186.3,,,,,800-446-5018,https://www.bankerslife.com/medicare-supplement-insurance/?src=medicaregov&medium=listing,"11299 Illinois Street, Suite 200, Carmel, IN 46032"
TX,79601,G,MALE,AFLAC,ATTAINED_AGE,187.67,187.67,,,168.9,168.9,866-990-2668,https://www.aflac.com/individuals,"Aflac Tier One, PO Box 14863, Lexington, KY 40512-4863"
TX,79601,G,MALE,Medico Life and Health Insurance Company (Standard I),ATTAINED_AGE,190.82,190.82,,,167.92,167.92,800-228-6080,https://www.gomedico.com/,"P.O. Box 10386 Des Moines, IA 50306-0387"
TX,79601,G,MALE,Humana (Emphesys Insurance Company),ATTAINED_AGE,194.47,194.47,,,170.89,170.89,877-426-1269,https://www.humana.com/medicare/medicare-supplement-plans?kc=0321046030,"P.O. Box 14611 Lexington, KY 40512-4613"
TX,79601,G,MALE,American Benefit Life Insurance Company,ATTAINED_AGE,197.83,197.83,,,178.05,178.05,833-504-0331,https://lbig.com/,"1605 LBJ Freeway, Suite 700 Dallas, Texas 75234"
TX,79601,G,MALE,USAA Life Insurance Company,ATTAINED_AGE,198.73,198.73,188.79,188.79,188.79,188.79,800-531-8722,https://www.usaa.com/inet/wc/insurance-health-medicare,"9800 Fredericksburg Rd. San Antonio, TX 78288"
TX,79601,G,MALE,Medico Life and Health Insurance Company (Standard II),ATTAINED_AGE,216.84,216.84,,,190.82,190.82,800-228-6080,https://www.gomedico.com/,"P.O. Box 10386 Des Moines, IA 50306-0387"
TX,79601,G,MALE,BlueCross BlueShield of Texas,ATTAINED_AGE,217.26,217.26,,,195.53,195.53,312-653-6000,http://www.hcsc.com/,"300 East Randolph Street Chicago, IL  60601-5099"
TX,79601,G,MALE,United American Insurance Company,ATTAINED_AGE,218,218,,,,,800-331-2512,https://www2.unitedamerican.com/,"3700 S Stonebridge Dr, McKinney, TX 75070"
TX,79601,G,MALE,Bankers Life (Underwritten by Washington National Insurance Company) (Substandard),ATTAINED_AGE,229.75,229.75,,,,,800-446-5018,https://www.bankerslife.com/medicare-supplement-insurance/?src=medicaregov&medium=listing,"11299 Illinois Street, Suite 200, Carmel, IN 46032"
TX,79601,G,MALE,Mutual of Omaha (Mutual of Omaha Insurance Company),ATTAINED_AGE,230.27,230.27,,,202.64,202.64,855-977-6312,https://www.mutualofomaha.com/medicaregov/,"3300 Mutual of Omaha Plaza, Omaha, NE 68175"
TX,79601,G,MALE,AARP - UnitedHealthcare Insurance Company (Standard),COMMUNITY_RATED,230.71,230.71,192.56,192.56,,,888-378-0849,https://www.aarpmedicaresupplement.com/,PO Box 9003; Huntingdon Valley PA 19006
TX,79601,G,MALE,Aetna Health Insurance Company,ATTAINED_AGE,236.32,236.32,219.78,219.78,219.78,219.78,800-358-8749 ,https://www.aetnamedicare.com/,"PO Box 14088 Lexington, KY 40513"
TX,79601,G,MALE,Guarantee Trust Life Insurance Company,ATTAINED_AGE,253.26,253.26,,,235.53,235.53,800-338-7452,https://www.gtlic.com/,"1275 Milwaukee Avenue Glenview, IL 60025"
TX,79601,G,MALE,HealthSpring Insurance Company (Standard II),ATTAINED_AGE,254.99,254.99,,,,,877-607-6002,https://www.cigna.com/medicare/shop-plans/supplemental/,"PO Box 5700, Scranton PA 18505-5700"
TX,79601,G,MALE,GPM Health and Life Insurance Company,ATTAINED_AGE,264.68,264.68,,,246.15,246.15,866-242-7573,https://www.gpmhealthandlife.com/wps/portal/home/products/medicare-supplement,"2211 N.E. Loop 410 San Antonio, TX 78217-4630"
TX,79601,G,MALE,AARP - UnitedHealthcare Insurance Company (Level 2),COMMUNITY_RATED,707.59,707.59,636.63,636.63,,,888-378-0849,https://www.aarpmedicaresupplement.com/,PO Box 9003; Huntingdon Valley PA 19006
TX,79601,G,FEMALE,Atlantic Capital Life Assurance Company (Preferred),ATTAINED_AGE,113.32,113.32,,,105.39,105.39,866-458-1430,https://bankersfidelity.com/,"4370 Peachtree Road, NE Atlanta, GA  30319"
TX,79601,G,FEMALE,Nassau Life Insurance Company,ATTAINED_AGE,130.28,130.28,,,,,860-403-5000,https://www.nsre.com/,"One American Row, Hartford, CT  06103"
TX,79601,G,FEMALE,Physicians Select Insurance Company (Innovative),ATTAINED_AGE,133.73,133.73,,,118.87,118.87,800-325-6300,https://www.physiciansmutual.com/cs/products/medsup/medsup.html,"2600 Dodge Street, Omaha, Nebraska 68131"
TX,79601,G,FEMALE,Texas Farm Bureau Health Plans,ATTAINED_AGE,133.86,133.86,,,,,888-708-0123,https://www.mhinsurance.com/,"323 E James M Campbell Blvd, Columbia, TN 38401"
TX,79601,G,FEMALE,New Era Life Insurance Company,ATTAINED_AGE,137.79,137.79,,,,,877-417-7555,http://www.neweralife.com/,"P.O. Box 4884, Houston, TX 77210-4884"
TX,79601,G,FEMALE,LifeShield National Insurance Company,ATTAINED_AGE,141.22,141.22,,,131.33,131.33,800-851-5041,https://www.lifeshieldnational.com/,"5500 N Western Avenue, Suite 200, Oklahoma City, OK 73118"
TX,79601,G,FEMALE,Atlantic Capital Life Assurance Company (Standard),ATTAINED_AGE,142.97,142.97,,,132.96,132.96,866-458-1430,https://bankersfidelity.com/,"4370 Peachtree Road, NE Atlanta, GA  30319"
TX,79601,G,FEMALE,HealthSpring Insurance Company,ATTAINED_AGE,147.82,147.82,,,,,877-607-6002,https://www.cigna.com/medicare/shop-plans/supplemental/,"PO Box 5700, Scranton PA 18505-5700"
TX,79601,G,FEMALE,Medico Life and Health Insurance Company (Preferred),ATTAINED_AGE,150.84,150.84,,,132.74,132.74,800-228-6080,https://www.gomedico.com/,"P.O. Box 10386 Des Moines, IA 50306-0387"
TX,79601,G,FEMALE,Insurance Company of North America,ATTAINED_AGE,154.58,154.58,,,143.76,143.76,215-640-1000,https://www.chubb.com/microsites/ace-medicare-supplement.html,436 Walnut Street
TX,79601,G,FEMALE,WoodmenLife,ATTAINED_AGE,159.3,159.3,,,143.37,143.37,1-866-236-0029,https://www.woodmenlife.org/insurance/medicare-supplement-insurance/,"1700 Farnam Street, Omaha, NE 68102"
TX,79601,G,FEMALE,Old Surety Life Insurance Company,ISSUE_AGE,163.67,163.67,152.21,152.21,,,800-272-5466,http://www.oldsurety.com/,"5201 N Lincoln Blvd, Oklahoma City, OK 73105"
TX,79601,G,FEMALE,AFLAC,ATTAINED_AGE,163.84,163.84,,,147.46,147.46,866-990-2668,https://www.aflac.com/individuals,"Aflac Tier One, PO Box 14863, Lexington, KY 40512-4863"
TX,79601,G,FEMALE,Physicians Select Insurance Company,ATTAINED_AGE,165.04,165.04,,,146.7,146.7,800-325-6300,https://www.physiciansmutual.com/cs/products/medsup/medsup.html,"2600 Dodge Street, Omaha, Nebraska 68131"
TX,79601,G,FEMALE,Medico Life and Health Insurance Company (Standard I),ATTAINED_AGE,165.93,165.93,,,146.02,146.02,800-228-6080,https://www.gomedico.com/,"P.O. Box 10386 Des Moines, IA 50306-0387"
TX,79601,G,FEMALE,Lumos Insurance,ATTAINED_AGE,167.28,167.28,,,155.57,155.57,800-752-8328,https://www.lumosinsurance.com/life-health,"2701 North Main Street, Crossville, TN 38555"
TX,79601,G,FEMALE,Bankers Life (Underwritten by Washington National Insurance Company),ATTAINED_AGE,167.77,167.77,,,,,800-446-5018,https://www.bankerslife.com/medicare-supplement-insurance/?src=medicaregov&medium=listing,"11299 Illinois Street, Suite 200, Carmel, IN 46032"
TX,79601,G,FEMALE,Wisconsin Physicians Service Insurance Corporation,ATTAINED_AGE,168.5,168.5,156.7,156.7,,,888-915-5108,https://www.wpshealth.com/,"1717 W. Broadway P.O. Box 8190, Madison, WI 53708-8190"
TX,79601,G,FEMALE,American Benefit Life Insurance Company,ATTAINED_AGE,172.03,172.03,,,154.83,154.83,833-504-0331,https://lbig.com/,"1605 LBJ Freeway, Suite 700 Dallas, Texas 75234"
TX,79601,G,FEMALE,Humana (Emphesys Insurance Company),ATTAINED_AGE,174.67,174.67,,,153.47,153.47,877-426-1269,https://www.humana.com/medicare/medicare-supplement-plans?kc=0321046030,"P.O. Box 14611 Lexington, KY 40512-4613"
TX,79601,G,FEMALE,State Farm Mutual Automobile Insurance Company,ATTAINED_AGE,181.48,181.48,,,,,800-782-8332,https://www.statefarm.com/insurance/health/medicare-supplemental,"One State Farm Plaza, Bloomington, IL 61710"
TX,79601,G,FEMALE,Medico Life and Health Insurance Company (Standard II),ATTAINED_AGE,188.56,188.56,,,165.93,165.93,800-228-6080,https://www.gomedico.com/,"P.O. Box 10386 Des Moines, IA 50306-0387"
TX,79601,G,FEMALE,United American Insurance Company,ATTAINED_AGE,189,189,,,,,800-331-2512,https://www2.unitedamerican.com/,"3700 S Stonebridge Dr, McKinney, TX 75070"
TX,79601,G,FEMALE,BlueCross BlueShield of Texas,ATTAINED_AGE,193.95,193.95,,,174.56,174.56,312-653-6000,http://www.hcsc.com/,"300 East Randolph Street Chicago, IL  60601-5099"
TX,79601,G,FEMALE,USAA Life Insurance Company,ATTAINED_AGE,198.73,198.73,188.79,188.79,,,800-531-8722,https://www.usaa.com/inet/wc/insurance-health-medicare,"9800 Fredericksburg Rd. San Antonio, TX 78288"
TX,79601,G,FEMALE,Mutual of Omaha (Mutual of Omaha Insurance Company),ATTAINED_AGE,200.25,200.25,,,176.22,176.22,855-977-6312,https://www.mutualofomaha.com/medicaregov/,"3300 Mutual of Omaha Plaza, Omaha, NE 68175"
TX,79601,G,FEMALE,AARP - UnitedHealthcare Insurance Company (Standard),COMMUNITY_RATED,204.48,204.48,170.63,170.63,,,888-378-0849,https://www.aarpmedicaresupplement.com/,PO Box 9003; Huntingdon Valley PA 19006
TX,79601,G,FEMALE,Aetna Health Insurance Company,ATTAINED_AGE,205.42,205.42,191.04,191.04,,,800-358-8749 ,https://www.aetnamedicare.com/,"PO Box 14088 Lexington, KY 40513"
TX,79601,G,FEMALE,Bankers Life (Underwritten by Washington National Insurance Company) (Substandard),ATTAINED_AGE,206.88,206.88,,,,,800-446-5018,https://www.bankerslife.com/medicare-supplement-insurance/?src=medicaregov&medium=listing,"11299 Illinois Street, Suite 200, Carmel, IN 46032"
TX,79601,G,FEMALE,HealthSpring Insurance Company (Standard II),ATTAINED_AGE,221.73,221.73,,,,,877-607-6002,https://www.cigna.com/medicare/shop-plans/supplemental/,"PO Box 5700, Scranton PA 18505-5700"
TX,79601,G,FEMALE,Guarantee Trust Life Insurance Company,ATTAINED_AGE,226.13,226.13,,,210.3,210.3,800-338-7452,https://www.gtlic.com/,"1275 Milwaukee Avenue Glenview, IL 60025"
TX,79601,G,FEMALE,GPM Health and Life Insurance Company,ATTAINED_AGE,230.15,230.15,,,214.04,214.04,866-242-7573,https://www.gpmhealthandlife.com/wps/portal/home/products/medicare-supplement,"2211 N.E. Loop 410 San Antonio, TX 78217-4630"
TX,79601,G,FEMALE,AARP - UnitedHealthcare Insurance Company (Level 2),COMMUNITY_RATED,627.61,627.61,564.64,564.64,,,888-378-0849,https://www.aarpmedicaresupplement.com/,PO Box 9003; Huntingdon Valley PA 19006
TX,79601,N,MALE,Atlantic Capital Life Assurance Company (Preferred),ATTAINED_AGE,99.17,99.17,,,92.23,92.23,866-458-1430,https://bankersfidelity.com/,"4370 Peachtree Road, NE Atlanta, GA  30319"
TX,79601,N,MALE,Nassau Life Insurance Company,ATTAINED_AGE,107.39,107.39,,,,,860-403-5000,https://www.nsre.com/,"One American Row, Hartford, CT  06103"
TX,79601,N,MALE,Texas Farm Bureau Health Plans,ATTAINED_AGE,113.34,113.34,,,,,888-708-0123,https://www.mhinsurance.com/,"323 E James M Campbell Blvd, Columbia, TN 38401"
TX,79601,N,MALE,HealthSpring Insurance Company,ATTAINED_AGE,114.57,114.57,,,,,877-607-6002,https://www.cigna.com/medicare/shop-plans/supplemental/,"PO Box 5700, Scranton PA 18505-5700"
TX,79601,N,MALE,Insurance Company of North America,ATTAINED_AGE,116.33,116.33,,,108.19,108.19,215-640-1000,https://www.chubb.com/microsites/ace-medicare-supplement.html,436 Walnut Street
TX,79601,N,MALE,Bankers Life (Underwritten by Washington National Insurance Company),ATTAINED_AGE,116.94,116.94,,,,,800-446-5018,https://www.bankerslife.com/medicare-supplement-insurance/?src=medicaregov&medium=listing,"11299 Illinois Street, Suite 200, Carmel, IN 46032"
TX,79601,N,MALE,LifeShield National Insurance Company,ATTAINED_AGE,121.04,121.04,,,112.57,112.57,800-851-5041,https://www.lifeshieldnational.com/,"5500 N Western Avenue, Suite 200, Oklahoma City, OK 73118"
TX,79601,N,MALE,Lumos Insurance,ATTAINED_AGE,121.05,121.05,,,112.58,112.58,800-752-8328,https://www.lumosinsurance.com/life-health,"2701 North Main Street, Crossville, TN 38555"
TX,79601,N,MALE,New Era Life Insurance Company,ATTAINED_AGE,122.28,122.28,,,,,877-417-7555,http://www.neweralife.com/,"P.O. Box 4884, Houston, TX 77210-4884"
TX,79601,N,MALE,Atlantic Capital Life Assurance Company (Standard),ATTAINED_AGE,125.08,125.08,,,116.32,116.32,866-458-1430,https://bankersfidelity.com/,"4370 Peachtree Road, NE Atlanta, GA  30319"
TX,79601,N,MALE,Medico Life and Health Insurance Company (Preferred),ATTAINED_AGE,127.35,127.35,,,112.07,112.07,800-228-6080,https://www.gomedico.com/,"P.O. Box 10386 Des Moines, IA 50306-0387"
TX,79601,N,MALE,WoodmenLife,ATTAINED_AGE,127.58,127.58,,,114.82,114.82,1-866-236-0029,https://www.woodmenlife.org/insurance/medicare-supplement-insurance/,"1700 Farnam Street, Omaha, NE 68102"
TX,79601,N,MALE,AFLAC,ATTAINED_AGE,128.2,128.2,,,115.38,115.38,866-990-2668,https://www.aflac.com/individuals,"Aflac Tier One, PO Box 14863, Lexington, KY 40512-4863"
TX,79601,N,MALE,State Farm Mutual Automobile Insurance Company,ATTAINED_AGE,128.78,128.78,,,,,800-782-8332,https://www.statefarm.com/insurance/health/medicare-supplemental,"One State Farm Plaza, Bloomington, IL 61710"
TX,79601,N,MALE,Medico Life and Health Insurance Company (Standard I),ATTAINED_AGE,140.08,140.08,,,123.27,123.27,800-228-6080,https://www.gomedico.com/,"P.O. Box 10386 Des Moines, IA 50306-0387"
TX,79601,N,MALE,American Benefit Life Insurance Company,ATTAINED_AGE,142.28,142.28,,,128.05,128.05,833-504-0331,https://lbig.com/,"1605 LBJ Freeway, Suite 700 Dallas, Texas 75234"
TX,79601,N,MALE,Bankers Life (Underwritten by Washington National Insurance Company) (Substandard),ATTAINED_AGE,144.14,144.14,,,,,800-446-5018,https://www.bankerslife.com/medicare-supplement-insurance/?src=medicaregov&medium=listing,"11299 Illinois Street, Suite 200, Carmel, IN 46032"
TX,79601,N,MALE,Humana (Emphesys Insurance Company),ATTAINED_AGE,145.35,145.35,,,127.67,127.67,877-426-1269,https://www.humana.com/medicare/medicare-supplement-plans?kc=0321046030,"P.O. Box 14611 Lexington, KY 40512-4613"
TX,79601,N,MALE,Wisconsin Physicians Service Insurance Corporation,ATTAINED_AGE,156.34,156.34,145.4,145.4,145.4,145.4,888-915-5108,https://www.wpshealth.com/,"1717 W. Broadway P.O. Box 8190, Madison, WI 53708-8190"
TX,79601,N,MALE,GPM Health and Life Insurance Company,ATTAINED_AGE,158.97,158.97,,,147.84,147.84,866-242-7573,https://www.gpmhealthandlife.com/wps/portal/home/products/medicare-supplement,"2211 N.E. Loop 410 San Antonio, TX 78217-4630"
TX,79601,N,MALE,Medico Life and Health Insurance Company (Standard II),ATTAINED_AGE,159.19,159.19,,,140.09,140.09,800-228-6080,https://www.gomedico.com/,"P.O. Box 10386 Des Moines, IA 50306-0387"
TX,79601,N,MALE,Guarantee Trust Life Insurance Company,ATTAINED_AGE,160.82,160.82,,,149.56,149.56,800-338-7452,https://www.gtlic.com/,"1275 Milwaukee Avenue Glenview, IL 60025"
TX,79601,N,MALE,Mutual of Omaha (Mutual of Omaha Insurance Company),ATTAINED_AGE,160.84,160.84,,,141.54,141.54,855-977-6312,https://www.mutualofomaha.com/medicaregov/,"3300 Mutual of Omaha Plaza, Omaha, NE 68175"
TX,79601,N,MALE,Aetna Health Insurance Company,ATTAINED_AGE,162.27,162.27,150.91,150.91,150.91,150.91,800-358-8749 ,https://www.aetnamedicare.com/,"PO Box 14088 Lexington, KY 40513"
TX,79601,N,MALE,USAA Life Insurance Company,ATTAINED_AGE,164.9,164.9,156.66,156.66,156.66,156.66,800-531-8722,https://www.usaa.com/inet/wc/insurance-health-medicare,"9800 Fredericksburg Rd. San Antonio, TX 78288"
TX,79601,N,MALE,HealthSpring Insurance Company (Standard II),ATTAINED_AGE,171.86,171.86,,,,,877-607-6002,https://www.cigna.com/medicare/shop-plans/supplemental/,"PO Box 5700, Scranton PA 18505-5700"
TX,79601,N,MALE,BlueCross BlueShield of Texas,ATTAINED_AGE,176.45,176.45,,,158.8,158.8,312-653-6000,http://www.hcsc.com/,"300 East Randolph Street Chicago, IL  60601-5099"
TX,79601,N,MALE,AARP - UnitedHealthcare Insurance Company (Standard),COMMUNITY_RATED,197.77,197.77,165.02,165.02,,,888-378-0849,https://www.aarpmedicaresupplement.com/,PO Box 9003; Huntingdon Valley PA 19006
TX,79601,N,MALE,United American Insurance Company,ATTAINED_AGE,242,242,,,,,800-331-2512,https://www2.unitedamerican.com/,"3700 S Stonebridge Dr, McKinney, TX 75070"
TX,79601,N,MALE,AARP - UnitedHealthcare Insurance Company (Level 2),COMMUNITY_RATED,573.74,573.74,516.16,516.16,,,888-378-0849,https://www.aarpmedicaresupplement.com/,PO Box 9003; Huntingdon Valley PA 19006
TX,79601,N,FEMALE,Atlantic Capital Life Assurance Company (Preferred),ATTAINED_AGE,86.47,86.47,,,80.42,80.42,866-458-1430,https://bankersfidelity.com/,"4370 Peachtree Road, NE Atlanta, GA  30319"
TX,79601,N,FEMALE,Nassau Life Insurance Company,ATTAINED_AGE,93.43,93.43,,,,,860-403-5000,https://www.nsre.com/,"One American Row, Hartford, CT  06103"
TX,79601,N,FEMALE,HealthSpring Insurance Company,ATTAINED_AGE,99.63,99.63,,,,,877-607-6002,https://www.cigna.com/medicare/shop-plans/supplemental/,"PO Box 5700, Scranton PA 18505-5700"
TX,79601,N,FEMALE,Texas Farm Bureau Health Plans,ATTAINED_AGE,101.28,101.28,,,,,888-708-0123,https://www.mhinsurance.com/,"323 E James M Campbell Blvd, Columbia, TN 38401"
TX,79601,N,FEMALE,Insurance Company of North America,ATTAINED_AGE,103,103,,,95.79,95.79,215-640-1000,https://www.chubb.com/microsites/ace-medicare-supplement.html,436 Walnut Street
TX,79601,N,FEMALE,LifeShield National Insurance Company,ATTAINED_AGE,105.25,105.25,,,97.88,97.88,800-851-5041,https://www.lifeshieldnational.com/,"5500 N Western Avenue, Suite 200, Oklahoma City, OK 73118"
TX,79601,N,FEMALE,Bankers Life (Underwritten by Washington National Insurance Company),ATTAINED_AGE,105.35,105.35,,,,,800-446-5018,https://www.bankerslife.com/medicare-supplement-insurance/?src=medicaregov&medium=listing,"11299 Illinois Street, Suite 200, Carmel, IN 46032"
TX,79601,N,FEMALE,New Era Life Insurance Company,ATTAINED_AGE,108.22,108.22,,,,,877-417-7555,http://www.neweralife.com/,"P.O. Box 4884, Houston, TX 77210-4884"
TX,79601,N,FEMALE,Atlantic Capital Life Assurance Company (Standard),ATTAINED_AGE,109.01,109.01,,,101.38,101.38,866-458-1430,https://bankersfidelity.com/,"4370 Peachtree Road, NE Atlanta, GA  30319"
TX,79601,N,FEMALE,Lumos Insurance,ATTAINED_AGE,109.96,109.96,,,102.26,102.26,800-752-8328,https://www.lumosinsurance.com/life-health,"2701 North Main Street, Crossville, TN 38555"
TX,79601,N,FEMALE,Medico Life and Health Insurance Company (Preferred),ATTAINED_AGE,110.74,110.74,,,97.45,97.45,800-228-6080,https://www.gomedico.com/,"P.O. Box 10386 Des Moines, IA 50306-0387"
TX,79601,N,FEMALE,WoodmenLife,ATTAINED_AGE,110.95,110.95,,,99.86,99.86,1-866-236-0029,https://www.woodmenlife.org/insurance/medicare-supplement-insurance/,"1700 Farnam Street, Omaha, NE 68102"
TX,79601,N,FEMALE,AFLAC,ATTAINED_AGE,111.92,111.92,,,100.73,100.73,866-990-2668,https://www.aflac.com/individuals,"Aflac Tier One, PO Box 14863, Lexington, KY 40512-4863"
TX,79601,N,FEMALE,Medico Life and Health Insurance Company (Standard I),ATTAINED_AGE,121.81,121.81,,,107.19,107.19,800-228-6080,https://www.gomedico.com/,"P.O. Box 10386 Des Moines, IA 50306-0387"
TX,79601,N,FEMALE,State Farm Mutual Automobile Insurance Company,ATTAINED_AGE,123.51,123.51,,,,,800-782-8332,https://www.statefarm.com/insurance/health/medicare-supplemental,"One State Farm Plaza, Bloomington, IL 61710"
TX,79601,N,FEMALE,American Benefit Life Insurance Company,ATTAINED_AGE,123.72,123.72,,,111.35,111.35,833-504-0331,https://lbig.com/,"1605 LBJ Freeway, Suite 700 Dallas, Texas 75234"
TX,79601,N,FEMALE,Bankers Life (Underwritten by Washington National Insurance Company) (Substandard),ATTAINED_AGE,129.84,129.84,,,,,800-446-5018,https://www.bankerslife.com/medicare-supplement-insurance/?src=medicaregov&medium=listing,"11299 Illinois Street, Suite 200, Carmel, IN 46032"
TX,79601,N,FEMALE,Humana (Emphesys Insurance Company),ATTAINED_AGE,130.55,130.55,,,114.64,114.64,877-426-1269,https://www.humana.com/medicare/medicare-supplement-plans?kc=0321046030,"P.O. Box 14611 Lexington, KY 40512-4613"
TX,79601,N,FEMALE,GPM Health and Life Insurance Company,ATTAINED_AGE,138.23,138.23,,,128.55,128.55,866-242-7573,https://www.gpmhealthandlife.com/wps/portal/home/products/medicare-supplement,"2211 N.E. Loop 410 San Antonio, TX 78217-4630"
TX,79601,N,FEMALE,Medico Life and Health Insurance Company (Standard II),ATTAINED_AGE,138.42,138.42,,,121.81,121.81,800-228-6080,https://www.gomedico.com/,"P.O. Box 10386 Des Moines, IA 50306-0387"
TX,79601,N,FEMALE,Mutual of Omaha (Mutual of Omaha Insurance Company),ATTAINED_AGE,139.87,139.87,,,123.09,123.09,855-977-6312,https://www.mutualofomaha.com/medicaregov/,"3300 Mutual of Omaha Plaza, Omaha, NE 68175"
TX,79601,N,FEMALE,Aetna Health Insurance Company,ATTAINED_AGE,141.03,141.03,131.16,131.16,,,800-358-8749 ,https://www.aetnamedicare.com/,"PO Box 14088 Lexington, KY 40513"
TX,79601,N,FEMALE,Wisconsin Physicians Service Insurance Corporation,ATTAINED_AGE,142.13,142.13,132.18,132.18,,,888-915-5108,https://www.wpshealth.com/,"1717 W. Broadway P.O. Box 8190, Madison, WI 53708-8190"
TX,79601,N,FEMALE,Guarantee Trust Life Insurance Company,ATTAINED_AGE,143.59,143.59,,,133.54,133.54,800-338-7452,https://www.gtlic.com/,"1275 Milwaukee Avenue Glenview, IL 60025"
TX,79601,N,FEMALE,HealthSpring Insurance Company (Standard II),ATTAINED_AGE,149.44,149.44,,,,,877-607-6002,https://www.cigna.com/medicare/shop-plans/supplemental/,"PO Box 5700, Scranton PA 18505-5700"
TX,79601,N,FEMALE,BlueCross BlueShield of Texas,ATTAINED_AGE,157.55,157.55,,,141.8,141.8,312-653-6000,http://www.hcsc.com/,"300 East Randolph Street Chicago, IL  60601-5099"
TX,79601,N,FEMALE,USAA Life Insurance Company,ATTAINED_AGE,164.9,164.9,156.66,156.66,,,800-531-8722,https://www.usaa.com/inet/wc/insurance-health-medicare,"9800 Fredericksburg Rd. San Antonio, TX 78288"
TX,79601,N,FEMALE,AARP - UnitedHealthcare Insurance Company (Standard),COMMUNITY_RATED,175.2,175.2,146.15,146.15,,,888-378-0849,https://www.aarpmedicaresupplement.com/,PO Box 9003; Huntingdon Valley PA 19006
TX,79601,N,FEMALE,United American Insurance Company,ATTAINED_AGE,211,211,,,,,800-331-2512,https://www2.unitedamerican.com/,"3700 S Stonebridge Dr, McKinney, TX 75070"
TX,79601,N,FEMALE,AARP - UnitedHealthcare Insurance Company (Level 2),COMMUNITY_RATED,508.69,508.69,457.62,457.62,,,888-378-0849,https://www.aarpmedicaresupplement.com/,PO Box 9003; Huntingdon Valley PA 19006
TX,79901,G,MALE,Atlantic Capital Life Assurance Company (Preferred),ATTAINED_AGE,130.02,130.02,,,120.92,120.92,866-458-1430,https://bankersfidelity.com/,"4370 Peachtree Road, NE Atlanta, GA  30319"
TX,79901,G,MALE,Physicians Select Insurance Company (Innovative),ATTAINED_AGE,147.81,147.81,,,131.39,131.39,800-325-6300,https://www.physiciansmutual.com/cs/products/medsup/medsup.html,"2600 Dodge Street, Omaha, Nebraska 68131"
TX,79901,G,MALE,Texas Farm Bureau Health Plans,ATTAINED_AGE,149.49,149.49,,,,,888-708-0123,https://www.mhinsurance.com/,"323 E James M Campbell Blvd, Columbia, TN 38401"
TX,79901,G,MALE,Nassau Life Insurance Company,ATTAINED_AGE,149.75,149.75,,,,,860-403-5000,https://www.nsre.com/,"One American Row, Hartford, CT  06103"
TX,79901,G,MALE,New Era Life Insurance Company,ATTAINED_AGE,151.57,151.57,,,,,877-417-7555,http://www.neweralife.com/,"P.O. Box 4884, Houston, TX 77210-4884"
TX,79901,G,MALE,Medico Life and Health Insurance Company (Preferred),ATTAINED_AGE,157.7,157.7,,,138.78,138.78,800-228-6080,https://www.gomedico.com/,"P.O. Box 10386 Des Moines, IA 50306-0387"
TX,79901,G,MALE,LifeShield National Insurance Company,ATTAINED_AGE,162.41,162.41,,,151.04,151.04,800-851-5041,https://www.lifeshieldnational.com/,"5500 N Western Avenue, Suite 200, Oklahoma City, OK 73118"
TX,79901,G,MALE,Atlantic Capital Life Assurance Company (Standard),ATTAINED_AGE,164.1,164.1,,,152.61,152.61,866-458-1430,https://bankersfidelity.com/,"4370 Peachtree Road, NE Atlanta, GA  30319"
TX,79901,G,MALE,HealthSpring Insurance Company,ATTAINED_AGE,170,170,,,,,877-607-6002,https://www.cigna.com/medicare/shop-plans/supplemental/,"PO Box 5700, Scranton PA 18505-5700"
TX,79901,G,MALE,Medico Life and Health Insurance Company (Standard I),ATTAINED_AGE,173.47,173.47,,,152.65,152.65,800-228-6080,https://www.gomedico.com/,"P.O. Box 10386 Des Moines, IA 50306-0387"
TX,79901,G,MALE,Insurance Company of North America,ATTAINED_AGE,174.75,174.75,,,162.52,162.52,215-640-1000,https://www.chubb.com/microsites/ace-medicare-supplement.html,436 Walnut Street
TX,79901,G,MALE,AFLAC,ATTAINED_AGE,179.24,179.24,,,161.32,161.32,866-990-2668,https://www.aflac.com/individuals,"Aflac Tier One, PO Box 14863, Lexington, KY 40512-4863"
TX,79901,G,MALE,Old Surety Life Insurance Company,ISSUE_AGE,180.04,180.04,167.44,167.44,167.44,167.44,800-272-5466,http://www.oldsurety.com/,"5201 N Lincoln Blvd, Oklahoma City, OK 73105"
TX,79901,G,MALE,USAA Life Insurance Company,ATTAINED_AGE,180.88,180.88,171.84,171.84,171.84,171.84,800-531-8722,https://www.usaa.com/inet/wc/insurance-health-medicare,"9800 Fredericksburg Rd. San Antonio, TX 78288"
TX,79901,G,MALE,Physicians Select Insurance Company,ATTAINED_AGE,182.42,182.42,,,162.15,162.15,800-325-6300,https://www.physiciansmutual.com/cs/products/medsup/medsup.html,"2600 Dodge Street, Omaha, Nebraska 68131"
TX,79901,G,MALE,WoodmenLife,ATTAINED_AGE,183.2,183.2,,,164.88,164.88,1-866-236-0029,https://www.woodmenlife.org/insurance/medicare-supplement-insurance/,"1700 Farnam Street, Omaha, NE 68102"
TX,79901,G,MALE,Lumos Insurance,ATTAINED_AGE,183.98,183.98,,,171.1,171.1,800-752-8328,https://www.lumosinsurance.com/life-health,"2701 North Main Street, Crossville, TN 38555"
TX,79901,G,MALE,Wisconsin Physicians Service Insurance Corporation,ATTAINED_AGE,185.36,185.36,172.38,172.38,172.38,172.38,888-915-5108,https://www.wpshealth.com/,"1717 W. Broadway P.O. Box 8190, Madison, WI 53708-8190"
TX,79901,G,MALE,State Farm Mutual Automobile Insurance Company,ATTAINED_AGE,185.47,185.47,,,,,800-782-8332,https://www.statefarm.com/insurance/health/medicare-supplemental,"One State Farm Plaza, Bloomington, IL 61710"
TX,79901,G,MALE,Bankers Life (Underwritten by Washington National Insurance Company),ATTAINED_AGE,186.3,186.3,,,,,800-446-5018,https://www.bankerslife.com/medicare-supplement-insurance/?src=medicaregov&medium=listing,"11299 Illinois Street, Suite 200, Carmel, IN 46032"
TX,79901,G,MALE,Humana (Emphesys Insurance Company),ATTAINED_AGE,194.47,194.47,,,170.89,170.89,877-426-1269,https://www.humana.com/medicare/medicare-supplement-plans?kc=0321046030,"P.O. Box 14611 Lexington, KY 40512-4613"
TX,79901,G,MALE,American Benefit Life Insurance Company,ATTAINED_AGE,195.28,195.28,,,175.75,175.75,833-504-0331,https://lbig.com/,"1605 LBJ Freeway, Suite 700 Dallas, Texas 75234"
TX,79901,G,MALE,Medico Life and Health Insurance Company (Standard II),ATTAINED_AGE,197.13,197.13,,,173.47,173.47,800-228-6080,https://www.gomedico.com/,"P.O. Box 10386 Des Moines, IA 50306-0387"
TX,79901,G,MALE,BlueCross BlueShield of Texas,ATTAINED_AGE,217.26,217.26,,,195.53,195.53,312-653-6000,http://www.hcsc.com/,"300 East Randolph Street Chicago, IL  60601-5099"
TX,79901,G,MALE,Bankers Life (Underwritten by Washington National Insurance Company) (Substandard),ATTAINED_AGE,229.75,229.75,,,,,800-446-5018,https://www.bankerslife.com/medicare-supplement-insurance/?src=medicaregov&medium=listing,"11299 Illinois Street, Suite 200, Carmel, IN 46032"
TX,79901,G,MALE,Mutual of Omaha (Mutual of Omaha Insurance Company),ATTAINED_AGE,230.27,230.27,,,202.64,202.64,855-977-6312,https://www.mutualofomaha.com/medicaregov/,"3300 Mutual of Omaha Plaza, Omaha, NE 68175"
TX,79901,G,MALE,AARP - UnitedHealthcare Insurance Company (Standard),COMMUNITY_RATED,230.71,230.71,192.56,192.56,,,888-378-0849,https://www.aarpmedicaresupplement.com/,PO Box 9003; Huntingdon Valley PA 19006
TX,79901,G,MALE,Aetna Health Insurance Company,ATTAINED_AGE,236.32,236.32,219.78,219.78,219.78,219.78,800-358-8749 ,https://www.aetnamedicare.com/,"PO Box 14088 Lexington, KY 40513"
TX,79901,G,MALE,United American Insurance Company,ATTAINED_AGE,251,251,,,,,800-331-2512,https://www2.unitedamerican.com/,"3700 S Stonebridge Dr, McKinney, TX 75070"
TX,79901,G,MALE,Guarantee Trust Life Insurance Company,ATTAINED_AGE,253.26,253.26,,,235.53,235.53,800-338-7452,https://www.gtlic.com/,"1275 Milwaukee Avenue Glenview, IL 60025"
TX,79901,G,MALE,HealthSpring Insurance Company (Standard II),ATTAINED_AGE,254.99,254.99,,,,,877-607-6002,https://www.cigna.com/medicare/shop-plans/supplemental/,"PO Box 5700, Scranton PA 18505-5700"
TX,79901,G,MALE,GPM Health and Life Insurance Company,ATTAINED_AGE,264.68,264.68,,,246.15,246.15,866-242-7573,https://www.gpmhealthandlife.com/wps/portal/home/products/medicare-supplement,"2211 N.E. Loop 410 San Antonio, TX 78217-4630"
TX,79901,G,MALE,AARP - UnitedHealthcare Insurance Company (Level 2),COMMUNITY_RATED,707.59,707.59,636.63,636.63,,,888-378-0849,https://www.aarpmedicaresupplement.com/,PO Box 9003; Huntingdon Valley PA 19006
TX,79901,G,FEMALE,Atlantic Capital Life Assurance Company (Preferred),ATTAINED_AGE,113.32,113.32,,,105.39,105.39,866-458-1430,https://bankersfidelity.com/,"4370 Peachtree Road, NE Atlanta, GA  30319"
TX,79901,G,FEMALE,Nassau Life Insurance Company,ATTAINED_AGE,130.28,130.28,,,,,860-403-5000,https://www.nsre.com/,"One American Row, Hartford, CT  06103"
TX,79901,G,FEMALE,Physicians Select Insurance Company (Innovative),ATTAINED_AGE,133.73,133.73,,,118.87,118.87,800-325-6300,https://www.physiciansmutual.com/cs/products/medsup/medsup.html,"2600 Dodge Street, Omaha, Nebraska 68131"
TX,79901,G,FEMALE,Texas Farm Bureau Health Plans,ATTAINED_AGE,133.86,133.86,,,,,888-708-0123,https://www.mhinsurance.com/,"323 E James M Campbell Blvd, Columbia, TN 38401"
TX,79901,G,FEMALE,Medico Life and Health Insurance Company (Preferred),ATTAINED_AGE,137.13,137.13,,,120.67,120.67,800-228-6080,https://www.gomedico.com/,"P.O. Box 10386 Des Moines, IA 50306-0387"
TX,79901,G,FEMALE,New Era Life Insurance Company,ATTAINED_AGE,137.79,137.79,,,,,877-417-7555,http://www.neweralife.com/,"P.O. Box 4884, Houston, TX 77210-4884"
TX,79901,G,FEMALE,LifeShield National Insurance Company,ATTAINED_AGE,141.22,141.22,,,131.33,131.33,800-851-5041,https://www.lifeshieldnational.com/,"5500 N Western Avenue, Suite 200, Oklahoma City, OK 73118"
TX,79901,G,FEMALE,Atlantic Capital Life Assurance Company (Standard),ATTAINED_AGE,142.97,142.97,,,132.96,132.96,866-458-1430,https://bankersfidelity.com/,"4370 Peachtree Road, NE Atlanta, GA  30319"
TX,79901,G,FEMALE,HealthSpring Insurance Company,ATTAINED_AGE,147.82,147.82,,,,,877-607-6002,https://www.cigna.com/medicare/shop-plans/supplemental/,"PO Box 5700, Scranton PA 18505-5700"
TX,79901,G,FEMALE,Medico Life and Health Insurance Company (Standard I),ATTAINED_AGE,150.84,150.84,,,132.74,132.74,800-228-6080,https://www.gomedico.com/,"P.O. Box 10386 Des Moines, IA 50306-0387"
TX,79901,G,FEMALE,Insurance Company of North America,ATTAINED_AGE,154.58,154.58,,,143.76,143.76,215-640-1000,https://www.chubb.com/microsites/ace-medicare-supplement.html,436 Walnut Street
TX,79901,G,FEMALE,AFLAC,ATTAINED_AGE,156.47,156.47,,,140.82,140.82,866-990-2668,https://www.aflac.com/individuals,"Aflac Tier One, PO Box 14863, Lexington, KY 40512-4863"
TX,79901,G,FEMALE,WoodmenLife,ATTAINED_AGE,159.3,159.3,,,143.37,143.37,1-866-236-0029,https://www.woodmenlife.org/insurance/medicare-supplement-insurance/,"1700 Farnam Street, Omaha, NE 68102"
TX,79901,G,FEMALE,Old Surety Life Insurance Company,ISSUE_AGE,163.67,163.67,152.21,152.21,,,800-272-5466,http://www.oldsurety.com/,"5201 N Lincoln Blvd, Oklahoma City, OK 73105"
TX,79901,G,FEMALE,Physicians Select Insurance Company,ATTAINED_AGE,165.04,165.04,,,146.7,146.7,800-325-6300,https://www.physiciansmutual.com/cs/products/medsup/medsup.html,"2600 Dodge Street, Omaha, Nebraska 68131"
TX,79901,G,FEMALE,Lumos Insurance,ATTAINED_AGE,167.28,167.28,,,155.57,155.57,800-752-8328,https://www.lumosinsurance.com/life-health,"2701 North Main Street, Crossville, TN 38555"
TX,79901,G,FEMALE,Bankers Life (Underwritten by Washington National Insurance Company),ATTAINED_AGE,167.77,167.77,,,,,800-446-5018,https://www.bankerslife.com/medicare-supplement-insurance/?src=medicaregov&medium=listing,"11299 Illinois Street, Suite 200, Carmel, IN 46032"
TX,79901,G,FEMALE,Wisconsin Physicians Service Insurance Corporation,ATTAINED_AGE,168.5,168.5,156.7,156.7,,,888-915-5108,https://www.wpshealth.com/,"1717 W. Broadway P.O. Box 8190, Madison, WI 53708-8190"
TX,79901,G,FEMALE,American Benefit Life Insurance Company,ATTAINED_AGE,169.81,169.81,,,152.83,152.83,833-504-0331,https://lbig.com/,"1605 LBJ Freeway, Suite 700 Dallas, Texas 75234"
TX,79901,G,FEMALE,Medico Life and Health Insurance Company (Standard II),ATTAINED_AGE,171.41,171.41,,,150.84,150.84,800-228-6080,https://www.gomedico.com/,"P.O. Box 10386 Des Moines, IA 50306-0387"
TX,79901,G,FEMALE,Humana (Emphesys Insurance Company),ATTAINED_AGE,174.67,174.67,,,153.47,153.47,877-426-1269,https://www.humana.com/medicare/medicare-supplement-plans?kc=0321046030,"P.O. Box 14611 Lexington, KY 40512-4613"
TX,79901,G,FEMALE,USAA Life Insurance Company,ATTAINED_AGE,180.88,180.88,171.84,171.84,,,800-531-8722,https://www.usaa.com/inet/wc/insurance-health-medicare,"9800 Fredericksburg Rd. San Antonio, TX 78288"
TX,79901,G,FEMALE,State Farm Mutual Automobile Insurance Company,ATTAINED_AGE,181.48,181.48,,,,,800-782-8332,https://www.statefarm.com/insurance/health/medicare-supplemental,"One State Farm Plaza, Bloomington, IL 61710"
TX,79901,G,FEMALE,BlueCross BlueShield of Texas,ATTAINED_AGE,193.95,193.95,,,174.56,174.56,312-653-6000,http://www.hcsc.com/,"300 East Randolph Street Chicago, IL  60601-5099"
TX,79901,G,FEMALE,Mutual of Omaha (Mutual of Omaha Insurance Company),ATTAINED_AGE,200.25,200.25,,,176.22,176.22,855-977-6312,https://www.mutualofomaha.com/medicaregov/,"3300 Mutual of Omaha Plaza, Omaha, NE 68175"
TX,79901,G,FEMALE,AARP - UnitedHealthcare Insurance Company (Standard),COMMUNITY_RATED,204.48,204.48,170.63,170.63,,,888-378-0849,https://www.aarpmedicaresupplement.com/,PO Box 9003; Huntingdon Valley PA 19006
TX,79901,G,FEMALE,Aetna Health Insurance Company,ATTAINED_AGE,205.42,205.42,191.04,191.04,,,800-358-8749 ,https://www.aetnamedicare.com/,"PO Box 14088 Lexington, KY 40513"
TX,79901,G,FEMALE,Bankers Life (Underwritten by Washington National Insurance Company) (Substandard),ATTAINED_AGE,206.88,206.88,,,,,800-446-5018,https://www.bankerslife.com/medicare-supplement-insurance/?src=medicaregov&medium=listing,"11299 Illinois Street, Suite 200, Carmel, IN 46032"
TX,79901,G,FEMALE,United American Insurance Company,ATTAINED_AGE,218,218,,,,,800-331-2512,https://www2.unitedamerican.com/,"3700 S Stonebridge Dr, McKinney, TX 75070"
TX,79901,G,FEMALE,HealthSpring Insurance Company (Standard II),ATTAINED_AGE,221.73,221.73,,,,,877-607-6002,https://www.cigna.com/medicare/shop-plans/supplemental/,"PO Box 5700, Scranton PA 18505-5700"
TX,79901,G,FEMALE,Guarantee Trust Life Insurance Company,ATTAINED_AGE,226.13,226.13,,,210.3,210.3,800-338-7452,https://www.gtlic.com/,"1275 Milwaukee Avenue Glenview, IL 60025"
TX,79901,G,FEMALE,GPM Health and Life Insurance Company,ATTAINED_AGE,230.15,230.15,,,214.04,214.04,866-242-7573,https://www.gpmhealthandlife.com/wps/portal/home/products/medicare-supplement,"2211 N.E. Loop 410 San Antonio, TX 78217-4630"
TX,79901,G,FEMALE,AARP - UnitedHealthcare Insurance Company (Level 2),COMMUNITY_RATED,627.61,627.61,564.64,564.64,,,888-378-0849,https://www.aarpmedicaresupplement.com/,PO Box 9003; Huntingdon Valley PA 19006
TX,79901,N,MALE,Atlantic Capital Life Assurance Company (Preferred),ATTAINED_AGE,99.17,99.17,,,92.23,92.23,866-458-1430,https://bankersfidelity.com/,"4370 Peachtree Road, NE Atlanta, GA  30319"
TX,79901,N,MALE,Nassau Life Insurance Company,ATTAINED_AGE,107.39,107.39,,,,,860-403-5000,https://www.nsre.com/,"One American Row, Hartford, CT  06103"
TX,79901,N,MALE,Texas Farm Bureau Health Plans,ATTAINED_AGE,113.34,113.34,,,,,888-708-0123,https://www.mhinsurance.com/,"323 E James M Campbell Blvd, Columbia, TN 38401"
TX,79901,N,MALE,HealthSpring Insurance Company,ATTAINED_AGE,114.57,114.57,,,,,877-607-6002,https://www.cigna.com/medicare/shop-plans/supplemental/,"PO Box 5700, Scranton PA 18505-5700"
TX,79901,N,MALE,Medico Life and Health Insurance Company (Preferred),ATTAINED_AGE,115.77,115.77,,,101.88,101.88,800-228-6080,https://www.gomedico.com/,"P.O. Box 10386 Des Moines, IA 50306-0387"
TX,79901,N,MALE,Insurance Company of North America,ATTAINED_AGE,116.33,116.33,,,108.19,108.19,215-640-1000,https://www.chubb.com/microsites/ace-medicare-supplement.html,436 Walnut Street
TX,79901,N,MALE,Bankers Life (Underwritten by Washington National Insurance Company),ATTAINED_AGE,116.94,116.94,,,,,800-446-5018,https://www.bankerslife.com/medicare-supplement-insurance/?src=medicaregov&medium=listing,"11299 Illinois Street, Suite 200, Carmel, IN 46032"
TX,79901,N,MALE,LifeShield National Insurance Company,ATTAINED_AGE,121.04,121.04,,,112.57,112.57,800-851-5041,https://www.lifeshieldnational.com/,"5500 N Western Avenue, Suite 200, Oklahoma City, OK 73118"
TX,79901,N,MALE,Lumos Insurance,ATTAINED_AGE,121.05,121.05,,,112.58,112.58,800-752-8328,https://www.lumosinsurance.com/life-health,"2701 North Main Street, Crossville, TN 38555"
TX,79901,N,MALE,New Era Life Insurance Company,ATTAINED_AGE,122.28,122.28,,,,,877-417-7555,http://www.neweralife.com/,"P.O. Box 4884, Houston, TX 77210-4884"
TX,79901,N,MALE,AFLAC,ATTAINED_AGE,122.44,122.44,,,110.2,110.2,866-990-2668,https://www.aflac.com/individuals,"Aflac Tier One, PO Box 14863, Lexington, KY 40512-4863"
TX,79901,N,MALE,Atlantic Capital Life Assurance Company (Standard),ATTAINED_AGE,125.08,125.08,,,116.32,116.32,866-458-1430,https://bankersfidelity.com/,"4370 Peachtree Road, NE Atlanta, GA  30319"
TX,79901,N,MALE,Medico Life and Health Insurance Company (Standard I),ATTAINED_AGE,127.35,127.35,,,112.07,112.07,800-228-6080,https://www.gomedico.com/,"P.O. Box 10386 Des Moines, IA 50306-0387"
TX,79901,N,MALE,WoodmenLife,ATTAINED_AGE,127.58,127.58,,,114.82,114.82,1-866-236-0029,https://www.woodmenlife.org/insurance/medicare-supplement-insurance/,"1700 Farnam Street, Omaha, NE 68102"
TX,79901,N,MALE,State Farm Mutual Automobile Insurance Company,ATTAINED_AGE,128.78,128.78,,,,,800-782-8332,https://www.statefarm.com/insurance/health/medicare-supplemental,"One State Farm Plaza, Bloomington, IL 61710"
TX,79901,N,MALE,American Benefit Life Insurance Company,ATTAINED_AGE,140.44,140.44,,,126.4,126.4,833-504-0331,https://lbig.com/,"1605 LBJ Freeway, Suite 700 Dallas, Texas 75234"
TX,79901,N,MALE,Bankers Life (Underwritten by Washington National Insurance Company) (Substandard),ATTAINED_AGE,144.14,144.14,,,,,800-446-5018,https://www.bankerslife.com/medicare-supplement-insurance/?src=medicaregov&medium=listing,"11299 Illinois Street, Suite 200, Carmel, IN 46032"
TX,79901,N,MALE,Medico Life and Health Insurance Company (Standard II),ATTAINED_AGE,144.71,144.71,,,127.34,127.34,800-228-6080,https://www.gomedico.com/,"P.O. Box 10386 Des Moines, IA 50306-0387"
TX,79901,N,MALE,Humana (Emphesys Insurance Company),ATTAINED_AGE,145.35,145.35,,,127.67,127.67,877-426-1269,https://www.humana.com/medicare/medicare-supplement-plans?kc=0321046030,"P.O. Box 14611 Lexington, KY 40512-4613"
TX,79901,N,MALE,USAA Life Insurance Company,ATTAINED_AGE,150.11,150.11,142.6,142.6,142.6,142.6,800-531-8722,https://www.usaa.com/inet/wc/insurance-health-medicare,"9800 Fredericksburg Rd. San Antonio, TX 78288"
TX,79901,N,MALE,Wisconsin Physicians Service Insurance Corporation,ATTAINED_AGE,156.34,156.34,145.4,145.4,145.4,145.4,888-915-5108,https://www.wpshealth.com/,"1717 W. Broadway P.O. Box 8190, Madison, WI 53708-8190"
TX,79901,N,MALE,GPM Health and Life Insurance Company,ATTAINED_AGE,158.97,158.97,,,147.84,147.84,866-242-7573,https://www.gpmhealthandlife.com/wps/portal/home/products/medicare-supplement,"2211 N.E. Loop 410 San Antonio, TX 78217-4630"
TX,79901,N,MALE,Guarantee Trust Life Insurance Company,ATTAINED_AGE,160.82,160.82,,,149.56,149.56,800-338-7452,https://www.gtlic.com/,"1275 Milwaukee Avenue Glenview, IL 60025"
TX,79901,N,MALE,Mutual of Omaha (Mutual of Omaha Insurance Company),ATTAINED_AGE,160.84,160.84,,,141.54,141.54,855-977-6312,https://www.mutualofomaha.com/medicaregov/,"3300 Mutual of Omaha Plaza, Omaha, NE 68175"
TX,79901,N,MALE,Aetna Health Insurance Company,ATTAINED_AGE,162.27,162.27,150.91,150.91,150.91,150.91,800-358-8749 ,https://www.aetnamedicare.com/,"PO Box 14088 Lexington, KY 40513"
TX,79901,N,MALE,HealthSpring Insurance Company (Standard II),ATTAINED_AGE,171.86,171.86,,,,,877-607-6002,https://www.cigna.com/medicare/shop-plans/supplemental/,"PO Box 5700, Scranton PA 18505-5700"
TX,79901,N,MALE,BlueCross BlueShield of Texas,ATTAINED_AGE,176.45,176.45,,,158.8,158.8,312-653-6000,http://www.hcsc.com/,"300 East Randolph Street Chicago, IL  60601-5099"
TX,79901,N,MALE,AARP - UnitedHealthcare Insurance Company (Standard),COMMUNITY_RATED,197.77,197.77,165.02,165.02,,,888-378-0849,https://www.aarpmedicaresupplement.com/,PO Box 9003; Huntingdon Valley PA 19006
TX,79901,N,MALE,United American Insurance Company,ATTAINED_AGE,279,279,,,,,800-331-2512,https://www2.unitedamerican.com/,"3700 S Stonebridge Dr, McKinney, TX 75070"
TX,79901,N,MALE,AARP - UnitedHealthcare Insurance Company (Level 2),COMMUNITY_RATED,573.74,573.74,516.16,516.16,,,888-378-0849,https://www.aarpmedicaresupplement.com/,PO Box 9003; Huntingdon Valley PA 19006
TX,79901,N,FEMALE,Atlantic Capital Life Assurance Company (Preferred),ATTAINED_AGE,86.47,86.47,,,80.42,80.42,866-458-1430,https://bankersfidelity.com/,"4370 Peachtree Road, NE Atlanta, GA  30319"
TX,79901,N,FEMALE,Nassau Life Insurance Company,ATTAINED_AGE,93.43,93.43,,,,,860-403-5000,https://www.nsre.com/,"One American Row, Hartford, CT  06103"
TX,79901,N,FEMALE,HealthSpring Insurance Company,ATTAINED_AGE,99.63,99.63,,,,,877-607-6002,https://www.cigna.com/medicare/shop-plans/supplemental/,"PO Box 5700, Scranton PA 18505-5700"
TX,79901,N,FEMALE,Medico Life and Health Insurance Company (Preferred),ATTAINED_AGE,100.67,100.67,,,88.59,88.59,800-228-6080,https://www.gomedico.com/,"P.O. Box 10386 Des Moines, IA 50306-0387"
TX,79901,N,FEMALE,Texas Farm Bureau Health Plans,ATTAINED_AGE,101.28,101.28,,,,,888-708-0123,https://www.mhinsurance.com/,"323 E James M Campbell Blvd, Columbia, TN 38401"
TX,79901,N,FEMALE,Insurance Company of North America,ATTAINED_AGE,103,103,,,95.79,95.79,215-640-1000,https://www.chubb.com/microsites/ace-medicare-supplement.html,436 Walnut Street
TX,79901,N,FEMALE,LifeShield National Insurance Company,ATTAINED_AGE,105.25,105.25,,,97.88,97.88,800-851-5041,https://www.lifeshieldnational.com/,"5500 N Western Avenue, Suite 200, Oklahoma City, OK 73118"
TX,79901,N,FEMALE,Bankers Life (Underwritten by Washington National Insurance Company),ATTAINED_AGE,105.35,105.35,,,,,800-446-5018,https://www.bankerslife.com/medicare-supplement-insurance/?src=medicaregov&medium=listing,"11299 Illinois Street, Suite 200, Carmel, IN 46032"
TX,79901,N,FEMALE,AFLAC,ATTAINED_AGE,106.89,106.89,,,96.2,96.2,866-990-2668,https://www.aflac.com/individuals,"Aflac Tier One, PO Box 14863, Lexington, KY 40512-4863"
TX,79901,N,FEMALE,New Era Life Insurance Company,ATTAINED_AGE,108.22,108.22,,,,,877-417-7555,http://www.neweralife.com/,"P.O. Box 4884, Houston, TX 77210-4884"
TX,79901,N,FEMALE,Atlantic Capital Life Assurance Company (Standard),ATTAINED_AGE,109.01,109.01,,,101.38,101.38,866-458-1430,https://bankersfidelity.com/,"4370 Peachtree Road, NE Atlanta, GA  30319"
TX,79901,N,FEMALE,Lumos Insurance,ATTAINED_AGE,109.96,109.96,,,102.26,102.26,800-752-8328,https://www.lumosinsurance.com/life-health,"2701 North Main Street, Crossville, TN 38555"
TX,79901,N,FEMALE,Medico Life and Health Insurance Company (Standard I),ATTAINED_AGE,110.74,110.74,,,97.45,97.45,800-228-6080,https://www.gomedico.com/,"P.O. Box 10386 Des Moines, IA 50306-0387"
TX,79901,N,FEMALE,WoodmenLife,ATTAINED_AGE,110.95,110.95,,,99.86,99.86,1-866-236-0029,https://www.woodmenlife.org/insurance/medicare-supplement-insurance/,"1700 Farnam Street, Omaha, NE 68102"
TX,79901,N,FEMALE,American Benefit Life Insurance Company,ATTAINED_AGE,122.12,122.12,,,109.91,109.91,833-504-0331,https://lbig.com/,"1605 LBJ Freeway, Suite 700 Dallas, Texas 75234"
TX,79901,N,FEMALE,State Farm Mutual Automobile Insurance Company,ATTAINED_AGE,123.51,123.51,,,,,800-782-8332,https://www.statefarm.com/insurance/health/medicare-supplemental,"One State Farm Plaza, Bloomington, IL 61710"
TX,79901,N,FEMALE,Medico Life and Health Insurance Company (Standard II),ATTAINED_AGE,125.84,125.84,,,110.74,110.74,800-228-6080,https://www.gomedico.com/,"P.O. Box 10386 Des Moines, IA 50306-0387"
TX,79901,N,FEMALE,Bankers Life (Underwritten by Washington National Insurance Company) (Substandard),ATTAINED_AGE,129.84,129.84,,,,,800-446-5018,https://www.bankerslife.com/medicare-supplement-insurance/?src=medicaregov&medium=listing,"11299 Illinois Street, Suite 200, Carmel, IN 46032"
TX,79901,N,FEMALE,Humana (Emphesys Insurance Company),ATTAINED_AGE,130.55,130.55,,,114.64,114.64,877-426-1269,https://www.humana.com/medicare/medicare-supplement-plans?kc=0321046030,"P.O. Box 14611 Lexington, KY 40512-4613"
TX,79901,N,FEMALE,GPM Health and Life Insurance Company,ATTAINED_AGE,138.23,138.23,,,128.55,128.55,866-242-7573,https://www.gpmhealthandlife.com/wps/portal/home/products/medicare-supplement,"2211 N.E. Loop 410 San Antonio, TX 78217-4630"
TX,79901,N,FEMALE,Mutual of Omaha (Mutual of Omaha Insurance Company),ATTAINED_AGE,139.87,139.87,,,123.09,123.09,855-977-6312,https://www.mutualofomaha.com/medicaregov/,"3300 Mutual of Omaha Plaza, Omaha, NE 68175"
TX,79901,N,FEMALE,Aetna Health Insurance Company,ATTAINED_AGE,141.03,141.03,131.16,131.16,,,800-358-8749 ,https://www.aetnamedicare.com/,"PO Box 14088 Lexington, KY 40513"
TX,79901,N,FEMALE,Wisconsin Physicians Service Insurance Corporation,ATTAINED_AGE,142.13,142.13,132.18,132.18,,,888-915-5108,https://www.wpshealth.com/,"1717 W. Broadway P.O. Box 8190, Madison, WI 53708-8190"
TX,79901,N,FEMALE,Guarantee Trust Life Insurance Company,ATTAINED_AGE,143.59,143.59,,,133.54,133.54,800-338-7452,https://www.gtlic.com/,"1275 Milwaukee Avenue Glenview, IL 60025"
TX,79901,N,FEMALE,HealthSpring Insurance Company (Standard II),ATTAINED_AGE,149.44,149.44,,,,,877-607-6002,https://www.cigna.com/medicare/shop-plans/supplemental/,"PO Box 5700, Scranton PA 18505-5700"
TX,79901,N,FEMALE,USAA Life Insurance Company,ATTAINED_AGE,150.11,150.11,142.6,142.6,,,800-531-8722,https://www.usaa.com/inet/wc/insurance-health-medicare,"9800 Fredericksburg Rd. San Antonio, TX 78288"
TX,79901,N,FEMALE,BlueCross BlueShield of Texas,ATTAINED_AGE,157.55,157.55,,,141.8,141.8,312-653-6000,http://www.hcsc.com/,"300 East Randolph Street Chicago, IL  60601-5099"
TX,79901,N,FEMALE,AARP - UnitedHealthcare Insurance Company (Standard),COMMUNITY_RATED,175.2,175.2,146.15,146.15,,,888-378-0849,https://www.aarpmedicaresupplement.com/,PO Box 9003; Huntingdon Valley PA 19006
TX,79901,N,FEMALE,United American Insurance Company,ATTAINED_AGE,243,243,,,,,800-331-2512,https://www2.unitedamerican.com/,"3700 S Stonebridge Dr, McKinney, TX 75070"
TX,79901,N,FEMALE,AARP - UnitedHealthcare Insurance Company (Level 2),COMMUNITY_RATED,508.69,508.69,457.62,457.62,,,888-378-0849,https://www.aarpmedicaresupplement.com/,PO Box 9003; Huntingdon Valley PA 19006
GA,30005,G,MALE,Atlantic Capital Life Assurance Company (Preferred),ISSUE_AGE,165.91,165.91,,,154.3,154.3,866-458-1430,https://bankersfidelity.com/,"4370 Peachtree Road, NE Atlanta, GA  30319"
GA,30005,G,MALE,Medico Insurance Company (Preferred),ISSUE_AGE,182.75,182.75,,,160.82,160.82,800-228-6080,https://www.gomedico.com/,"P.O. Box 10386 Des Moines, IA 50306-0386"
GA,30005,G,MALE,Bankers Life (Underwritten by Washington National Insurance Company),ISSUE_AGE,194.41,194.41,,,,,800-446-5018,https://www.bankerslife.com/medicare-supplement-insurance/?src=medicaregov&medium=listing,"11299 Illinois Street, Suite 200, Carmel, IN 46032"
GA,30005,G,MALE,USAA Life Insurance Company,ISSUE_AGE,196.86,196.86,,,,,800-531-8722,https://www.usaa.com/inet/wc/insurance-health-medicare,"9800 Fredericksburg Rd. San Antonio, TX 78288"
GA,30005,G,MALE,Lumos Insurance,ISSUE_AGE,198.63,198.63,,,184.73,184.73,800-752-8328,https://www.lumosinsurance.com/life-health,"2701 North Main Street, Crossville, TN 38555"
GA,30005,G,MALE,Medico Insurance Company (Standard I),ISSUE_AGE,201.03,201.03,,,176.91,176.91,800-228-6080,https://www.gomedico.com/,"P.O. Box 10386 Des Moines, IA 50306-0386"
GA,30005,G,MALE,Anthem Blue Cross and Blue Shield - Georgia,ISSUE_AGE,203,207,182.5,186.1,,,888-211-9817,https://www.anthem.com/medicare/,"220 VIRGINIA AVENUE INDIANAPOLIS, IN  46204-3709"
GA,30005,G,MALE,Atlantic Capital Life Assurance Company (Standard),ISSUE_AGE,206.87,206.87,,,192.39,192.39,866-458-1430,https://bankersfidelity.com/,"4370 Peachtree Road, NE Atlanta, GA  30319"
GA,30005,G,MALE,WoodmenLife,ISSUE_AGE,211.83,211.83,,,190.65,190.65,1-866-236-0029,https://www.woodmenlife.org/insurance/medicare-supplement-insurance/,"1700 Farnam Street, Omaha, NE 68102"
GA,30005,G,MALE,Humana (Emphesys Insurance Company),ISSUE_AGE,216.64,216.64,,,190.4,190.4,877-426-1269,https://www.humana.com/medicare/medicare-supplement-plans?kc=0321046030,"P.O. Box 14611 Lexington, KY 40512-4613"
GA,30005,G,MALE,LifeShield National Insurance Company,ISSUE_AGE,219.18,219.18,,,203.84,203.84,800-851-5041,https://www.lifeshieldnational.com/,"5500 N Western Avenue, Suite 200, Oklahoma City, OK 73118"
GA,30005,G,MALE,State Farm Mutual Automobile Insurance Company,ISSUE_AGE,219.47,228.48,,,,,800-782-8332,https://www.statefarm.com/insurance/health/medicare-supplemental,"One State Farm Plaza, Bloomington, IL 61710"
GA,30005,G,MALE,Insurance Company of North America,ISSUE_AGE,221,221,,,205.53,205.53,215-640-1000,https://www.chubb.com/microsites/ace-medicare-supplement.html,436 Walnut Street
GA,30005,G,MALE,AARP - UnitedHealthcare Insurance Company (Standard),ISSUE_AGE,223,223,200.5,200.5,,,888-378-0849,https://www.aarpmedicaresupplement.com/,PO Box 9003; Huntingdon Valley PA 19006
GA,30005,G,MALE,American Benefit Life Insurance Company,ISSUE_AGE,225.81,225.81,,,203.23,203.23,833-504-0331,https://lbig.com/,"1605 LBJ Freeway, Suite 700 Dallas, Texas 75234"
GA,30005,G,MALE,HealthSpring National Health Insurance Company,ISSUE_AGE,227.84,227.84,182.27,182.27,214.17,214.17,877-607-6002,https://www.cigna.com/medicare/shop-plans/supplemental/,"PO Box 5700, Scranton PA 18505-5700"
GA,30005,G,MALE,Medico Insurance Company (Standard II),ISSUE_AGE,228.44,228.44,,,201.03,201.03,800-228-6080,https://www.gomedico.com/,"P.O. Box 10386 Des Moines, IA 50306-0386"
GA,30005,G,MALE,"Continental Life Insurance Company of Brentwood, Tennessee (Aetna)",ISSUE_AGE,228.99,228.99,212.96,212.96,212.96,212.96,800-358-8749 ,https://www.aetnamedicare.com/,"PO Box 14088 Lexington, KY 40515"
GA,30005,G,MALE,AFLAC,ISSUE_AGE,230.95,230.95,,,207.86,207.86,866-990-2668,https://www.aflac.com/individuals,"Aflac Tier One, PO Box 14863, Lexington, KY 40512-4863"
GA,30005,G,MALE,Bankers Life (Underwritten by Washington National Insurance Company) (Substandard),ISSUE_AGE,239.75,239.75,,,,,800-446-5018,https://www.bankerslife.com/medicare-supplement-insurance/?src=medicaregov&medium=listing,"11299 Illinois Street, Suite 200, Carmel, IN 46032"
GA,30005,G,MALE,Physicians Life Insurance Company,ISSUE_AGE,249.79,249.79,,,222.04,222.04,800-325-6300,https://www.physiciansmutual.com/cs/products/medsup/medsup.html,"2600 Dodge Street, Omaha, Nebraska 68131"
GA,30005,G,MALE,Mutual of Omaha (Omaha Supplemental Insurance Company),ISSUE_AGE,294.07,294.07,,,,,855-977-6312,https://www.mutualofomaha.com/medicaregov/,"3300 Mutual of Omaha Plaza, Omaha, NE 68175"
GA,30005,G,MALE,GPM Health and Life Insurance Company,ISSUE_AGE,309.56,309.56,,,287.89,287.89,866-242-7573,https://www.gpmhealthandlife.com/wps/portal/home/products/medicare-supplement,"2211 N.E. Loop 410 San Antonio, TX 78217-4630"
GA,30005,G,MALE,HealthSpring National Health Insurance Company (Standard II),ISSUE_AGE,341.76,341.76,273.41,273.41,321.26,321.26,877-607-6002,https://www.cigna.com/medicare/shop-plans/supplemental/,"PO Box 5700, Scranton PA 18505-5700"
GA,30005,G,MALE,Guarantee Trust Life Insurance Company,ISSUE_AGE,345.12,345.12,,,320.96,320.96,800-338-7452,https://www.gtlic.com/,"1275 Milwaukee Avenue Glenview, IL 60025"
GA,30005,G,MALE,United American Insurance Company,ISSUE_AGE,382,382,,,,,800-331-2512,https://www2.unitedamerican.com/,"3700 S Stonebridge Dr, McKinney, TX 75070"
GA,30005,G,MALE,AARP - UnitedHealthcare Insurance Company (Level 2),ISSUE_AGE,529,529,475.9,475.9,,,888-378-0849,https://www.aarpmedicaresupplement.com/,PO Box 9003; Huntingdon Valley PA 19006
GA,30005,G,FEMALE,Atlantic Capital Life Assurance Company (Preferred),ISSUE_AGE,144.62,144.62,,,134.5,134.5,866-458-1430,https://bankersfidelity.com/,"4370 Peachtree Road, NE Atlanta, GA  30319"
GA,30005,G,FEMALE,Medico Insurance Company (Preferred),ISSUE_AGE,158.92,158.92,,,139.85,139.85,800-228-6080,https://www.gomedico.com/,"P.O. Box 10386 Des Moines, IA 50306-0386"
GA,30005,G,FEMALE,Medico Insurance Company (Standard I),ISSUE_AGE,174.81,174.81,,,153.83,153.83,800-228-6080,https://www.gomedico.com/,"P.O. Box 10386 Des Moines, IA 50306-0386"
GA,30005,G,FEMALE,Bankers Life (Underwritten by Washington National Insurance Company),ISSUE_AGE,175.07,175.07,,,,,800-446-5018,https://www.bankerslife.com/medicare-supplement-insurance/?src=medicaregov&medium=listing,"11299 Illinois Street, Suite 200, Carmel, IN 46032"
GA,30005,G,FEMALE,Atlantic Capital Life Assurance Company (Standard),ISSUE_AGE,180.25,180.25,,,167.63,167.63,866-458-1430,https://bankersfidelity.com/,"4370 Peachtree Road, NE Atlanta, GA  30319"
GA,30005,G,FEMALE,Lumos Insurance,ISSUE_AGE,180.58,180.58,,,167.94,167.94,800-752-8328,https://www.lumosinsurance.com/life-health,"2701 North Main Street, Crossville, TN 38555"
GA,30005,G,FEMALE,Anthem Blue Cross and Blue Shield - Georgia,ISSUE_AGE,182,191,163.6,171.7,,,888-211-9817,https://www.anthem.com/medicare/,"220 VIRGINIA AVENUE INDIANAPOLIS, IN  46204-3709"
GA,30005,G,FEMALE,WoodmenLife,ISSUE_AGE,184.2,184.2,,,165.78,165.78,1-866-236-0029,https://www.woodmenlife.org/insurance/medicare-supplement-insurance/,"1700 Farnam Street, Omaha, NE 68102"
GA,30005,G,FEMALE,LifeShield National Insurance Company,ISSUE_AGE,190.59,190.59,,,177.25,177.25,800-851-5041,https://www.lifeshieldnational.com/,"5500 N Western Avenue, Suite 200, Oklahoma City, OK 73118"
GA,30005,G,FEMALE,Humana (Emphesys Insurance Company),ISSUE_AGE,191.71,191.71,,,168.46,168.46,877-426-1269,https://www.humana.com/medicare/medicare-supplement-plans?kc=0321046030,"P.O. Box 14611 Lexington, KY 40512-4613"
GA,30005,G,FEMALE,Insurance Company of North America,ISSUE_AGE,195.5,195.5,,,181.82,181.82,215-640-1000,https://www.chubb.com/microsites/ace-medicare-supplement.html,436 Walnut Street
GA,30005,G,FEMALE,American Benefit Life Insurance Company,ISSUE_AGE,196.36,196.36,,,176.72,176.72,833-504-0331,https://lbig.com/,"1605 LBJ Freeway, Suite 700 Dallas, Texas 75234"
GA,30005,G,FEMALE,USAA Life Insurance Company,ISSUE_AGE,196.86,196.86,,,,,800-531-8722,https://www.usaa.com/inet/wc/insurance-health-medicare,"9800 Fredericksburg Rd. San Antonio, TX 78288"
GA,30005,G,FEMALE,AARP - UnitedHealthcare Insurance Company (Standard),ISSUE_AGE,197.5,197.5,177.55,177.55,,,888-378-0849,https://www.aarpmedicaresupplement.com/,PO Box 9003; Huntingdon Valley PA 19006
GA,30005,G,FEMALE,HealthSpring National Health Insurance Company,ISSUE_AGE,198.12,198.12,158.5,158.5,186.24,186.24,877-607-6002,https://www.cigna.com/medicare/shop-plans/supplemental/,"PO Box 5700, Scranton PA 18505-5700"
GA,30005,G,FEMALE,Medico Insurance Company (Standard II),ISSUE_AGE,198.65,198.65,,,174.81,174.81,800-228-6080,https://www.gomedico.com/,"P.O. Box 10386 Des Moines, IA 50306-0386"
GA,30005,G,FEMALE,State Farm Mutual Automobile Insurance Company,ISSUE_AGE,198.73,206.81,,,,,800-782-8332,https://www.statefarm.com/insurance/health/medicare-supplemental,"One State Farm Plaza, Bloomington, IL 61710"
GA,30005,G,FEMALE,"Continental Life Insurance Company of Brentwood, Tennessee (Aetna)",ISSUE_AGE,199.09,199.09,185.15,185.15,,,800-358-8749 ,https://www.aetnamedicare.com/,"PO Box 14088 Lexington, KY 40515"
GA,30005,G,FEMALE,AFLAC,ISSUE_AGE,201.62,201.62,,,181.46,181.46,866-990-2668,https://www.aflac.com/individuals,"Aflac Tier One, PO Box 14863, Lexington, KY 40512-4863"
GA,30005,G,FEMALE,Bankers Life (Underwritten by Washington National Insurance Company) (Substandard),ISSUE_AGE,215.89,215.89,,,,,800-446-5018,https://www.bankerslife.com/medicare-supplement-insurance/?src=medicaregov&medium=listing,"11299 Illinois Street, Suite 200, Carmel, IN 46032"
GA,30005,G,FEMALE,Physicians Life Insurance Company,ISSUE_AGE,226.02,226.02,,,200.91,200.91,800-325-6300,https://www.physiciansmutual.com/cs/products/medsup/medsup.html,"2600 Dodge Street, Omaha, Nebraska 68131"
GA,30005,G,FEMALE,Mutual of Omaha (Omaha Supplemental Insurance Company),ISSUE_AGE,255.71,255.71,,,,,855-977-6312,https://www.mutualofomaha.com/medicaregov/,"3300 Mutual of Omaha Plaza, Omaha, NE 68175"
GA,30005,G,FEMALE,GPM Health and Life Insurance Company,ISSUE_AGE,269.17,269.17,,,250.33,250.33,866-242-7573,https://www.gpmhealthandlife.com/wps/portal/home/products/medicare-supplement,"2211 N.E. Loop 410 San Antonio, TX 78217-4630"
GA,30005,G,FEMALE,HealthSpring National Health Insurance Company (Standard II),ISSUE_AGE,297.19,297.19,237.75,237.75,279.36,279.36,877-607-6002,https://www.cigna.com/medicare/shop-plans/supplemental/,"PO Box 5700, Scranton PA 18505-5700"
GA,30005,G,FEMALE,Guarantee Trust Life Insurance Company,ISSUE_AGE,308.15,308.15,,,286.58,286.58,800-338-7452,https://www.gtlic.com/,"1275 Milwaukee Avenue Glenview, IL 60025"
GA,30005,G,FEMALE,United American Insurance Company,ISSUE_AGE,332,332,,,,,800-331-2512,https://www2.unitedamerican.com/,"3700 S Stonebridge Dr, McKinney, TX 75070"
GA,30005,G,FEMALE,AARP - UnitedHealthcare Insurance Company (Level 2),ISSUE_AGE,468.82,468.82,421.74,421.74,,,888-378-0849,https://www.aarpmedicaresupplement.com/,PO Box 9003; Huntingdon Valley PA 19006
GA,30005,N,MALE,New Era Life Insurance Company,ISSUE_AGE,124.57,124.57,,,,,877-417-7555,http://www.neweralife.com/,"P.O. Box 4884, Houston, TX 77210-4884"
GA,30005,N,MALE,Atlantic Capital Life Assurance Company (Preferred),ISSUE_AGE,124.74,124.74,,,116.01,116.01,866-458-1430,https://bankersfidelity.com/,"4370 Peachtree Road, NE Atlanta, GA  30319"
GA,30005,N,MALE,Lumos Insurance,ISSUE_AGE,130.7,130.7,,,121.55,121.55,800-752-8328,https://www.lumosinsurance.com/life-health,"2701 North Main Street, Crossville, TN 38555"
GA,30005,N,MALE,Medico Insurance Company (Preferred),ISSUE_AGE,133,133,,,117.04,117.04,800-228-6080,https://www.gomedico.com/,"P.O. Box 10386 Des Moines, IA 50306-0386"
GA,30005,N,MALE,Insurance Company of North America,ISSUE_AGE,144.08,144.08,,,133.99,133.99,215-640-1000,https://www.chubb.com/microsites/ace-medicare-supplement.html,436 Walnut Street
GA,30005,N,MALE,Medico Insurance Company (Standard I),ISSUE_AGE,146.3,146.3,,,128.74,128.74,800-228-6080,https://www.gomedico.com/,"P.O. Box 10386 Des Moines, IA 50306-0386"
GA,30005,N,MALE,HealthSpring National Health Insurance Company,ISSUE_AGE,147.73,147.73,118.18,118.18,138.87,138.87,877-607-6002,https://www.cigna.com/medicare/shop-plans/supplemental/,"PO Box 5700, Scranton PA 18505-5700"
GA,30005,N,MALE,WoodmenLife,ISSUE_AGE,148.95,148.95,,,134.06,134.06,1-866-236-0029,https://www.woodmenlife.org/insurance/medicare-supplement-insurance/,"1700 Farnam Street, Omaha, NE 68102"
GA,30005,N,MALE,"Continental Life Insurance Company of Brentwood, Tennessee (Aetna)",ISSUE_AGE,149.69,149.69,139.21,139.21,139.21,139.21,800-358-8749 ,https://www.aetnamedicare.com/,"PO Box 14088 Lexington, KY 40515"
GA,30005,N,MALE,Bankers Life (Underwritten by Washington National Insurance Company),ISSUE_AGE,151.65,151.65,,,,,800-446-5018,https://www.bankerslife.com/medicare-supplement-insurance/?src=medicaregov&medium=listing,"11299 Illinois Street, Suite 200, Carmel, IN 46032"
GA,30005,N,MALE,AFLAC,ISSUE_AGE,154.91,154.91,,,139.42,139.42,866-990-2668,https://www.aflac.com/individuals,"Aflac Tier One, PO Box 14863, Lexington, KY 40512-4863"
GA,30005,N,MALE,Atlantic Capital Life Assurance Company (Standard),ISSUE_AGE,155.43,155.43,,,144.55,144.55,866-458-1430,https://bankersfidelity.com/,"4370 Peachtree Road, NE Atlanta, GA  30319"
GA,30005,N,MALE,LifeShield National Insurance Company,ISSUE_AGE,161.58,161.58,,,150.27,150.27,800-851-5041,https://www.lifeshieldnational.com/,"5500 N Western Avenue, Suite 200, Oklahoma City, OK 73118"
GA,30005,N,MALE,Humana (Emphesys Insurance Company),ISSUE_AGE,163.87,163.87,,,143.97,143.97,877-426-1269,https://www.humana.com/medicare/medicare-supplement-plans?kc=0321046030,"P.O. Box 14611 Lexington, KY 40512-4613"
GA,30005,N,MALE,Medico Insurance Company (Standard II),ISSUE_AGE,166.25,166.25,,,146.3,146.3,800-228-6080,https://www.gomedico.com/,"P.O. Box 10386 Des Moines, IA 50306-0386"
GA,30005,N,MALE,State Farm Mutual Automobile Insurance Company,ISSUE_AGE,169.75,176.63,,,,,800-782-8332,https://www.statefarm.com/insurance/health/medicare-supplemental,"One State Farm Plaza, Bloomington, IL 61710"
GA,30005,N,MALE,USAA Life Insurance Company,ISSUE_AGE,169.83,169.83,,,,,800-531-8722,https://www.usaa.com/inet/wc/insurance-health-medicare,"9800 Fredericksburg Rd. San Antonio, TX 78288"
GA,30005,N,MALE,American Benefit Life Insurance Company,ISSUE_AGE,170.4,170.4,,,153.36,153.36,833-504-0331,https://lbig.com/,"1605 LBJ Freeway, Suite 700 Dallas, Texas 75234"
GA,30005,N,MALE,Bankers Life (Underwritten by Washington National Insurance Company) (Substandard),ISSUE_AGE,186.99,186.99,,,,,800-446-5018,https://www.bankerslife.com/medicare-supplement-insurance/?src=medicaregov&medium=listing,"11299 Illinois Street, Suite 200, Carmel, IN 46032"
GA,30005,N,MALE,Mutual of Omaha (Omaha Supplemental Insurance Company),ISSUE_AGE,194.02,194.02,,,,,855-977-6312,https://www.mutualofomaha.com/medicaregov/,"3300 Mutual of Omaha Plaza, Omaha, NE 68175"
GA,30005,N,MALE,AARP - UnitedHealthcare Insurance Company (Standard),ISSUE_AGE,198.25,198.25,178.23,178.23,,,888-378-0849,https://www.aarpmedicaresupplement.com/,PO Box 9003; Huntingdon Valley PA 19006
GA,30005,N,MALE,Physicians Life Insurance Company,ISSUE_AGE,206.73,206.73,,,183.76,183.76,800-325-6300,https://www.physiciansmutual.com/cs/products/medsup/medsup.html,"2600 Dodge Street, Omaha, Nebraska 68131"
GA,30005,N,MALE,Anthem Blue Cross and Blue Shield - Georgia,ISSUE_AGE,213,221,191.5,198.7,,,888-211-9817,https://www.anthem.com/medicare/,"220 VIRGINIA AVENUE INDIANAPOLIS, IN  46204-3709"
GA,30005,N,MALE,HealthSpring National Health Insurance Company (Standard II),ISSUE_AGE,221.59,221.59,177.28,177.28,208.3,208.3,877-607-6002,https://www.cigna.com/medicare/shop-plans/supplemental/,"PO Box 5700, Scranton PA 18505-5700"
GA,30005,N,MALE,GPM Health and Life Insurance Company,ISSUE_AGE,247.89,247.89,,,230.54,230.54,866-242-7573,https://www.gpmhealthandlife.com/wps/portal/home/products/medicare-supplement,"2211 N.E. Loop 410 San Antonio, TX 78217-4630"
GA,30005,N,MALE,Guarantee Trust Life Insurance Company,ISSUE_AGE,272.53,272.53,,,253.45,253.45,800-338-7452,https://www.gtlic.com/,"1275 Milwaukee Avenue Glenview, IL 60025"
GA,30005,N,MALE,United American Insurance Company,ISSUE_AGE,286,286,,,,,800-331-2512,https://www2.unitedamerican.com/,"3700 S Stonebridge Dr, McKinney, TX 75070"
GA,30005,N,MALE,AARP - UnitedHealthcare Insurance Company (Level 2),ISSUE_AGE,336.42,336.42,302.58,302.58,,,888-378-0849,https://www.aarpmedicaresupplement.com/,PO Box 9003; Huntingdon Valley PA 19006
GA,30005,N,FEMALE,Atlantic Capital Life Assurance Company (Preferred),ISSUE_AGE,108.78,108.78,,,101.17,101.17,866-458-1430,https://bankersfidelity.com/,"4370 Peachtree Road, NE Atlanta, GA  30319"
GA,30005,N,FEMALE,New Era Life Insurance Company,ISSUE_AGE,110.23,110.23,,,,,877-417-7555,http://www.neweralife.com/,"P.O. Box 4884, Houston, TX 77210-4884"
GA,30005,N,FEMALE,Medico Insurance Company (Preferred),ISSUE_AGE,115.65,115.65,,,101.77,101.77,800-228-6080,https://www.gomedico.com/,"P.O. Box 10386 Des Moines, IA 50306-0386"
GA,30005,N,FEMALE,Lumos Insurance,ISSUE_AGE,118.83,118.83,,,110.51,110.51,800-752-8328,https://www.lumosinsurance.com/life-health,"2701 North Main Street, Crossville, TN 38555"
GA,30005,N,FEMALE,Medico Insurance Company (Standard I),ISSUE_AGE,127.22,127.22,,,111.95,111.95,800-228-6080,https://www.gomedico.com/,"P.O. Box 10386 Des Moines, IA 50306-0386"
GA,30005,N,FEMALE,Insurance Company of North America,ISSUE_AGE,127.5,127.5,,,118.57,118.57,215-640-1000,https://www.chubb.com/microsites/ace-medicare-supplement.html,436 Walnut Street
GA,30005,N,FEMALE,HealthSpring National Health Insurance Company,ISSUE_AGE,128.46,128.46,102.77,102.77,120.75,120.75,877-607-6002,https://www.cigna.com/medicare/shop-plans/supplemental/,"PO Box 5700, Scranton PA 18505-5700"
GA,30005,N,FEMALE,WoodmenLife,ISSUE_AGE,129.51,129.51,,,116.56,116.56,1-866-236-0029,https://www.woodmenlife.org/insurance/medicare-supplement-insurance/,"1700 Farnam Street, Omaha, NE 68102"
GA,30005,N,FEMALE,"Continental Life Insurance Company of Brentwood, Tennessee (Aetna)",ISSUE_AGE,130.2,130.2,121.09,121.09,,,800-358-8749 ,https://www.aetnamedicare.com/,"PO Box 14088 Lexington, KY 40515"
GA,30005,N,FEMALE,AFLAC,ISSUE_AGE,135.23,135.23,,,121.71,121.71,866-990-2668,https://www.aflac.com/individuals,"Aflac Tier One, PO Box 14863, Lexington, KY 40512-4863"
GA,30005,N,FEMALE,Atlantic Capital Life Assurance Company (Standard),ISSUE_AGE,135.48,135.48,,,126,126,866-458-1430,https://bankersfidelity.com/,"4370 Peachtree Road, NE Atlanta, GA  30319"
GA,30005,N,FEMALE,Bankers Life (Underwritten by Washington National Insurance Company),ISSUE_AGE,136.6,136.6,,,,,800-446-5018,https://www.bankerslife.com/medicare-supplement-insurance/?src=medicaregov&medium=listing,"11299 Illinois Street, Suite 200, Carmel, IN 46032"
GA,30005,N,FEMALE,LifeShield National Insurance Company,ISSUE_AGE,140.51,140.51,,,130.67,130.67,800-851-5041,https://www.lifeshieldnational.com/,"5500 N Western Avenue, Suite 200, Oklahoma City, OK 73118"
GA,30005,N,FEMALE,Medico Insurance Company (Standard II),ISSUE_AGE,144.57,144.57,,,127.22,127.22,800-228-6080,https://www.gomedico.com/,"P.O. Box 10386 Des Moines, IA 50306-0386"
GA,30005,N,FEMALE,Humana (Emphesys Insurance Company),ISSUE_AGE,145.02,145.02,,,127.38,127.38,877-426-1269,https://www.humana.com/medicare/medicare-supplement-plans?kc=0321046030,"P.O. Box 14611 Lexington, KY 40512-4613"
GA,30005,N,FEMALE,American Benefit Life Insurance Company,ISSUE_AGE,148.17,148.17,,,133.35,133.35,833-504-0331,https://lbig.com/,"1605 LBJ Freeway, Suite 700 Dallas, Texas 75234"
GA,30005,N,FEMALE,State Farm Mutual Automobile Insurance Company,ISSUE_AGE,152.32,158.36,,,,,800-782-8332,https://www.statefarm.com/insurance/health/medicare-supplemental,"One State Farm Plaza, Bloomington, IL 61710"
GA,30005,N,FEMALE,Bankers Life (Underwritten by Washington National Insurance Company) (Substandard),ISSUE_AGE,168.41,168.41,,,,,800-446-5018,https://www.bankerslife.com/medicare-supplement-insurance/?src=medicaregov&medium=listing,"11299 Illinois Street, Suite 200, Carmel, IN 46032"
GA,30005,N,FEMALE,Mutual of Omaha (Omaha Supplemental Insurance Company),ISSUE_AGE,168.72,168.72,,,,,855-977-6312,https://www.mutualofomaha.com/medicaregov/,"3300 Mutual of Omaha Plaza, Omaha, NE 68175"
GA,30005,N,FEMALE,USAA Life Insurance Company,ISSUE_AGE,169.83,169.83,,,,,800-531-8722,https://www.usaa.com/inet/wc/insurance-health-medicare,"9800 Fredericksburg Rd. San Antonio, TX 78288"
GA,30005,N,FEMALE,AARP - UnitedHealthcare Insurance Company (Standard),ISSUE_AGE,175.5,175.5,157.75,157.75,,,888-378-0849,https://www.aarpmedicaresupplement.com/,PO Box 9003; Huntingdon Valley PA 19006
GA,30005,N,FEMALE,Physicians Life Insurance Company,ISSUE_AGE,187.03,187.03,,,166.25,166.25,800-325-6300,https://www.physiciansmutual.com/cs/products/medsup/medsup.html,"2600 Dodge Street, Omaha, Nebraska 68131"
GA,30005,N,FEMALE,HealthSpring National Health Insurance Company (Standard II),ISSUE_AGE,192.69,192.69,154.15,154.15,181.13,181.13,877-607-6002,https://www.cigna.com/medicare/shop-plans/supplemental/,"PO Box 5700, Scranton PA 18505-5700"
GA,30005,N,FEMALE,Anthem Blue Cross and Blue Shield - Georgia,ISSUE_AGE,193,199,173.5,178.9,,,888-211-9817,https://www.anthem.com/medicare/,"220 VIRGINIA AVENUE INDIANAPOLIS, IN  46204-3709"
GA,30005,N,FEMALE,GPM Health and Life Insurance Company,ISSUE_AGE,215.58,215.58,,,200.49,200.49,866-242-7573,https://www.gpmhealthandlife.com/wps/portal/home/products/medicare-supplement,"2211 N.E. Loop 410 San Antonio, TX 78217-4630"
GA,30005,N,FEMALE,Guarantee Trust Life Insurance Company,ISSUE_AGE,243.33,243.33,,,226.3,226.3,800-338-7452,https://www.gtlic.com/,"1275 Milwaukee Avenue Glenview, IL 60025"
GA,30005,N,FEMALE,United American Insurance Company,ISSUE_AGE,249,249,,,,,800-331-2512,https://www2.unitedamerican.com/,"3700 S Stonebridge Dr, McKinney, TX 75070"
GA,30005,N,FEMALE,AARP - UnitedHealthcare Insurance Company (Level 2),ISSUE_AGE,297.97,297.97,267.97,267.97,,,888-378-0849,https://www.aarpmedicaresupplement.com/,PO Box 9003; Huntingdon Valley PA 19006
GA,30060,G,MALE,Atlantic Capital Life Assurance Company (Preferred),ISSUE_AGE,165.91,165.91,,,154.3,154.3,866-458-1430,https://bankersfidelity.com/,"4370 Peachtree Road, NE Atlanta, GA  30319"
GA,30060,G,MALE,Medico Insurance Company (Preferred),ISSUE_AGE,182.75,182.75,,,160.82,160.82,800-228-6080,https://www.gomedico.com/,"P.O. Box 10386 Des Moines, IA 50306-0386"
GA,30060,G,MALE,Bankers Life (Underwritten by Washington National Insurance Company),ISSUE_AGE,194.41,194.41,,,,,800-446-5018,https://www.bankerslife.com/medicare-supplement-insurance/?src=medicaregov&medium=listing,"11299 Illinois Street, Suite 200, Carmel, IN 46032"
GA,30060,G,MALE,USAA Life Insurance Company,ISSUE_AGE,196.86,196.86,,,,,800-531-8722,https://www.usaa.com/inet/wc/insurance-health-medicare,"9800 Fredericksburg Rd. San Antonio, TX 78288"
GA,30060,G,MALE,Lumos Insurance,ISSUE_AGE,198.63,198.63,,,184.73,184.73,800-752-8328,https://www.lumosinsurance.com/life-health,"2701 North Main Street, Crossville, TN 38555"
GA,30060,G,MALE,Medico Insurance Company (Standard I),ISSUE_AGE,201.03,201.03,,,176.91,176.91,800-228-6080,https://www.gomedico.com/,"P.O. Box 10386 Des Moines, IA 50306-0386"
GA,30060,G,MALE,Atlantic Capital Life Assurance Company (Standard),ISSUE_AGE,206.87,206.87,,,192.39,192.39,866-458-1430,https://bankersfidelity.com/,"4370 Peachtree Road, NE Atlanta, GA  30319"
GA,30060,G,MALE,Anthem Blue Cross and Blue Shield - Georgia,ISSUE_AGE,207,207,186.1,186.1,,,888-211-9817,https://www.anthem.com/medicare/,"220 VIRGINIA AVENUE INDIANAPOLIS, IN  46204-3709"
GA,30060,G,MALE,WoodmenLife,ISSUE_AGE,211.83,211.83,,,190.65,190.65,1-866-236-0029,https://www.woodmenlife.org/insurance/medicare-supplement-insurance/,"1700 Farnam Street, Omaha, NE 68102"
GA,30060,G,MALE,Humana (Emphesys Insurance Company),ISSUE_AGE,216.64,216.64,,,190.4,190.4,877-426-1269,https://www.humana.com/medicare/medicare-supplement-plans?kc=0321046030,"P.O. Box 14611 Lexington, KY 40512-4613"
GA,30060,G,MALE,LifeShield National Insurance Company,ISSUE_AGE,219.18,219.18,,,203.84,203.84,800-851-5041,https://www.lifeshieldnational.com/,"5500 N Western Avenue, Suite 200, Oklahoma City, OK 73118"
GA,30060,G,MALE,Insurance Company of North America,ISSUE_AGE,221,221,,,205.53,205.53,215-640-1000,https://www.chubb.com/microsites/ace-medicare-supplement.html,436 Walnut Street
GA,30060,G,MALE,AARP - UnitedHealthcare Insurance Company (Standard),ISSUE_AGE,223,223,200.5,200.5,,,888-378-0849,https://www.aarpmedicaresupplement.com/,PO Box 9003; Huntingdon Valley PA 19006
GA,30060,G,MALE,American Benefit Life Insurance Company,ISSUE_AGE,225.81,225.81,,,203.23,203.23,833-504-0331,https://lbig.com/,"1605 LBJ Freeway, Suite 700 Dallas, Texas 75234"
GA,30060,G,MALE,HealthSpring National Health Insurance Company,ISSUE_AGE,227.84,227.84,182.27,182.27,214.17,214.17,877-607-6002,https://www.cigna.com/medicare/shop-plans/supplemental/,"PO Box 5700, Scranton PA 18505-5700"
GA,30060,G,MALE,Medico Insurance Company (Standard II),ISSUE_AGE,228.44,228.44,,,201.03,201.03,800-228-6080,https://www.gomedico.com/,"P.O. Box 10386 Des Moines, IA 50306-0386"
GA,30060,G,MALE,State Farm Mutual Automobile Insurance Company,ISSUE_AGE,228.48,228.48,,,,,800-782-8332,https://www.statefarm.com/insurance/health/medicare-supplemental,"One State Farm Plaza, Bloomington, IL 61710"
GA,30060,G,MALE,"Continental Life Insurance Company of Brentwood, Tennessee (Aetna)",ISSUE_AGE,228.99,228.99,212.96,212.96,212.96,212.96,800-358-8749 ,https://www.aetnamedicare.com/,"PO Box 14088 Lexington, KY 40515"
GA,30060,G,MALE,AFLAC,ISSUE_AGE,230.95,230.95,,,207.86,207.86,866-990-2668,https://www.aflac.com/individuals,"Aflac Tier One, PO Box 14863, Lexington, KY 40512-4863"
GA,30060,G,MALE,Bankers Life (Underwritten by Washington National Insurance Company) (Substandard),ISSUE_AGE,239.75,239.75,,,,,800-446-5018,https://www.bankerslife.com/medicare-supplement-insurance/?src=medicaregov&medium=listing,"11299 Illinois Street, Suite 200, Carmel, IN 46032"
GA,30060,G,MALE,Physicians Life Insurance Company,ISSUE_AGE,249.79,249.79,,,222.04,222.04,800-325-6300,https://www.physiciansmutual.com/cs/products/medsup/medsup.html,"2600 Dodge Street, Omaha, Nebraska 68131"
GA,30060,G,MALE,Mutual of Omaha (Omaha Supplemental Insurance Company),ISSUE_AGE,294.07,294.07,,,,,855-977-6312,https://www.mutualofomaha.com/medicaregov/,"3300 Mutual of Omaha Plaza, Omaha, NE 68175"
GA,30060,G,MALE,GPM Health and Life Insurance Company,ISSUE_AGE,309.56,309.56,,,287.89,287.89,866-242-7573,https://www.gpmhealthandlife.com/wps/portal/home/products/medicare-supplement,"2211 N.E. Loop 410 San Antonio, TX 78217-4630"
GA,30060,G,MALE,HealthSpring National Health Insurance Company (Standard II),ISSUE_AGE,341.76,341.76,273.41,273.41,321.26,321.26,877-607-6002,https://www.cigna.com/medicare/shop-plans/supplemental/,"PO Box 5700, Scranton PA 18505-5700"
GA,30060,G,MALE,Guarantee Trust Life Insurance Company,ISSUE_AGE,345.12,345.12,,,320.96,320.96,800-338-7452,https://www.gtlic.com/,"1275 Milwaukee Avenue Glenview, IL 60025"
GA,30060,G,MALE,United American Insurance Company,ISSUE_AGE,382,382,,,,,800-331-2512,https://www2.unitedamerican.com/,"3700 S Stonebridge Dr, McKinney, TX 75070"
GA,30060,G,MALE,AARP - UnitedHealthcare Insurance Company (Level 2),ISSUE_AGE,529,529,475.9,475.9,,,888-378-0849,https://www.aarpmedicaresupplement.com/,PO Box 9003; Huntingdon Valley PA 19006
GA,30060,G,FEMALE,Atlantic Capital Life Assurance Company (Preferred),ISSUE_AGE,144.62,144.62,,,134.5,134.5,866-458-1430,https://bankersfidelity.com/,"4370 Peachtree Road, NE Atlanta, GA  30319"
GA,30060,G,FEMALE,Medico Insurance Company (Preferred),ISSUE_AGE,158.92,158.92,,,139.85,139.85,800-228-6080,https://www.gomedico.com/,"P.O. Box 10386 Des Moines, IA 50306-0386"
GA,30060,G,FEMALE,Medico Insurance Company (Standard I),ISSUE_AGE,174.81,174.81,,,153.83,153.83,800-228-6080,https://www.gomedico.com/,"P.O. Box 10386 Des Moines, IA 50306-0386"
GA,30060,G,FEMALE,Bankers Life (Underwritten by Washington National Insurance Company),ISSUE_AGE,175.07,175.07,,,,,800-446-5018,https://www.bankerslife.com/medicare-supplement-insurance/?src=medicaregov&medium=listing,"11299 Illinois Street, Suite 200, Carmel, IN 46032"
GA,30060,G,FEMALE,Atlantic Capital Life Assurance Company (Standard),ISSUE_AGE,180.25,180.25,,,167.63,167.63,866-458-1430,https://bankersfidelity.com/,"4370 Peachtree Road, NE Atlanta, GA  30319"
GA,30060,G,FEMALE,Lumos Insurance,ISSUE_AGE,180.58,180.58,,,167.94,167.94,800-752-8328,https://www.lumosinsurance.com/life-health,"2701 North Main Street, Crossville, TN 38555"
GA,30060,G,FEMALE,WoodmenLife,ISSUE_AGE,184.2,184.2,,,165.78,165.78,1-866-236-0029,https://www.woodmenlife.org/insurance/medicare-supplement-insurance/,"1700 Farnam Street, Omaha, NE 68102"
GA,30060,G,FEMALE,LifeShield National Insurance Company,ISSUE_AGE,190.59,190.59,,,177.25,177.25,800-851-5041,https://www.lifeshieldnational.com/,"5500 N Western Avenue, Suite 200, Oklahoma City, OK 73118"
GA,30060,G,FEMALE,Anthem Blue Cross and Blue Shield - Georgia,ISSUE_AGE,191,191,171.7,171.7,,,888-211-9817,https://www.anthem.com/medicare/,"220 VIRGINIA AVENUE INDIANAPOLIS, IN  46204-3709"
GA,30060,G,FEMALE,Humana (Emphesys Insurance Company),ISSUE_AGE,191.71,191.71,,,168.46,168.46,877-426-1269,https://www.humana.com/medicare/medicare-supplement-plans?kc=0321046030,"P.O. Box 14611 Lexington, KY 40512-4613"
GA,30060,G,FEMALE,Insurance Company of North America,ISSUE_AGE,195.5,195.5,,,181.82,181.82,215-640-1000,https://www.chubb.com/microsites/ace-medicare-supplement.html,436 Walnut Street
GA,30060,G,FEMALE,American Benefit Life Insurance Company,ISSUE_AGE,196.36,196.36,,,176.72,176.72,833-504-0331,https://lbig.com/,"1605 LBJ Freeway, Suite 700 Dallas, Texas 75234"
GA,30060,G,FEMALE,USAA Life Insurance Company,ISSUE_AGE,196.86,196.86,,,,,800-531-8722,https://www.usaa.com/inet/wc/insurance-health-medicare,"9800 Fredericksburg Rd. San Antonio, TX 78288"
GA,30060,G,FEMALE,AARP - UnitedHealthcare Insurance Company (Standard),ISSUE_AGE,197.5,197.5,177.55,177.55,,,888-378-0849,https://www.aarpmedicaresupplement.com/,PO Box 9003; Huntingdon Valley PA 19006
GA,30060,G,FEMALE,HealthSpring National Health Insurance Company,ISSUE_AGE,198.12,198.12,158.5,158.5,186.24,186.24,877-607-6002,https://www.cigna.com/medicare/shop-plans/supplemental/,"PO Box 5700, Scranton PA 18505-5700"
GA,30060,G,FEMALE,Medico Insurance Company (Standard II),ISSUE_AGE,198.65,198.65,,,174.81,174.81,800-228-6080,https://www.gomedico.com/,"P.O. Box 10386 Des Moines, IA 50306-0386"
GA,30060,G,FEMALE,"Continental Life Insurance Company of Brentwood, Tennessee (Aetna)",ISSUE_AGE,199.09,199.09,185.15,185.15,,,800-358-8749 ,https://www.aetnamedicare.com/,"PO Box 14088 Lexington, KY 40515"
GA,30060,G,FEMALE,AFLAC,ISSUE_AGE,201.62,201.62,,,181.46,181.46,866-990-2668,https://www.aflac.com/individuals,"Aflac Tier One, PO Box 14863, Lexington, KY 40512-4863"
GA,30060,G,FEMALE,State Farm Mutual Automobile Insurance Company,ISSUE_AGE,206.81,206.81,,,,,800-782-8332,https://www.statefarm.com/insurance/health/medicare-supplemental,"One State Farm Plaza, Bloomington, IL 61710"
GA,30060,G,FEMALE,Bankers Life (Underwritten by Washington National Insurance Company) (Substandard),ISSUE_AGE,215.89,215.89,,,,,800-446-5018,https://www.bankerslife.com/medicare-supplement-insurance/?src=medicaregov&medium=listing,"11299 Illinois Street, Suite 200, Carmel, IN 46032"
GA,30060,G,FEMALE,Physicians Life Insurance Company,ISSUE_AGE,226.02,226.02,,,200.91,200.91,800-325-6300,https://www.physiciansmutual.com/cs/products/medsup/medsup.html,"2600 Dodge Street, Omaha, Nebraska 68131"
GA,30060,G,FEMALE,Mutual of Omaha (Omaha Supplemental Insurance Company),ISSUE_AGE,255.71,255.71,,,,,855-977-6312,https://www.mutualofomaha.com/medicaregov/,"3300 Mutual of Omaha Plaza, Omaha, NE 68175"
GA,30060,G,FEMALE,GPM Health and Life Insurance Company,ISSUE_AGE,269.17,269.17,,,250.33,250.33,866-242-7573,https://www.gpmhealthandlife.com/wps/portal/home/products/medicare-supplement,"2211 N.E. Loop 410 San Antonio, TX 78217-4630"
GA,30060,G,FEMALE,HealthSpring National Health Insurance Company (Standard II),ISSUE_AGE,297.19,297.19,237.75,237.75,279.36,279.36,877-607-6002,https://www.cigna.com/medicare/shop-plans/supplemental/,"PO Box 5700, Scranton PA 18505-5700"
GA,30060,G,FEMALE,Guarantee Trust Life Insurance Company,ISSUE_AGE,308.15,308.15,,,286.58,286.58,800-338-7452,https://www.gtlic.com/,"1275 Milwaukee Avenue Glenview, IL 60025"
GA,30060,G,FEMALE,United American Insurance Company,ISSUE_AGE,332,332,,,,,800-331-2512,https://www2.unitedamerican.com/,"3700 S Stonebridge Dr, McKinney, TX 75070"
GA,30060,G,FEMALE,AARP - UnitedHealthcare Insurance Company (Level 2),ISSUE_AGE,468.82,468.82,421.74,421.74,,,888-378-0849,https://www.aarpmedicaresupplement.com/,PO Box 9003; Huntingdon Valley PA 19006
GA,30060,N,MALE,New Era Life Insurance Company,ISSUE_AGE,124.57,124.57,,,,,877-417-7555,http://www.neweralife.com/,"P.O. Box 4884, Houston, TX 77210-4884"
GA,30060,N,MALE,Atlantic Capital Life Assurance Company (Preferred),ISSUE_AGE,124.74,124.74,,,116.01,116.01,866-458-1430,https://bankersfidelity.com/,"4370 Peachtree Road, NE Atlanta, GA  30319"
GA,30060,N,MALE,Lumos Insurance,ISSUE_AGE,130.7,130.7,,,121.55,121.55,800-752-8328,https://www.lumosinsurance.com/life-health,"2701 North Main Street, Crossville, TN 38555"
GA,30060,N,MALE,Medico Insurance Company (Preferred),ISSUE_AGE,133,133,,,117.04,117.04,800-228-6080,https://www.gomedico.com/,"P.O. Box 10386 Des Moines, IA 50306-0386"
GA,30060,N,MALE,Insurance Company of North America,ISSUE_AGE,144.08,144.08,,,133.99,133.99,215-640-1000,https://www.chubb.com/microsites/ace-medicare-supplement.html,436 Walnut Street
GA,30060,N,MALE,Medico Insurance Company (Standard I),ISSUE_AGE,146.3,146.3,,,128.74,128.74,800-228-6080,https://www.gomedico.com/,"P.O. Box 10386 Des Moines, IA 50306-0386"
GA,30060,N,MALE,HealthSpring National Health Insurance Company,ISSUE_AGE,147.73,147.73,118.18,118.18,138.87,138.87,877-607-6002,https://www.cigna.com/medicare/shop-plans/supplemental/,"PO Box 5700, Scranton PA 18505-5700"
GA,30060,N,MALE,WoodmenLife,ISSUE_AGE,148.95,148.95,,,134.06,134.06,1-866-236-0029,https://www.woodmenlife.org/insurance/medicare-supplement-insurance/,"1700 Farnam Street, Omaha, NE 68102"
GA,30060,N,MALE,"Continental Life Insurance Company of Brentwood, Tennessee (Aetna)",ISSUE_AGE,149.69,149.69,139.21,139.21,139.21,139.21,800-358-8749 ,https://www.aetnamedicare.com/,"PO Box 14088 Lexington, KY 40515"
GA,30060,N,MALE,Bankers Life (Underwritten by Washington National Insurance Company),ISSUE_AGE,151.65,151.65,,,,,800-446-5018,https://www.bankerslife.com/medicare-supplement-insurance/?src=medicaregov&medium=listing,"11299 Illinois Street, Suite 200, Carmel, IN 46032"
GA,30060,N,MALE,AFLAC,ISSUE_AGE,154.91,154.91,,,139.42,139.42,866-990-2668,https://www.aflac.com/individuals,"Aflac Tier One, PO Box 14863, Lexington, KY 40512-4863"
GA,30060,N,MALE,Atlantic Capital Life Assurance Company (Standard),ISSUE_AGE,155.43,155.43,,,144.55,144.55,866-458-1430,https://bankersfidelity.com/,"4370 Peachtree Road, NE Atlanta, GA  30319"
GA,30060,N,MALE,LifeShield National Insurance Company,ISSUE_AGE,161.58,161.58,,,150.27,150.27,800-851-5041,https://www.lifeshieldnational.com/,"5500 N Western Avenue, Suite 200, Oklahoma City, OK 73118"
GA,30060,N,MALE,Humana (Emphesys Insurance Company),ISSUE_AGE,163.87,163.87,,,143.97,143.97,877-426-1269,https://www.humana.com/medicare/medicare-supplement-plans?kc=0321046030,"P.O. Box 14611 Lexington, KY 40512-4613"
GA,30060,N,MALE,Medico Insurance Company (Standard II),ISSUE_AGE,166.25,166.25,,,146.3,146.3,800-228-6080,https://www.gomedico.com/,"P.O. Box 10386 Des Moines, IA 50306-0386"
GA,30060,N,MALE,USAA Life Insurance Company,ISSUE_AGE,169.83,169.83,,,,,800-531-8722,https://www.usaa.com/inet/wc/insurance-health-medicare,"9800 Fredericksburg Rd. San Antonio, TX 78288"
GA,30060,N,MALE,American Benefit Life Insurance Company,ISSUE_AGE,170.4,170.4,,,153.36,153.36,833-504-0331,https://lbig.com/,"1605 LBJ Freeway, Suite 700 Dallas, Texas 75234"
GA,30060,N,MALE,State Farm Mutual Automobile Insurance Company,ISSUE_AGE,176.63,176.63,,,,,800-782-8332,https://www.statefarm.com/insurance/health/medicare-supplemental,"One State Farm Plaza, Bloomington, IL 61710"
GA,30060,N,MALE,Bankers Life (Underwritten by Washington National Insurance Company) (Substandard),ISSUE_AGE,186.99,186.99,,,,,800-446-5018,https://www.bankerslife.com/medicare-supplement-insurance/?src=medicaregov&medium=listing,"11299 Illinois Street, Suite 200, Carmel, IN 46032"
GA,30060,N,MALE,Mutual of Omaha (Omaha Supplemental Insurance Company),ISSUE_AGE,194.02,194.02,,,,,855-977-6312,https://www.mutualofomaha.com/medicaregov/,"3300 Mutual of Omaha Plaza, Omaha, NE 68175"
GA,30060,N,MALE,AARP - UnitedHealthcare Insurance Company (Standard),ISSUE_AGE,198.25,198.25,178.23,178.23,,,888-378-0849,https://www.aarpmedicaresupplement.com/,PO Box 9003; Huntingdon Valley PA 19006
GA,30060,N,MALE,Physicians Life Insurance Company,ISSUE_AGE,206.73,206.73,,,183.76,183.76,800-325-6300,https://www.physiciansmutual.com/cs/products/medsup/medsup.html,"2600 Dodge Street, Omaha, Nebraska 68131"
GA,30060,N,MALE,Anthem Blue Cross and Blue Shield - Georgia,ISSUE_AGE,221,221,198.7,198.7,,,888-211-9817,https://www.anthem.com/medicare/,"220 VIRGINIA AVENUE INDIANAPOLIS, IN  46204-3709"
GA,30060,N,MALE,HealthSpring National Health Insurance Company (Standard II),ISSUE_AGE,221.59,221.59,177.28,177.28,208.3,208.3,877-607-6002,https://www.cigna.com/medicare/shop-plans/supplemental/,"PO Box 5700, Scranton PA 18505-5700"
GA,30060,N,MALE,GPM Health and Life Insurance Company,ISSUE_AGE,247.89,247.89,,,230.54,230.54,866-242-7573,https://www.gpmhealthandlife.com/wps/portal/home/products/medicare-supplement,"2211 N.E. Loop 410 San Antonio, TX 78217-4630"
GA,30060,N,MALE,Guarantee Trust Life Insurance Company,ISSUE_AGE,272.53,272.53,,,253.45,253.45,800-338-7452,https://www.gtlic.com/,"1275 Milwaukee Avenue Glenview, IL 60025"
GA,30060,N,MALE,United American Insurance Company,ISSUE_AGE,286,286,,,,,800-331-2512,https://www2.unitedamerican.com/,"3700 S Stonebridge Dr, McKinney, TX 75070"
GA,30060,N,MALE,AARP - UnitedHealthcare Insurance Company (Level 2),ISSUE_AGE,336.42,336.42,302.58,302.58,,,888-378-0849,https://www.aarpmedicaresupplement.com/,PO Box 9003; Huntingdon Valley PA 19006
GA,30060,N,FEMALE,Atlantic Capital Life Assurance Company (Preferred),ISSUE_AGE,108.78,108.78,,,101.17,101.17,866-458-1430,https://bankersfidelity.com/,"4370 Peachtree Road, NE Atlanta, GA  30319"
GA,30060,N,FEMALE,New Era Life Insurance Company,ISSUE_AGE,110.23,110.23,,,,,877-417-7555,http://www.neweralife.com/,"P.O. Box 4884, Houston, TX 77210-4884"
GA,30060,N,FEMALE,Medico Insurance Company (Preferred),ISSUE_AGE,115.65,115.65,,,101.77,101.77,800-228-6080,https://www.gomedico.com/,"P.O. Box 10386 Des Moines, IA 50306-0386"
GA,30060,N,FEMALE,Lumos Insurance,ISSUE_AGE,118.83,118.83,,,110.51,110.51,800-752-8328,https://www.lumosinsurance.com/life-health,"2701 North Main Street, Crossville, TN 38555"
GA,30060,N,FEMALE,Medico Insurance Company (Standard I),ISSUE_AGE,127.22,127.22,,,111.95,111.95,800-228-6080,https://www.gomedico.com/,"P.O. Box 10386 Des Moines, IA 50306-0386"
GA,30060,N,FEMALE,Insurance Company of North America,ISSUE_AGE,127.5,127.5,,,118.57,118.57,215-640-1000,https://www.chubb.com/microsites/ace-medicare-supplement.html,436 Walnut Street
GA,30060,N,FEMALE,HealthSpring National Health Insurance Company,ISSUE_AGE,128.46,128.46,102.77,102.77,120.75,120.75,877-607-6002,https://www.cigna.com/medicare/shop-plans/supplemental/,"PO Box 5700, Scranton PA 18505-5700"
GA,30060,N,FEMALE,WoodmenLife,ISSUE_AGE,129.51,129.51,,,116.56,116.56,1-866-236-0029,https://www.woodmenlife.org/insurance/medicare-supplement-insurance/,"1700 Farnam Street, Omaha, NE 68102"
GA,30060,N,FEMALE,"Continental Life Insurance Company of Brentwood, Tennessee (Aetna)",ISSUE_AGE,130.2,130.2,121.09,121.09,,,800-358-8749 ,https://www.aetnamedicare.com/,"PO Box 14088 Lexington, KY 40515"
GA,30060,N,FEMALE,AFLAC,ISSUE_AGE,135.23,135.23,,,121.71,121.71,866-990-2668,https://www.aflac.com/individuals,"Aflac Tier One, PO Box 14863, Lexington, KY 40512-4863"
GA,30060,N,FEMALE,Atlantic Capital Life Assurance Company (Standard),ISSUE_AGE,135.48,135.48,,,126,126,866-458-1430,https://bankersfidelity.com/,"4370 Peachtree Road, NE Atlanta, GA  30319"
GA,30060,N,FEMALE,Bankers Life (Underwritten by Washington National Insurance Company),ISSUE_AGE,136.6,136.6,,,,,800-446-5018,https://www.bankerslife.com/medicare-supplement-insurance/?src=medicaregov&medium=listing,"11299 Illinois Street, Suite 200, Carmel, IN 46032"
GA,30060,N,FEMALE,LifeShield National Insurance Company,ISSUE_AGE,140.51,140.51,,,130.67,130.67,800-851-5041,https://www.lifeshieldnational.com/,"5500 N Western Avenue, Suite 200, Oklahoma City, OK 73118"
GA,30060,N,FEMALE,Medico Insurance Company (Standard II),ISSUE_AGE,144.57,144.57,,,127.22,127.22,800-228-6080,https://www.gomedico.com/,"P.O. Box 10386 Des Moines, IA 50306-0386"
GA,30060,N,FEMALE,Humana (Emphesys Insurance Company),ISSUE_AGE,145.02,145.02,,,127.38,127.38,877-426-1269,https://www.humana.com/medicare/medicare-supplement-plans?kc=0321046030,"P.O. Box 14611 Lexington, KY 40512-4613"
GA,30060,N,FEMALE,American Benefit Life Insurance Company,ISSUE_AGE,148.17,148.17,,,133.35,133.35,833-504-0331,https://lbig.com/,"1605 LBJ Freeway, Suite 700 Dallas, Texas 75234"
GA,30060,N,FEMALE,State Farm Mutual Automobile Insurance Company,ISSUE_AGE,158.36,158.36,,,,,800-782-8332,https://www.statefarm.com/insurance/health/medicare-supplemental,"One State Farm Plaza, Bloomington, IL 61710"
GA,30060,N,FEMALE,Bankers Life (Underwritten by Washington National Insurance Company) (Substandard),ISSUE_AGE,168.41,168.41,,,,,800-446-5018,https://www.bankerslife.com/medicare-supplement-insurance/?src=medicaregov&medium=listing,"11299 Illinois Street, Suite 200, Carmel, IN 46032"
GA,30060,N,FEMALE,Mutual of Omaha (Omaha Supplemental Insurance Company),ISSUE_AGE,168.72,168.72,,,,,855-977-6312,https://www.mutualofomaha.com/medicaregov/,"3300 Mutual of Omaha Plaza, Omaha, NE 68175"
GA,30060,N,FEMALE,USAA Life Insurance Company,ISSUE_AGE,169.83,169.83,,,,,800-531-8722,https://www.usaa.com/inet/wc/insurance-health-medicare,"9800 Fredericksburg Rd. San Antonio, TX 78288"
GA,30060,N,FEMALE,AARP - UnitedHealthcare Insurance Company (Standard),ISSUE_AGE,175.5,175.5,157.75,157.75,,,888-378-0849,https://www.aarpmedicaresupplement.com/,PO Box 9003; Huntingdon Valley PA 19006
GA,30060,N,FEMALE,Physicians Life Insurance Company,ISSUE_AGE,187.03,187.03,,,166.25,166.25,800-325-6300,https://www.physiciansmutual.com/cs/products/medsup/medsup.html,"2600 Dodge Street, Omaha, Nebraska 68131"
GA,30060,N,FEMALE,HealthSpring National Health Insurance Company (Standard II),ISSUE_AGE,192.69,192.69,154.15,154.15,181.13,181.13,877-607-6002,https://www.cigna.com/medicare/shop-plans/supplemental/,"PO Box 5700, Scranton PA 18505-5700"
GA,30060,N,FEMALE,Anthem Blue Cross and Blue Shield - Georgia,ISSUE_AGE,199,199,178.9,178.9,,,888-211-9817,https://www.anthem.com/medicare/,"220 VIRGINIA AVENUE INDIANAPOLIS, IN  46204-3709"
GA,30060,N,FEMALE,GPM Health and Life Insurance Company,ISSUE_AGE,215.58,215.58,,,200.49,200.49,866-242-7573,https://www.gpmhealthandlife.com/wps/portal/home/products/medicare-supplement,"2211 N.E. Loop 410 San Antonio, TX 78217-4630"
GA,30060,N,FEMALE,Guarantee Trust Life Insurance Company,ISSUE_AGE,243.33,243.33,,,226.3,226.3,800-338-7452,https://www.gtlic.com/,"1275 Milwaukee Avenue Glenview, IL 60025"
GA,30060,N,FEMALE,United American Insurance Company,ISSUE_AGE,249,249,,,,,800-331-2512,https://www2.unitedamerican.com/,"3700 S Stonebridge Dr, McKinney, TX 75070"
GA,30060,N,FEMALE,AARP - UnitedHealthcare Insurance Company (Level 2),ISSUE_AGE,297.97,297.97,267.97,267.97,,,888-378-0849,https://www.aarpmedicaresupplement.com/,PO Box 9003; Huntingdon Valley PA 19006
GA,30301,G,MALE,Atlantic Capital Life Assurance Company (Preferred),ISSUE_AGE,165.91,165.91,,,154.3,154.3,866-458-1430,https://bankersfidelity.com/,"4370 Peachtree Road, NE Atlanta, GA  30319"
GA,30301,G,MALE,Medico Insurance Company (Preferred),ISSUE_AGE,182.75,182.75,,,160.82,160.82,800-228-6080,https://www.gomedico.com/,"P.O. Box 10386 Des Moines, IA 50306-0386"
GA,30301,G,MALE,Bankers Life (Underwritten by Washington National Insurance Company),ISSUE_AGE,194.41,194.41,,,,,800-446-5018,https://www.bankerslife.com/medicare-supplement-insurance/?src=medicaregov&medium=listing,"11299 Illinois Street, Suite 200, Carmel, IN 46032"
GA,30301,G,MALE,USAA Life Insurance Company,ISSUE_AGE,196.86,196.86,,,,,800-531-8722,https://www.usaa.com/inet/wc/insurance-health-medicare,"9800 Fredericksburg Rd. San Antonio, TX 78288"
GA,30301,G,MALE,Lumos Insurance,ISSUE_AGE,198.63,198.63,,,184.73,184.73,800-752-8328,https://www.lumosinsurance.com/life-health,"2701 North Main Street, Crossville, TN 38555"
GA,30301,G,MALE,Medico Insurance Company (Standard I),ISSUE_AGE,201.03,201.03,,,176.91,176.91,800-228-6080,https://www.gomedico.com/,"P.O. Box 10386 Des Moines, IA 50306-0386"
GA,30301,G,MALE,Atlantic Capital Life Assurance Company (Standard),ISSUE_AGE,206.87,206.87,,,192.39,192.39,866-458-1430,https://bankersfidelity.com/,"4370 Peachtree Road, NE Atlanta, GA  30319"
GA,30301,G,MALE,Anthem Blue Cross and Blue Shield - Georgia,ISSUE_AGE,207,207,186.1,186.1,,,888-211-9817,https://www.anthem.com/medicare/,"220 VIRGINIA AVENUE INDIANAPOLIS, IN  46204-3709"
GA,30301,G,MALE,WoodmenLife,ISSUE_AGE,211.83,211.83,,,190.65,190.65,1-866-236-0029,https://www.woodmenlife.org/insurance/medicare-supplement-insurance/,"1700 Farnam Street, Omaha, NE 68102"
GA,30301,G,MALE,Humana (Emphesys Insurance Company),ISSUE_AGE,216.64,216.64,,,190.4,190.4,877-426-1269,https://www.humana.com/medicare/medicare-supplement-plans?kc=0321046030,"P.O. Box 14611 Lexington, KY 40512-4613"
GA,30301,G,MALE,LifeShield National Insurance Company,ISSUE_AGE,219.18,219.18,,,203.84,203.84,800-851-5041,https://www.lifeshieldnational.com/,"5500 N Western Avenue, Suite 200, Oklahoma City, OK 73118"
GA,30301,G,MALE,Insurance Company of North America,ISSUE_AGE,221,221,,,205.53,205.53,215-640-1000,https://www.chubb.com/microsites/ace-medicare-supplement.html,436 Walnut Street
GA,30301,G,MALE,AARP - UnitedHealthcare Insurance Company (Standard),ISSUE_AGE,223,223,200.5,200.5,,,888-378-0849,https://www.aarpmedicaresupplement.com/,PO Box 9003; Huntingdon Valley PA 19006
GA,30301,G,MALE,American Benefit Life Insurance Company,ISSUE_AGE,225.81,225.81,,,203.23,203.23,833-504-0331,https://lbig.com/,"1605 LBJ Freeway, Suite 700 Dallas, Texas 75234"
GA,30301,G,MALE,HealthSpring National Health Insurance Company,ISSUE_AGE,227.84,227.84,182.27,182.27,214.17,214.17,877-607-6002,https://www.cigna.com/medicare/shop-plans/supplemental/,"PO Box 5700, Scranton PA 18505-5700"
GA,30301,G,MALE,Medico Insurance Company (Standard II),ISSUE_AGE,228.44,228.44,,,201.03,201.03,800-228-6080,https://www.gomedico.com/,"P.O. Box 10386 Des Moines, IA 50306-0386"
GA,30301,G,MALE,State Farm Mutual Automobile Insurance Company,ISSUE_AGE,228.48,228.48,,,,,800-782-8332,https://www.statefarm.com/insurance/health/medicare-supplemental,"One State Farm Plaza, Bloomington, IL 61710"
GA,30301,G,MALE,"Continental Life Insurance Company of Brentwood, Tennessee (Aetna)",ISSUE_AGE,228.99,228.99,212.96,212.96,212.96,212.96,800-358-8749 ,https://www.aetnamedicare.com/,"PO Box 14088 Lexington, KY 40515"
GA,30301,G,MALE,AFLAC,ISSUE_AGE,230.95,230.95,,,207.86,207.86,866-990-2668,https://www.aflac.com/individuals,"Aflac Tier One, PO Box 14863, Lexington, KY 40512-4863"
GA,30301,G,MALE,Bankers Life (Underwritten by Washington National Insurance Company) (Substandard),ISSUE_AGE,239.75,239.75,,,,,800-446-5018,https://www.bankerslife.com/medicare-supplement-insurance/?src=medicaregov&medium=listing,"11299 Illinois Street, Suite 200, Carmel, IN 46032"
GA,30301,G,MALE,Physicians Life Insurance Company,ISSUE_AGE,249.79,249.79,,,222.04,222.04,800-325-6300,https://www.physiciansmutual.com/cs/products/medsup/medsup.html,"2600 Dodge Street, Omaha, Nebraska 68131"
GA,30301,G,MALE,Mutual of Omaha (Omaha Supplemental Insurance Company),ISSUE_AGE,294.07,294.07,,,,,855-977-6312,https://www.mutualofomaha.com/medicaregov/,"3300 Mutual of Omaha Plaza, Omaha, NE 68175"
GA,30301,G,MALE,GPM Health and Life Insurance Company,ISSUE_AGE,309.56,309.56,,,287.89,287.89,866-242-7573,https://www.gpmhealthandlife.com/wps/portal/home/products/medicare-supplement,"2211 N.E. Loop 410 San Antonio, TX 78217-4630"
GA,30301,G,MALE,HealthSpring National Health Insurance Company (Standard II),ISSUE_AGE,341.76,341.76,273.41,273.41,321.26,321.26,877-607-6002,https://www.cigna.com/medicare/shop-plans/supplemental/,"PO Box 5700, Scranton PA 18505-5700"
GA,30301,G,MALE,Guarantee Trust Life Insurance Company,ISSUE_AGE,345.12,345.12,,,320.96,320.96,800-338-7452,https://www.gtlic.com/,"1275 Milwaukee Avenue Glenview, IL 60025"
GA,30301,G,MALE,United American Insurance Company,ISSUE_AGE,382,382,,,,,800-331-2512,https://www2.unitedamerican.com/,"3700 S Stonebridge Dr, McKinney, TX 75070"
GA,30301,G,MALE,AARP - UnitedHealthcare Insurance Company (Level 2),ISSUE_AGE,529,529,475.9,475.9,,,888-378-0849,https://www.aarpmedicaresupplement.com/,PO Box 9003; Huntingdon Valley PA 19006
GA,30301,G,FEMALE,Atlantic Capital Life Assurance Company (Preferred),ISSUE_AGE,144.62,144.62,,,134.5,134.5,866-458-1430,https://bankersfidelity.com/,"4370 Peachtree Road, NE Atlanta, GA  30319"
GA,30301,G,FEMALE,Medico Insurance Company (Preferred),ISSUE_AGE,158.92,158.92,,,139.85,139.85,800-228-6080,https://www.gomedico.com/,"P.O. Box 10386 Des Moines, IA 50306-0386"
GA,30301,G,FEMALE,Medico Insurance Company (Standard I),ISSUE_AGE,174.81,174.81,,,153.83,153.83,800-228-6080,https://www.gomedico.com/,"P.O. Box 10386 Des Moines, IA 50306-0386"
GA,30301,G,FEMALE,Bankers Life (Underwritten by Washington National Insurance Company),ISSUE_AGE,175.07,175.07,,,,,800-446-5018,https://www.bankerslife.com/medicare-supplement-insurance/?src=medicaregov&medium=listing,"11299 Illinois Street, Suite 200, Carmel, IN 46032"
GA,30301,G,FEMALE,Atlantic Capital Life Assurance Company (Standard),ISSUE_AGE,180.25,180.25,,,167.63,167.63,866-458-1430,https://bankersfidelity.com/,"4370 Peachtree Road, NE Atlanta, GA  30319"
GA,30301,G,FEMALE,Lumos Insurance,ISSUE_AGE,180.58,180.58,,,167.94,167.94,800-752-8328,https://www.lumosinsurance.com/life-health,"2701 North Main Street, Crossville, TN 38555"
GA,30301,G,FEMALE,WoodmenLife,ISSUE_AGE,184.2,184.2,,,165.78,165.78,1-866-236-0029,https://www.woodmenlife.org/insurance/medicare-supplement-insurance/,"1700 Farnam Street, Omaha, NE 68102"
GA,30301,G,FEMALE,LifeShield National Insurance Company,ISSUE_AGE,190.59,190.59,,,177.25,177.25,800-851-5041,https://www.lifeshieldnational.com/,"5500 N Western Avenue, Suite 200, Oklahoma City, OK 73118"
GA,30301,G,FEMALE,Anthem Blue Cross and Blue Shield - Georgia,ISSUE_AGE,191,191,171.7,171.7,,,888-211-9817,https://www.anthem.com/medicare/,"220 VIRGINIA AVENUE INDIANAPOLIS, IN  46204-3709"
GA,30301,G,FEMALE,Humana (Emphesys Insurance Company),ISSUE_AGE,191.71,191.71,,,168.46,168.46,877-426-1269,https://www.humana.com/medicare/medicare-supplement-plans?kc=0321046030,"P.O. Box 14611 Lexington, KY 40512-4613"
GA,30301,G,FEMALE,Insurance Company of North America,ISSUE_AGE,195.5,195.5,,,181.82,181.82,215-640-1000,https://www.chubb.com/microsites/ace-medicare-supplement.html,436 Walnut Street
GA,30301,G,FEMALE,American Benefit Life Insurance Company,ISSUE_AGE,196.36,196.36,,,176.72,176.72,833-504-0331,https://lbig.com/,"1605 LBJ Freeway, Suite 700 Dallas, Texas 75234"
GA,30301,G,FEMALE,USAA Life Insurance Company,ISSUE_AGE,196.86,196.86,,,,,800-531-8722,https://www.usaa.com/inet/wc/insurance-health-medicare,"9800 Fredericksburg Rd. San Antonio, TX 78288"
GA,30301,G,FEMALE,AARP - UnitedHealthcare Insurance Company (Standard),ISSUE_AGE,197.5,197.5,177.55,177.55,,,888-378-0849,https://www.aarpmedicaresupplement.com/,PO Box 9003; Huntingdon Valley PA 19006
GA,30301,G,FEMALE,HealthSpring National Health Insurance Company,ISSUE_AGE,198.12,198.12,158.5,158.5,186.24,186.24,877-607-6002,https://www.cigna.com/medicare/shop-plans/supplemental/,"PO Box 5700, Scranton PA 18505-5700"
GA,30301,G,FEMALE,Medico Insurance Company (Standard II),ISSUE_AGE,198.65,198.65,,,174.81,174.81,800-228-6080,https://www.gomedico.com/,"P.O. Box 10386 Des Moines, IA 50306-0386"
GA,30301,G,FEMALE,"Continental Life Insurance Company of Brentwood, Tennessee (Aetna)",ISSUE_AGE,199.09,199.09,185.15,185.15,,,800-358-8749 ,https://www.aetnamedicare.com/,"PO Box 14088 Lexington, KY 40515"
GA,30301,G,FEMALE,AFLAC,ISSUE_AGE,201.62,201.62,,,181.46,181.46,866-990-2668,https://www.aflac.com/individuals,"Aflac Tier One, PO Box 14863, Lexington, KY 40512-4863"
GA,30301,G,FEMALE,State Farm Mutual Automobile Insurance Company,ISSUE_AGE,206.81,206.81,,,,,800-782-8332,https://www.statefarm.com/insurance/health/medicare-supplemental,"One State Farm Plaza, Bloomington, IL 61710"
GA,30301,G,FEMALE,Bankers Life (Underwritten by Washington National Insurance Company) (Substandard),ISSUE_AGE,215.89,215.89,,,,,800-446-5018,https://www.bankerslife.com/medicare-supplement-insurance/?src=medicaregov&medium=listing,"11299 Illinois Street, Suite 200, Carmel, IN 46032"
GA,30301,G,FEMALE,Physicians Life Insurance Company,ISSUE_AGE,226.02,226.02,,,200.91,200.91,800-325-6300,https://www.physiciansmutual.com/cs/products/medsup/medsup.html,"2600 Dodge Street, Omaha, Nebraska 68131"
GA,30301,G,FEMALE,Mutual of Omaha (Omaha Supplemental Insurance Company),ISSUE_AGE,255.71,255.71,,,,,855-977-6312,https://www.mutualofomaha.com/medicaregov/,"3300 Mutual of Omaha Plaza, Omaha, NE 68175"
GA,30301,G,FEMALE,GPM Health and Life Insurance Company,ISSUE_AGE,269.17,269.17,,,250.33,250.33,866-242-7573,https://www.gpmhealthandlife.com/wps/portal/home/products/medicare-supplement,"2211 N.E. Loop 410 San Antonio, TX 78217-4630"
GA,30301,G,FEMALE,HealthSpring National Health Insurance Company (Standard II),ISSUE_AGE,297.19,297.19,237.75,237.75,279.36,279.36,877-607-6002,https://www.cigna.com/medicare/shop-plans/supplemental/,"PO Box 5700, Scranton PA 18505-5700"
GA,30301,G,FEMALE,Guarantee Trust Life Insurance Company,ISSUE_AGE,308.15,308.15,,,286.58,286.58,800-338-7452,https://www.gtlic.com/,"1275 Milwaukee Avenue Glenview, IL 60025"
GA,30301,G,FEMALE,United American Insurance Company,ISSUE_AGE,332,332,,,,,800-331-2512,https://www2.unitedamerican.com/,"3700 S Stonebridge Dr, McKinney, TX 75070"
GA,30301,G,FEMALE,AARP - UnitedHealthcare Insurance Company (Level 2),ISSUE_AGE,468.82,468.82,421.74,421.74,,,888-378-0849,https://www.aarpmedicaresupplement.com/,PO Box 9003; Huntingdon Valley PA 19006
GA,30301,N,MALE,New Era Life Insurance Company,ISSUE_AGE,124.57,124.57,,,,,877-417-7555,http://www.neweralife.com/,"P.O. Box 4884, Houston, TX 77210-4884"
GA,30301,N,MALE,Atlantic Capital Life Assurance Company (Preferred),ISSUE_AGE,124.74,124.74,,,116.01,116.01,866-458-1430,https://bankersfidelity.com/,"4370 Peachtree Road, NE Atlanta, GA  30319"
GA,30301,N,MALE,Lumos Insurance,ISSUE_AGE,130.7,130.7,,,121.55,121.55,800-752-8328,https://www.lumosinsurance.com/life-health,"2701 North Main Street, Crossville, TN 38555"
GA,30301,N,MALE,Medico Insurance Company (Preferred),ISSUE_AGE,133,133,,,117.04,117.04,800-228-6080,https://www.gomedico.com/,"P.O. Box 10386 Des Moines, IA 50306-0386"
GA,30301,N,MALE,Insurance Company of North America,ISSUE_AGE,144.08,144.08,,,133.99,133.99,215-640-1000,https://www.chubb.com/microsites/ace-medicare-supplement.html,436 Walnut Street
GA,30301,N,MALE,Medico Insurance Company (Standard I),ISSUE_AGE,146.3,146.3,,,128.74,128.74,800-228-6080,https://www.gomedico.com/,"P.O. Box 10386 Des Moines, IA 50306-0386"
GA,30301,N,MALE,HealthSpring National Health Insurance Company,ISSUE_AGE,147.73,147.73,118.18,118.18,138.87,138.87,877-607-6002,https://www.cigna.com/medicare/shop-plans/supplemental/,"PO Box 5700, Scranton PA 18505-5700"
GA,30301,N,MALE,WoodmenLife,ISSUE_AGE,148.95,148.95,,,134.06,134.06,1-866-236-0029,https://www.woodmenlife.org/insurance/medicare-supplement-insurance/,"1700 Farnam Street, Omaha, NE 68102"
GA,30301,N,MALE,"Continental Life Insurance Company of Brentwood, Tennessee (Aetna)",ISSUE_AGE,149.69,149.69,139.21,139.21,139.21,139.21,800-358-8749 ,https://www.aetnamedicare.com/,"PO Box 14088 Lexington, KY 40515"
GA,30301,N,MALE,Bankers Life (Underwritten by Washington National Insurance Company),ISSUE_AGE,151.65,151.65,,,,,800-446-5018,https://www.bankerslife.com/medicare-supplement-insurance/?src=medicaregov&medium=listing,"11299 Illinois Street, Suite 200, Carmel, IN 46032"
GA,30301,N,MALE,AFLAC,ISSUE_AGE,154.91,154.91,,,139.42,139.42,866-990-2668,https://www.aflac.com/individuals,"Aflac Tier One, PO Box 14863, Lexington, KY 40512-4863"
GA,30301,N,MALE,Atlantic Capital Life Assurance Company (Standard),ISSUE_AGE,155.43,155.43,,,144.55,144.55,866-458-1430,https://bankersfidelity.com/,"4370 Peachtree Road, NE Atlanta, GA  30319"
GA,30301,N,MALE,LifeShield National Insurance Company,ISSUE_AGE,161.58,161.58,,,150.27,150.27,800-851-5041,https://www.lifeshieldnational.com/,"5500 N Western Avenue, Suite 200, Oklahoma City, OK 73118"
GA,30301,N,MALE,Humana (Emphesys Insurance Company),ISSUE_AGE,163.87,163.87,,,143.97,143.97,877-426-1269,https://www.humana.com/medicare/medicare-supplement-plans?kc=0321046030,"P.O. Box 14611 Lexington, KY 40512-4613"
GA,30301,N,MALE,Medico Insurance Company (Standard II),ISSUE_AGE,166.25,166.25,,,146.3,146.3,800-228-6080,https://www.gomedico.com/,"P.O. Box 10386 Des Moines, IA 50306-0386"
GA,30301,N,MALE,USAA Life Insurance Company,ISSUE_AGE,169.83,169.83,,,,,800-531-8722,https://www.usaa.com/inet/wc/insurance-health-medicare,"9800 Fredericksburg Rd. San Antonio, TX 78288"
GA,30301,N,MALE,American Benefit Life Insurance Company,ISSUE_AGE,170.4,170.4,,,153.36,153.36,833-504-0331,https://lbig.com/,"1605 LBJ Freeway, Suite 700 Dallas, Texas 75234"
GA,30301,N,MALE,State Farm Mutual Automobile Insurance Company,ISSUE_AGE,176.63,176.63,,,,,800-782-8332,https://www.statefarm.com/insurance/health/medicare-supplemental,"One State Farm Plaza, Bloomington, IL 61710"
GA,30301,N,MALE,Bankers Life (Underwritten by Washington National Insurance Company) (Substandard),ISSUE_AGE,186.99,186.99,,,,,800-446-5018,https://www.bankerslife.com/medicare-supplement-insurance/?src=medicaregov&medium=listing,"11299 Illinois Street, Suite 200, Carmel, IN 46032"
GA,30301,N,MALE,Mutual of Omaha (Omaha Supplemental Insurance Company),ISSUE_AGE,194.02,194.02,,,,,855-977-6312,https://www.mutualofomaha.com/medicaregov/,"3300 Mutual of Omaha Plaza, Omaha, NE 68175"
GA,30301,N,MALE,AARP - UnitedHealthcare Insurance Company (Standard),ISSUE_AGE,198.25,198.25,178.23,178.23,,,888-378-0849,https://www.aarpmedicaresupplement.com/,PO Box 9003; Huntingdon Valley PA 19006
GA,30301,N,MALE,Physicians Life Insurance Company,ISSUE_AGE,206.73,206.73,,,183.76,183.76,800-325-6300,https://www.physiciansmutual.com/cs/products/medsup/medsup.html,"2600 Dodge Street, Omaha, Nebraska 68131"
GA,30301,N,MALE,Anthem Blue Cross and Blue Shield - Georgia,ISSUE_AGE,221,221,198.7,198.7,,,888-211-9817,https://www.anthem.com/medicare/,"220 VIRGINIA AVENUE INDIANAPOLIS, IN  46204-3709"
GA,30301,N,MALE,HealthSpring National Health Insurance Company (Standard II),ISSUE_AGE,221.59,221.59,177.28,177.28,208.3,208.3,877-607-6002,https://www.cigna.com/medicare/shop-plans/supplemental/,"PO Box 5700, Scranton PA 18505-5700"
GA,30301,N,MALE,GPM Health and Life Insurance Company,ISSUE_AGE,247.89,247.89,,,230.54,230.54,866-242-7573,https://www.gpmhealthandlife.com/wps/portal/home/products/medicare-supplement,"2211 N.E. Loop 410 San Antonio, TX 78217-4630"
GA,30301,N,MALE,Guarantee Trust Life Insurance Company,ISSUE_AGE,272.53,272.53,,,253.45,253.45,800-338-7452,https://www.gtlic.com/,"1275 Milwaukee Avenue Glenview, IL 60025"
GA,30301,N,MALE,United American Insurance Company,ISSUE_AGE,286,286,,,,,800-331-2512,https://www2.unitedamerican.com/,"3700 S Stonebridge Dr, McKinney, TX 75070"
GA,30301,N,MALE,AARP - UnitedHealthcare Insurance Company (Level 2),ISSUE_AGE,336.42,336.42,302.58,302.58,,,888-378-0849,https://www.aarpmedicaresupplement.com/,PO Box 9003; Huntingdon Valley PA 19006
GA,30301,N,FEMALE,Atlantic Capital Life Assurance Company (Preferred),ISSUE_AGE,108.78,108.78,,,101.17,101.17,866-458-1430,https://bankersfidelity.com/,"4370 Peachtree Road, NE Atlanta, GA  30319"
GA,30301,N,FEMALE,New Era Life Insurance Company,ISSUE_AGE,110.23,110.23,,,,,877-417-7555,http://www.neweralife.com/,"P.O. Box 4884, Houston, TX 77210-4884"
GA,30301,N,FEMALE,Medico Insurance Company (Preferred),ISSUE_AGE,115.65,115.65,,,101.77,101.77,800-228-6080,https://www.gomedico.com/,"P.O. Box 10386 Des Moines, IA 50306-0386"
GA,30301,N,FEMALE,Lumos Insurance,ISSUE_AGE,118.83,118.83,,,110.51,110.51,800-752-8328,https://www.lumosinsurance.com/life-health,"2701 North Main Street, Crossville, TN 38555"
GA,30301,N,FEMALE,Medico Insurance Company (Standard I),ISSUE_AGE,127.22,127.22,,,111.95,111.95,800-228-6080,https://www.gomedico.com/,"P.O. Box 10386 Des Moines, IA 50306-0386"
GA,30301,N,FEMALE,Insurance Company of North America,ISSUE_AGE,127.5,127.5,,,118.57,118.57,215-640-1000,https://www.chubb.com/microsites/ace-medicare-supplement.html,436 Walnut Street
GA,30301,N,FEMALE,HealthSpring National Health Insurance Company,ISSUE_AGE,128.46,128.46,102.77,102.77,120.75,120.75,877-607-6002,https://www.cigna.com/medicare/shop-plans/supplemental/,"PO Box 5700, Scranton PA 18505-5700"
GA,30301,N,FEMALE,WoodmenLife,ISSUE_AGE,129.51,129.51,,,116.56,116.56,1-866-236-0029,https://www.woodmenlife.org/insurance/medicare-supplement-insurance/,"1700 Farnam Street, Omaha, NE 68102"
GA,30301,N,FEMALE,"Continental Life Insurance Company of Brentwood, Tennessee (Aetna)",ISSUE_AGE,130.2,130.2,121.09,121.09,,,800-358-8749 ,https://www.aetnamedicare.com/,"PO Box 14088 Lexington, KY 40515"
GA,30301,N,FEMALE,AFLAC,ISSUE_AGE,135.23,135.23,,,121.71,121.71,866-990-2668,https://www.aflac.com/individuals,"Aflac Tier One, PO Box 14863, Lexington, KY 40512-4863"
GA,30301,N,FEMALE,Atlantic Capital Life Assurance Company (Standard),ISSUE_AGE,135.48,135.48,,,126,126,866-458-1430,https://bankersfidelity.com/,"4370 Peachtree Road, NE Atlanta, GA  30319"
GA,30301,N,FEMALE,Bankers Life (Underwritten by Washington National Insurance Company),ISSUE_AGE,136.6,136.6,,,,,800-446-5018,https://www.bankerslife.com/medicare-supplement-insurance/?src=medicaregov&medium=listing,"11299 Illinois Street, Suite 200, Carmel, IN 46032"
GA,30301,N,FEMALE,LifeShield National Insurance Company,ISSUE_AGE,140.51,140.51,,,130.67,130.67,800-851-5041,https://www.lifeshieldnational.com/,"5500 N Western Avenue, Suite 200, Oklahoma City, OK 73118"
GA,30301,N,FEMALE,Medico Insurance Company (Standard II),ISSUE_AGE,144.57,144.57,,,127.22,127.22,800-228-6080,https://www.gomedico.com/,"P.O. Box 10386 Des Moines, IA 50306-0386"
GA,30301,N,FEMALE,Humana (Emphesys Insurance Company),ISSUE_AGE,145.02,145.02,,,127.38,127.38,877-426-1269,https://www.humana.com/medicare/medicare-supplement-plans?kc=0321046030,"P.O. Box 14611 Lexington, KY 40512-4613"
GA,30301,N,FEMALE,American Benefit Life Insurance Company,ISSUE_AGE,148.17,148.17,,,133.35,133.35,833-504-0331,https://lbig.com/,"1605 LBJ Freeway, Suite 700 Dallas, Texas 75234"
GA,30301,N,FEMALE,State Farm Mutual Automobile Insurance Company,ISSUE_AGE,158.36,158.36,,,,,800-782-8332,https://www.statefarm.com/insurance/health/medicare-supplemental,"One State Farm Plaza, Bloomington, IL 61710"
GA,30301,N,FEMALE,Bankers Life (Underwritten by Washington National Insurance Company) (Substandard),ISSUE_AGE,168.41,168.41,,,,,800-446-5018,https://www.bankerslife.com/medicare-supplement-insurance/?src=medicaregov&medium=listing,"11299 Illinois Street, Suite 200, Carmel, IN 46032"
GA,30301,N,FEMALE,Mutual of Omaha (Omaha Supplemental Insurance Company),ISSUE_AGE,168.72,168.72,,,,,855-977-6312,https://www.mutualofomaha.com/medicaregov/,"3300 Mutual of Omaha Plaza, Omaha, NE 68175"
GA,30301,N,FEMALE,USAA Life Insurance Company,ISSUE_AGE,169.83,169.83,,,,,800-531-8722,https://www.usaa.com/inet/wc/insurance-health-medicare,"9800 Fredericksburg Rd. San Antonio, TX 78288"
GA,30301,N,FEMALE,AARP - UnitedHealthcare Insurance Company (Standard),ISSUE_AGE,175.5,175.5,157.75,157.75,,,888-378-0849,https://www.aarpmedicaresupplement.com/,PO Box 9003; Huntingdon Valley PA 19006
GA,30301,N,FEMALE,Physicians Life Insurance Company,ISSUE_AGE,187.03,187.03,,,166.25,166.25,800-325-6300,https://www.physiciansmutual.com/cs/products/medsup/medsup.html,"2600 Dodge Street, Omaha, Nebraska 68131"
GA,30301,N,FEMALE,HealthSpring National Health Insurance Company (Standard II),ISSUE_AGE,192.69,192.69,154.15,154.15,181.13,181.13,877-607-6002,https://www.cigna.com/medicare/shop-plans/supplemental/,"PO Box 5700, Scranton PA 18505-5700"
GA,30301,N,FEMALE,Anthem Blue Cross and Blue Shield - Georgia,ISSUE_AGE,199,199,178.9,178.9,,,888-211-9817,https://www.anthem.com/medicare/,"220 VIRGINIA AVENUE INDIANAPOLIS, IN  46204-3709"
GA,30301,N,FEMALE,GPM Health and Life Insurance Company,ISSUE_AGE,215.58,215.58,,,200.49,200.49,866-242-7573,https://www.gpmhealthandlife.com/wps/portal/home/products/medicare-supplement,"2211 N.E. Loop 410 San Antonio, TX 78217-4630"
GA,30301,N,FEMALE,Guarantee Trust Life Insurance Company,ISSUE_AGE,243.33,243.33,,,226.3,226.3,800-338-7452,https://www.gtlic.com/,"1275 Milwaukee Avenue Glenview, IL 60025"
GA,30301,N,FEMALE,United American Insurance Company,ISSUE_AGE,249,249,,,,,800-331-2512,https://www2.unitedamerican.com/,"3700 S Stonebridge Dr, McKinney, TX 75070"
GA,30301,N,FEMALE,AARP - UnitedHealthcare Insurance Company (Level 2),ISSUE_AGE,297.97,297.97,267.97,267.97,,,888-378-0849,https://www.aarpmedicaresupplement.com/,PO Box 9003; Huntingdon Valley PA 19006
GA,30501,G,MALE,Atlantic Capital Life Assurance Company (Preferred),ISSUE_AGE,150.82,150.82,,,140.26,140.26,866-458-1430,https://bankersfidelity.com/,"4370 Peachtree Road, NE Atlanta, GA  30319"
GA,30501,G,MALE,USAA Life Insurance Company,ISSUE_AGE,181.39,181.39,,,,,800-531-8722,https://www.usaa.com/inet/wc/insurance-health-medicare,"9800 Fredericksburg Rd. San Antonio, TX 78288"
GA,30501,G,MALE,LifeShield National Insurance Company,ISSUE_AGE,183.45,183.45,,,170.61,170.61,800-851-5041,https://www.lifeshieldnational.com/,"5500 N Western Avenue, Suite 200, Oklahoma City, OK 73118"
GA,30501,G,MALE,Atlantic Capital Life Assurance Company (Standard),ISSUE_AGE,188.06,188.06,,,174.9,174.9,866-458-1430,https://bankersfidelity.com/,"4370 Peachtree Road, NE Atlanta, GA  30319"
GA,30501,G,MALE,WoodmenLife,ISSUE_AGE,188.29,188.29,,,169.46,169.46,1-866-236-0029,https://www.woodmenlife.org/insurance/medicare-supplement-insurance/,"1700 Farnam Street, Omaha, NE 68102"
GA,30501,G,MALE,Medico Insurance Company (Preferred),ISSUE_AGE,190.45,190.45,,,167.6,167.6,800-228-6080,https://www.gomedico.com/,"P.O. Box 10386 Des Moines, IA 50306-0386"
GA,30501,G,MALE,Bankers Life (Underwritten by Washington National Insurance Company),ISSUE_AGE,194.41,194.41,,,,,800-446-5018,https://www.bankerslife.com/medicare-supplement-insurance/?src=medicaregov&medium=listing,"11299 Illinois Street, Suite 200, Carmel, IN 46032"
GA,30501,G,MALE,HealthSpring National Health Insurance Company,ISSUE_AGE,197.46,197.46,157.97,157.97,185.62,185.62,877-607-6002,https://www.cigna.com/medicare/shop-plans/supplemental/,"PO Box 5700, Scranton PA 18505-5700"
GA,30501,G,MALE,Lumos Insurance,ISSUE_AGE,198.63,198.63,,,184.73,184.73,800-752-8328,https://www.lumosinsurance.com/life-health,"2701 North Main Street, Crossville, TN 38555"
GA,30501,G,MALE,Insurance Company of North America,ISSUE_AGE,199.92,199.92,,,185.93,185.93,215-640-1000,https://www.chubb.com/microsites/ace-medicare-supplement.html,436 Walnut Street
GA,30501,G,MALE,American Benefit Life Insurance Company,ISSUE_AGE,200.72,200.72,,,180.65,180.65,833-504-0331,https://lbig.com/,"1605 LBJ Freeway, Suite 700 Dallas, Texas 75234"
GA,30501,G,MALE,Humana (Emphesys Insurance Company),ISSUE_AGE,201.92,201.92,,,177.45,177.45,877-426-1269,https://www.humana.com/medicare/medicare-supplement-plans?kc=0321046030,"P.O. Box 14611 Lexington, KY 40512-4613"
GA,30501,G,MALE,Anthem Blue Cross and Blue Shield - Georgia,ISSUE_AGE,203,203,182.5,182.5,,,888-211-9817,https://www.anthem.com/medicare/,"220 VIRGINIA AVENUE INDIANAPOLIS, IN  46204-3709"
GA,30501,G,MALE,AFLAC,ISSUE_AGE,205.29,205.29,,,184.76,184.76,866-990-2668,https://www.aflac.com/individuals,"Aflac Tier One, PO Box 14863, Lexington, KY 40512-4863"
GA,30501,G,MALE,Medico Insurance Company (Standard I),ISSUE_AGE,209.49,209.49,,,184.35,184.35,800-228-6080,https://www.gomedico.com/,"P.O. Box 10386 Des Moines, IA 50306-0386"
GA,30501,G,MALE,AARP - UnitedHealthcare Insurance Company (Standard),ISSUE_AGE,212.75,212.75,191.28,191.28,,,888-378-0849,https://www.aarpmedicaresupplement.com/,PO Box 9003; Huntingdon Valley PA 19006
GA,30501,G,MALE,State Farm Mutual Automobile Insurance Company,ISSUE_AGE,219.47,219.47,,,,,800-782-8332,https://www.statefarm.com/insurance/health/medicare-supplemental,"One State Farm Plaza, Bloomington, IL 61710"
GA,30501,G,MALE,Physicians Life Insurance Company,ISSUE_AGE,225.99,225.99,,,200.88,200.88,800-325-6300,https://www.physiciansmutual.com/cs/products/medsup/medsup.html,"2600 Dodge Street, Omaha, Nebraska 68131"
GA,30501,G,MALE,"Continental Life Insurance Company of Brentwood, Tennessee (Aetna)",ISSUE_AGE,228.99,228.99,212.96,212.96,212.96,212.96,800-358-8749 ,https://www.aetnamedicare.com/,"PO Box 14088 Lexington, KY 40515"
GA,30501,G,MALE,Medico Insurance Company (Standard II),ISSUE_AGE,238.06,238.06,,,209.49,209.49,800-228-6080,https://www.gomedico.com/,"P.O. Box 10386 Des Moines, IA 50306-0386"
GA,30501,G,MALE,Bankers Life (Underwritten by Washington National Insurance Company) (Substandard),ISSUE_AGE,239.75,239.75,,,,,800-446-5018,https://www.bankerslife.com/medicare-supplement-insurance/?src=medicaregov&medium=listing,"11299 Illinois Street, Suite 200, Carmel, IN 46032"
GA,30501,G,MALE,Mutual of Omaha (Omaha Supplemental Insurance Company),ISSUE_AGE,268.77,268.77,,,,,855-977-6312,https://www.mutualofomaha.com/medicaregov/,"3300 Mutual of Omaha Plaza, Omaha, NE 68175"
GA,30501,G,MALE,GPM Health and Life Insurance Company,ISSUE_AGE,286.63,286.63,,,266.57,266.57,866-242-7573,https://www.gpmhealthandlife.com/wps/portal/home/products/medicare-supplement,"2211 N.E. Loop 410 San Antonio, TX 78217-4630"
GA,30501,G,MALE,HealthSpring National Health Insurance Company (Standard II),ISSUE_AGE,296.2,296.2,236.96,236.96,278.42,278.42,877-607-6002,https://www.cigna.com/medicare/shop-plans/supplemental/,"PO Box 5700, Scranton PA 18505-5700"
GA,30501,G,MALE,Guarantee Trust Life Insurance Company,ISSUE_AGE,309.73,309.73,,,288.05,288.05,800-338-7452,https://www.gtlic.com/,"1275 Milwaukee Avenue Glenview, IL 60025"
GA,30501,G,MALE,United American Insurance Company,ISSUE_AGE,382,382,,,,,800-331-2512,https://www2.unitedamerican.com/,"3700 S Stonebridge Dr, McKinney, TX 75070"
GA,30501,G,MALE,AARP - UnitedHealthcare Insurance Company (Level 2),ISSUE_AGE,504.81,504.81,454.13,454.13,,,888-378-0849,https://www.aarpmedicaresupplement.com/,PO Box 9003; Huntingdon Valley PA 19006
GA,30501,G,FEMALE,Atlantic Capital Life Assurance Company (Preferred),ISSUE_AGE,131.47,131.47,,,122.27,122.27,866-458-1430,https://bankersfidelity.com/,"4370 Peachtree Road, NE Atlanta, GA  30319"
GA,30501,G,FEMALE,LifeShield National Insurance Company,ISSUE_AGE,159.52,159.52,,,148.35,148.35,800-851-5041,https://www.lifeshieldnational.com/,"5500 N Western Avenue, Suite 200, Oklahoma City, OK 73118"
GA,30501,G,FEMALE,WoodmenLife,ISSUE_AGE,163.73,163.73,,,147.36,147.36,1-866-236-0029,https://www.woodmenlife.org/insurance/medicare-supplement-insurance/,"1700 Farnam Street, Omaha, NE 68102"
GA,30501,G,FEMALE,Atlantic Capital Life Assurance Company (Standard),ISSUE_AGE,163.86,163.86,,,152.39,152.39,866-458-1430,https://bankersfidelity.com/,"4370 Peachtree Road, NE Atlanta, GA  30319"
GA,30501,G,FEMALE,Medico Insurance Company (Preferred),ISSUE_AGE,165.61,165.61,,,145.74,145.74,800-228-6080,https://www.gomedico.com/,"P.O. Box 10386 Des Moines, IA 50306-0386"
GA,30501,G,FEMALE,HealthSpring National Health Insurance Company,ISSUE_AGE,171.71,171.71,137.37,137.37,161.41,161.41,877-607-6002,https://www.cigna.com/medicare/shop-plans/supplemental/,"PO Box 5700, Scranton PA 18505-5700"
GA,30501,G,FEMALE,American Benefit Life Insurance Company,ISSUE_AGE,174.54,174.54,,,157.09,157.09,833-504-0331,https://lbig.com/,"1605 LBJ Freeway, Suite 700 Dallas, Texas 75234"
GA,30501,G,FEMALE,Bankers Life (Underwritten by Washington National Insurance Company),ISSUE_AGE,175.07,175.07,,,,,800-446-5018,https://www.bankerslife.com/medicare-supplement-insurance/?src=medicaregov&medium=listing,"11299 Illinois Street, Suite 200, Carmel, IN 46032"
GA,30501,G,FEMALE,Insurance Company of North America,ISSUE_AGE,176.92,176.92,,,164.54,164.54,215-640-1000,https://www.chubb.com/microsites/ace-medicare-supplement.html,436 Walnut Street
GA,30501,G,FEMALE,Humana (Emphesys Insurance Company),ISSUE_AGE,178.68,178.68,,,157,157,877-426-1269,https://www.humana.com/medicare/medicare-supplement-plans?kc=0321046030,"P.O. Box 14611 Lexington, KY 40512-4613"
GA,30501,G,FEMALE,AFLAC,ISSUE_AGE,179.22,179.22,,,161.3,161.3,866-990-2668,https://www.aflac.com/individuals,"Aflac Tier One, PO Box 14863, Lexington, KY 40512-4863"
GA,30501,G,FEMALE,Lumos Insurance,ISSUE_AGE,180.58,180.58,,,167.94,167.94,800-752-8328,https://www.lumosinsurance.com/life-health,"2701 North Main Street, Crossville, TN 38555"
GA,30501,G,FEMALE,USAA Life Insurance Company,ISSUE_AGE,181.39,181.39,,,,,800-531-8722,https://www.usaa.com/inet/wc/insurance-health-medicare,"9800 Fredericksburg Rd. San Antonio, TX 78288"
GA,30501,G,FEMALE,Anthem Blue Cross and Blue Shield - Georgia,ISSUE_AGE,182,182,163.6,163.6,,,888-211-9817,https://www.anthem.com/medicare/,"220 VIRGINIA AVENUE INDIANAPOLIS, IN  46204-3709"
GA,30501,G,FEMALE,Medico Insurance Company (Standard I),ISSUE_AGE,182.17,182.17,,,160.31,160.31,800-228-6080,https://www.gomedico.com/,"P.O. Box 10386 Des Moines, IA 50306-0386"
GA,30501,G,FEMALE,AARP - UnitedHealthcare Insurance Company (Standard),ISSUE_AGE,188.25,188.25,169.23,169.23,,,888-378-0849,https://www.aarpmedicaresupplement.com/,PO Box 9003; Huntingdon Valley PA 19006
GA,30501,G,FEMALE,State Farm Mutual Automobile Insurance Company,ISSUE_AGE,198.73,198.73,,,,,800-782-8332,https://www.statefarm.com/insurance/health/medicare-supplemental,"One State Farm Plaza, Bloomington, IL 61710"
GA,30501,G,FEMALE,"Continental Life Insurance Company of Brentwood, Tennessee (Aetna)",ISSUE_AGE,199.09,199.09,185.15,185.15,,,800-358-8749 ,https://www.aetnamedicare.com/,"PO Box 14088 Lexington, KY 40515"
GA,30501,G,FEMALE,Physicians Life Insurance Company,ISSUE_AGE,204.49,204.49,,,181.77,181.77,800-325-6300,https://www.physiciansmutual.com/cs/products/medsup/medsup.html,"2600 Dodge Street, Omaha, Nebraska 68131"
GA,30501,G,FEMALE,Medico Insurance Company (Standard II),ISSUE_AGE,207.01,207.01,,,182.17,182.17,800-228-6080,https://www.gomedico.com/,"P.O. Box 10386 Des Moines, IA 50306-0386"
GA,30501,G,FEMALE,Bankers Life (Underwritten by Washington National Insurance Company) (Substandard),ISSUE_AGE,215.89,215.89,,,,,800-446-5018,https://www.bankerslife.com/medicare-supplement-insurance/?src=medicaregov&medium=listing,"11299 Illinois Street, Suite 200, Carmel, IN 46032"
GA,30501,G,FEMALE,Mutual of Omaha (Omaha Supplemental Insurance Company),ISSUE_AGE,233.71,233.71,,,,,855-977-6312,https://www.mutualofomaha.com/medicaregov/,"3300 Mutual of Omaha Plaza, Omaha, NE 68175"
GA,30501,G,FEMALE,GPM Health and Life Insurance Company,ISSUE_AGE,249.23,249.23,,,231.78,231.78,866-242-7573,https://www.gpmhealthandlife.com/wps/portal/home/products/medicare-supplement,"2211 N.E. Loop 410 San Antonio, TX 78217-4630"
GA,30501,G,FEMALE,HealthSpring National Health Insurance Company (Standard II),ISSUE_AGE,257.56,257.56,206.05,206.05,242.11,242.11,877-607-6002,https://www.cigna.com/medicare/shop-plans/supplemental/,"PO Box 5700, Scranton PA 18505-5700"
GA,30501,G,FEMALE,Guarantee Trust Life Insurance Company,ISSUE_AGE,276.54,276.54,,,257.18,257.18,800-338-7452,https://www.gtlic.com/,"1275 Milwaukee Avenue Glenview, IL 60025"
GA,30501,G,FEMALE,United American Insurance Company,ISSUE_AGE,332,332,,,,,800-331-2512,https://www2.unitedamerican.com/,"3700 S Stonebridge Dr, McKinney, TX 75070"
GA,30501,G,FEMALE,AARP - UnitedHealthcare Insurance Company (Level 2),ISSUE_AGE,446.99,446.99,402.09,402.09,,,888-378-0849,https://www.aarpmedicaresupplement.com/,PO Box 9003; Huntingdon Valley PA 19006
GA,30501,N,MALE,New Era Life Insurance Company,ISSUE_AGE,111.23,111.23,,,,,877-417-7555,http://www.neweralife.com/,"P.O. Box 4884, Houston, TX 77210-4884"
GA,30501,N,MALE,Atlantic Capital Life Assurance Company (Preferred),ISSUE_AGE,113.4,113.4,,,105.46,105.46,866-458-1430,https://bankersfidelity.com/,"4370 Peachtree Road, NE Atlanta, GA  30319"
GA,30501,N,MALE,HealthSpring National Health Insurance Company,ISSUE_AGE,128.03,128.03,102.43,102.43,120.35,120.35,877-607-6002,https://www.cigna.com/medicare/shop-plans/supplemental/,"PO Box 5700, Scranton PA 18505-5700"
GA,30501,N,MALE,Insurance Company of North America,ISSUE_AGE,130.33,130.33,,,121.21,121.21,215-640-1000,https://www.chubb.com/microsites/ace-medicare-supplement.html,436 Walnut Street
GA,30501,N,MALE,Lumos Insurance,ISSUE_AGE,130.7,130.7,,,121.55,121.55,800-752-8328,https://www.lumosinsurance.com/life-health,"2701 North Main Street, Crossville, TN 38555"
GA,30501,N,MALE,WoodmenLife,ISSUE_AGE,132.4,132.4,,,119.16,119.16,1-866-236-0029,https://www.woodmenlife.org/insurance/medicare-supplement-insurance/,"1700 Farnam Street, Omaha, NE 68102"
GA,30501,N,MALE,LifeShield National Insurance Company,ISSUE_AGE,135.24,135.24,,,125.77,125.77,800-851-5041,https://www.lifeshieldnational.com/,"5500 N Western Avenue, Suite 200, Oklahoma City, OK 73118"
GA,30501,N,MALE,AFLAC,ISSUE_AGE,137.7,137.7,,,123.93,123.93,866-990-2668,https://www.aflac.com/individuals,"Aflac Tier One, PO Box 14863, Lexington, KY 40512-4863"
GA,30501,N,MALE,Medico Insurance Company (Preferred),ISSUE_AGE,138.6,138.6,,,121.97,121.97,800-228-6080,https://www.gomedico.com/,"P.O. Box 10386 Des Moines, IA 50306-0386"
GA,30501,N,MALE,Atlantic Capital Life Assurance Company (Standard),ISSUE_AGE,141.3,141.3,,,131.41,131.41,866-458-1430,https://bankersfidelity.com/,"4370 Peachtree Road, NE Atlanta, GA  30319"
GA,30501,N,MALE,"Continental Life Insurance Company of Brentwood, Tennessee (Aetna)",ISSUE_AGE,149.69,149.69,139.21,139.21,139.21,139.21,800-358-8749 ,https://www.aetnamedicare.com/,"PO Box 14088 Lexington, KY 40515"
GA,30501,N,MALE,American Benefit Life Insurance Company,ISSUE_AGE,151.46,151.46,,,136.31,136.31,833-504-0331,https://lbig.com/,"1605 LBJ Freeway, Suite 700 Dallas, Texas 75234"
GA,30501,N,MALE,Bankers Life (Underwritten by Washington National Insurance Company),ISSUE_AGE,151.65,151.65,,,,,800-446-5018,https://www.bankerslife.com/medicare-supplement-insurance/?src=medicaregov&medium=listing,"11299 Illinois Street, Suite 200, Carmel, IN 46032"
GA,30501,N,MALE,Medico Insurance Company (Standard I),ISSUE_AGE,152.46,152.46,,,134.16,134.16,800-228-6080,https://www.gomedico.com/,"P.O. Box 10386 Des Moines, IA 50306-0386"
GA,30501,N,MALE,Humana (Emphesys Insurance Company),ISSUE_AGE,152.74,152.74,,,134.17,134.17,877-426-1269,https://www.humana.com/medicare/medicare-supplement-plans?kc=0321046030,"P.O. Box 14611 Lexington, KY 40512-4613"
GA,30501,N,MALE,USAA Life Insurance Company,ISSUE_AGE,156.57,156.57,,,,,800-531-8722,https://www.usaa.com/inet/wc/insurance-health-medicare,"9800 Fredericksburg Rd. San Antonio, TX 78288"
GA,30501,N,MALE,State Farm Mutual Automobile Insurance Company,ISSUE_AGE,169.75,169.75,,,,,800-782-8332,https://www.statefarm.com/insurance/health/medicare-supplemental,"One State Farm Plaza, Bloomington, IL 61710"
GA,30501,N,MALE,Medico Insurance Company (Standard II),ISSUE_AGE,173.25,173.25,,,152.46,152.46,800-228-6080,https://www.gomedico.com/,"P.O. Box 10386 Des Moines, IA 50306-0386"
GA,30501,N,MALE,Mutual of Omaha (Omaha Supplemental Insurance Company),ISSUE_AGE,177.33,177.33,,,,,855-977-6312,https://www.mutualofomaha.com/medicaregov/,"3300 Mutual of Omaha Plaza, Omaha, NE 68175"
GA,30501,N,MALE,Bankers Life (Underwritten by Washington National Insurance Company) (Substandard),ISSUE_AGE,186.99,186.99,,,,,800-446-5018,https://www.bankerslife.com/medicare-supplement-insurance/?src=medicaregov&medium=listing,"11299 Illinois Street, Suite 200, Carmel, IN 46032"
GA,30501,N,MALE,Physicians Life Insurance Company,ISSUE_AGE,187.04,187.04,,,166.26,166.26,800-325-6300,https://www.physiciansmutual.com/cs/products/medsup/medsup.html,"2600 Dodge Street, Omaha, Nebraska 68131"
GA,30501,N,MALE,AARP - UnitedHealthcare Insurance Company (Standard),ISSUE_AGE,189.25,189.25,170.13,170.13,,,888-378-0849,https://www.aarpmedicaresupplement.com/,PO Box 9003; Huntingdon Valley PA 19006
GA,30501,N,MALE,HealthSpring National Health Insurance Company (Standard II),ISSUE_AGE,192.05,192.05,153.64,153.64,180.53,180.53,877-607-6002,https://www.cigna.com/medicare/shop-plans/supplemental/,"PO Box 5700, Scranton PA 18505-5700"
GA,30501,N,MALE,Anthem Blue Cross and Blue Shield - Georgia,ISSUE_AGE,213,213,191.5,191.5,,,888-211-9817,https://www.anthem.com/medicare/,"220 VIRGINIA AVENUE INDIANAPOLIS, IN  46204-3709"
GA,30501,N,MALE,GPM Health and Life Insurance Company,ISSUE_AGE,229.52,229.52,,,213.45,213.45,866-242-7573,https://www.gpmhealthandlife.com/wps/portal/home/products/medicare-supplement,"2211 N.E. Loop 410 San Antonio, TX 78217-4630"
GA,30501,N,MALE,Guarantee Trust Life Insurance Company,ISSUE_AGE,244.58,244.58,,,227.46,227.46,800-338-7452,https://www.gtlic.com/,"1275 Milwaukee Avenue Glenview, IL 60025"
GA,30501,N,MALE,United American Insurance Company,ISSUE_AGE,286,286,,,,,800-331-2512,https://www2.unitedamerican.com/,"3700 S Stonebridge Dr, McKinney, TX 75070"
GA,30501,N,MALE,AARP - UnitedHealthcare Insurance Company (Level 2),ISSUE_AGE,321.21,321.21,288.89,288.89,,,888-378-0849,https://www.aarpmedicaresupplement.com/,PO Box 9003; Huntingdon Valley PA 19006
GA,30501,N,FEMALE,New Era Life Insurance Company,ISSUE_AGE,98.42,98.42,,,,,877-417-7555,http://www.neweralife.com/,"P.O. Box 4884, Houston, TX 77210-4884"
GA,30501,N,FEMALE,Atlantic Capital Life Assurance Company (Preferred),ISSUE_AGE,98.89,98.89,,,91.97,91.97,866-458-1430,https://bankersfidelity.com/,"4370 Peachtree Road, NE Atlanta, GA  30319"
GA,30501,N,FEMALE,HealthSpring National Health Insurance Company,ISSUE_AGE,111.33,111.33,89.07,89.07,104.65,104.65,877-607-6002,https://www.cigna.com/medicare/shop-plans/supplemental/,"PO Box 5700, Scranton PA 18505-5700"
GA,30501,N,FEMALE,WoodmenLife,ISSUE_AGE,115.12,115.12,,,103.61,103.61,1-866-236-0029,https://www.woodmenlife.org/insurance/medicare-supplement-insurance/,"1700 Farnam Street, Omaha, NE 68102"
GA,30501,N,FEMALE,Insurance Company of North America,ISSUE_AGE,115.33,115.33,,,107.26,107.26,215-640-1000,https://www.chubb.com/microsites/ace-medicare-supplement.html,436 Walnut Street
GA,30501,N,FEMALE,LifeShield National Insurance Company,ISSUE_AGE,117.6,117.6,,,109.37,109.37,800-851-5041,https://www.lifeshieldnational.com/,"5500 N Western Avenue, Suite 200, Oklahoma City, OK 73118"
GA,30501,N,FEMALE,Lumos Insurance,ISSUE_AGE,118.83,118.83,,,110.51,110.51,800-752-8328,https://www.lumosinsurance.com/life-health,"2701 North Main Street, Crossville, TN 38555"
GA,30501,N,FEMALE,AFLAC,ISSUE_AGE,120.21,120.21,,,108.19,108.19,866-990-2668,https://www.aflac.com/individuals,"Aflac Tier One, PO Box 14863, Lexington, KY 40512-4863"
GA,30501,N,FEMALE,Medico Insurance Company (Preferred),ISSUE_AGE,120.52,120.52,,,106.06,106.06,800-228-6080,https://www.gomedico.com/,"P.O. Box 10386 Des Moines, IA 50306-0386"
GA,30501,N,FEMALE,Atlantic Capital Life Assurance Company (Standard),ISSUE_AGE,123.17,123.17,,,114.55,114.55,866-458-1430,https://bankersfidelity.com/,"4370 Peachtree Road, NE Atlanta, GA  30319"
GA,30501,N,FEMALE,"Continental Life Insurance Company of Brentwood, Tennessee (Aetna)",ISSUE_AGE,130.2,130.2,121.09,121.09,,,800-358-8749 ,https://www.aetnamedicare.com/,"PO Box 14088 Lexington, KY 40515"
GA,30501,N,FEMALE,American Benefit Life Insurance Company,ISSUE_AGE,131.71,131.71,,,118.54,118.54,833-504-0331,https://lbig.com/,"1605 LBJ Freeway, Suite 700 Dallas, Texas 75234"
GA,30501,N,FEMALE,Medico Insurance Company (Standard I),ISSUE_AGE,132.58,132.58,,,116.67,116.67,800-228-6080,https://www.gomedico.com/,"P.O. Box 10386 Des Moines, IA 50306-0386"
GA,30501,N,FEMALE,Humana (Emphesys Insurance Company),ISSUE_AGE,135.17,135.17,,,118.71,118.71,877-426-1269,https://www.humana.com/medicare/medicare-supplement-plans?kc=0321046030,"P.O. Box 14611 Lexington, KY 40512-4613"
GA,30501,N,FEMALE,Bankers Life (Underwritten by Washington National Insurance Company),ISSUE_AGE,136.6,136.6,,,,,800-446-5018,https://www.bankerslife.com/medicare-supplement-insurance/?src=medicaregov&medium=listing,"11299 Illinois Street, Suite 200, Carmel, IN 46032"
GA,30501,N,FEMALE,Medico Insurance Company (Standard II),ISSUE_AGE,150.66,150.66,,,132.58,132.58,800-228-6080,https://www.gomedico.com/,"P.O. Box 10386 Des Moines, IA 50306-0386"
GA,30501,N,FEMALE,State Farm Mutual Automobile Insurance Company,ISSUE_AGE,152.32,152.32,,,,,800-782-8332,https://www.statefarm.com/insurance/health/medicare-supplemental,"One State Farm Plaza, Bloomington, IL 61710"
GA,30501,N,FEMALE,Mutual of Omaha (Omaha Supplemental Insurance Company),ISSUE_AGE,154.21,154.21,,,,,855-977-6312,https://www.mutualofomaha.com/medicaregov/,"3300 Mutual of Omaha Plaza, Omaha, NE 68175"
GA,30501,N,FEMALE,USAA Life Insurance Company,ISSUE_AGE,156.57,156.57,,,,,800-531-8722,https://www.usaa.com/inet/wc/insurance-health-medicare,"9800 Fredericksburg Rd. San Antonio, TX 78288"
GA,30501,N,FEMALE,HealthSpring National Health Insurance Company (Standard II),ISSUE_AGE,167,167,133.6,133.6,156.98,156.98,877-607-6002,https://www.cigna.com/medicare/shop-plans/supplemental/,"PO Box 5700, Scranton PA 18505-5700"
GA,30501,N,FEMALE,AARP - UnitedHealthcare Insurance Company (Standard),ISSUE_AGE,167.75,167.75,150.78,150.78,,,888-378-0849,https://www.aarpmedicaresupplement.com/,PO Box 9003; Huntingdon Valley PA 19006
GA,30501,N,FEMALE,Bankers Life (Underwritten by Washington National Insurance Company) (Substandard),ISSUE_AGE,168.41,168.41,,,,,800-446-5018,https://www.bankerslife.com/medicare-supplement-insurance/?src=medicaregov&medium=listing,"11299 Illinois Street, Suite 200, Carmel, IN 46032"
GA,30501,N,FEMALE,Physicians Life Insurance Company,ISSUE_AGE,169.21,169.21,,,150.41,150.41,800-325-6300,https://www.physiciansmutual.com/cs/products/medsup/medsup.html,"2600 Dodge Street, Omaha, Nebraska 68131"
GA,30501,N,FEMALE,Anthem Blue Cross and Blue Shield - Georgia,ISSUE_AGE,193,193,173.5,173.5,,,888-211-9817,https://www.anthem.com/medicare/,"220 VIRGINIA AVENUE INDIANAPOLIS, IN  46204-3709"
GA,30501,N,FEMALE,GPM Health and Life Insurance Company,ISSUE_AGE,199.61,199.61,,,185.64,185.64,866-242-7573,https://www.gpmhealthandlife.com/wps/portal/home/products/medicare-supplement,"2211 N.E. Loop 410 San Antonio, TX 78217-4630"
GA,30501,N,FEMALE,Guarantee Trust Life Insurance Company,ISSUE_AGE,218.37,218.37,,,203.08,203.08,800-338-7452,https://www.gtlic.com/,"1275 Milwaukee Avenue Glenview, IL 60025"
GA,30501,N,FEMALE,United American Insurance Company,ISSUE_AGE,249,249,,,,,800-331-2512,https://www2.unitedamerican.com/,"3700 S Stonebridge Dr, McKinney, TX 75070"
GA,30501,N,FEMALE,AARP - UnitedHealthcare Insurance Company (Level 2),ISSUE_AGE,284.87,284.87,256.18,256.18,,,888-378-0849,https://www.aarpmedicaresupplement.com/,PO Box 9003; Huntingdon Valley PA 19006
GA,30601,G,MALE,Atlantic Capital Life Assurance Company (Preferred),ISSUE_AGE,150.82,150.82,,,140.26,140.26,866-458-1430,https://bankersfidelity.com/,"4370 Peachtree Road, NE Atlanta, GA  30319"
GA,30601,G,MALE,USAA Life Insurance Company,ISSUE_AGE,181.39,181.39,,,,,800-531-8722,https://www.usaa.com/inet/wc/insurance-health-medicare,"9800 Fredericksburg Rd. San Antonio, TX 78288"
GA,30601,G,MALE,LifeShield National Insurance Company,ISSUE_AGE,183.45,183.45,,,170.61,170.61,800-851-5041,https://www.lifeshieldnational.com/,"5500 N Western Avenue, Suite 200, Oklahoma City, OK 73118"
GA,30601,G,MALE,Atlantic Capital Life Assurance Company (Standard),ISSUE_AGE,188.06,188.06,,,174.9,174.9,866-458-1430,https://bankersfidelity.com/,"4370 Peachtree Road, NE Atlanta, GA  30319"
GA,30601,G,MALE,WoodmenLife,ISSUE_AGE,188.29,188.29,,,169.46,169.46,1-866-236-0029,https://www.woodmenlife.org/insurance/medicare-supplement-insurance/,"1700 Farnam Street, Omaha, NE 68102"
GA,30601,G,MALE,Bankers Life (Underwritten by Washington National Insurance Company),ISSUE_AGE,194.41,194.41,,,,,800-446-5018,https://www.bankerslife.com/medicare-supplement-insurance/?src=medicaregov&medium=listing,"11299 Illinois Street, Suite 200, Carmel, IN 46032"
GA,30601,G,MALE,HealthSpring National Health Insurance Company,ISSUE_AGE,197.46,197.46,157.97,157.97,185.62,185.62,877-607-6002,https://www.cigna.com/medicare/shop-plans/supplemental/,"PO Box 5700, Scranton PA 18505-5700"
GA,30601,G,MALE,Lumos Insurance,ISSUE_AGE,198.63,198.63,,,184.73,184.73,800-752-8328,https://www.lumosinsurance.com/life-health,"2701 North Main Street, Crossville, TN 38555"
GA,30601,G,MALE,Insurance Company of North America,ISSUE_AGE,199.92,199.92,,,185.93,185.93,215-640-1000,https://www.chubb.com/microsites/ace-medicare-supplement.html,436 Walnut Street
GA,30601,G,MALE,American Benefit Life Insurance Company,ISSUE_AGE,200.72,200.72,,,180.65,180.65,833-504-0331,https://lbig.com/,"1605 LBJ Freeway, Suite 700 Dallas, Texas 75234"
GA,30601,G,MALE,Humana (Emphesys Insurance Company),ISSUE_AGE,201.92,201.92,,,177.45,177.45,877-426-1269,https://www.humana.com/medicare/medicare-supplement-plans?kc=0321046030,"P.O. Box 14611 Lexington, KY 40512-4613"
GA,30601,G,MALE,Anthem Blue Cross and Blue Shield - Georgia,ISSUE_AGE,203,203,182.5,182.5,,,888-211-9817,https://www.anthem.com/medicare/,"220 VIRGINIA AVENUE INDIANAPOLIS, IN  46204-3709"
GA,30601,G,MALE,AFLAC,ISSUE_AGE,205.29,205.29,,,184.76,184.76,866-990-2668,https://www.aflac.com/individuals,"Aflac Tier One, PO Box 14863, Lexington, KY 40512-4863"
GA,30601,G,MALE,AARP - UnitedHealthcare Insurance Company (Standard),ISSUE_AGE,212.75,212.75,191.28,191.28,,,888-378-0849,https://www.aarpmedicaresupplement.com/,PO Box 9003; Huntingdon Valley PA 19006
GA,30601,G,MALE,State Farm Mutual Automobile Insurance Company,ISSUE_AGE,219.47,219.47,,,,,800-782-8332,https://www.statefarm.com/insurance/health/medicare-supplemental,"One State Farm Plaza, Bloomington, IL 61710"
GA,30601,G,MALE,Medico Insurance Company (Preferred),ISSUE_AGE,221.23,221.23,,,194.68,194.68,800-228-6080,https://www.gomedico.com/,"P.O. Box 10386 Des Moines, IA 50306-0386"
GA,30601,G,MALE,Physicians Life Insurance Company,ISSUE_AGE,225.99,225.99,,,200.88,200.88,800-325-6300,https://www.physiciansmutual.com/cs/products/medsup/medsup.html,"2600 Dodge Street, Omaha, Nebraska 68131"
GA,30601,G,MALE,"Continental Life Insurance Company of Brentwood, Tennessee (Aetna)",ISSUE_AGE,228.99,228.99,212.96,212.96,212.96,212.96,800-358-8749 ,https://www.aetnamedicare.com/,"PO Box 14088 Lexington, KY 40515"
GA,30601,G,MALE,Bankers Life (Underwritten by Washington National Insurance Company) (Substandard),ISSUE_AGE,239.75,239.75,,,,,800-446-5018,https://www.bankerslife.com/medicare-supplement-insurance/?src=medicaregov&medium=listing,"11299 Illinois Street, Suite 200, Carmel, IN 46032"
GA,30601,G,MALE,Medico Insurance Company (Standard I),ISSUE_AGE,243.35,243.35,,,214.15,214.15,800-228-6080,https://www.gomedico.com/,"P.O. Box 10386 Des Moines, IA 50306-0386"
GA,30601,G,MALE,Mutual of Omaha (Omaha Supplemental Insurance Company),ISSUE_AGE,268.77,268.77,,,,,855-977-6312,https://www.mutualofomaha.com/medicaregov/,"3300 Mutual of Omaha Plaza, Omaha, NE 68175"
GA,30601,G,MALE,Medico Insurance Company (Standard II),ISSUE_AGE,276.53,276.53,,,243.35,243.35,800-228-6080,https://www.gomedico.com/,"P.O. Box 10386 Des Moines, IA 50306-0386"
GA,30601,G,MALE,GPM Health and Life Insurance Company,ISSUE_AGE,286.63,286.63,,,266.57,266.57,866-242-7573,https://www.gpmhealthandlife.com/wps/portal/home/products/medicare-supplement,"2211 N.E. Loop 410 San Antonio, TX 78217-4630"
GA,30601,G,MALE,HealthSpring National Health Insurance Company (Standard II),ISSUE_AGE,296.2,296.2,236.96,236.96,278.42,278.42,877-607-6002,https://www.cigna.com/medicare/shop-plans/supplemental/,"PO Box 5700, Scranton PA 18505-5700"
GA,30601,G,MALE,Guarantee Trust Life Insurance Company,ISSUE_AGE,309.73,309.73,,,288.05,288.05,800-338-7452,https://www.gtlic.com/,"1275 Milwaukee Avenue Glenview, IL 60025"
GA,30601,G,MALE,United American Insurance Company,ISSUE_AGE,382,382,,,,,800-331-2512,https://www2.unitedamerican.com/,"3700 S Stonebridge Dr, McKinney, TX 75070"
GA,30601,G,MALE,AARP - UnitedHealthcare Insurance Company (Level 2),ISSUE_AGE,504.81,504.81,454.13,454.13,,,888-378-0849,https://www.aarpmedicaresupplement.com/,PO Box 9003; Huntingdon Valley PA 19006
GA,30601,G,FEMALE,Atlantic Capital Life Assurance Company (Preferred),ISSUE_AGE,131.47,131.47,,,122.27,122.27,866-458-1430,https://bankersfidelity.com/,"4370 Peachtree Road, NE Atlanta, GA  30319"
GA,30601,G,FEMALE,LifeShield National Insurance Company,ISSUE_AGE,159.52,159.52,,,148.35,148.35,800-851-5041,https://www.lifeshieldnational.com/,"5500 N Western Avenue, Suite 200, Oklahoma City, OK 73118"
GA,30601,G,FEMALE,WoodmenLife,ISSUE_AGE,163.73,163.73,,,147.36,147.36,1-866-236-0029,https://www.woodmenlife.org/insurance/medicare-supplement-insurance/,"1700 Farnam Street, Omaha, NE 68102"
GA,30601,G,FEMALE,Atlantic Capital Life Assurance Company (Standard),ISSUE_AGE,163.86,163.86,,,152.39,152.39,866-458-1430,https://bankersfidelity.com/,"4370 Peachtree Road, NE Atlanta, GA  30319"
GA,30601,G,FEMALE,HealthSpring National Health Insurance Company,ISSUE_AGE,171.71,171.71,137.37,137.37,161.41,161.41,877-607-6002,https://www.cigna.com/medicare/shop-plans/supplemental/,"PO Box 5700, Scranton PA 18505-5700"
GA,30601,G,FEMALE,American Benefit Life Insurance Company,ISSUE_AGE,174.54,174.54,,,157.09,157.09,833-504-0331,https://lbig.com/,"1605 LBJ Freeway, Suite 700 Dallas, Texas 75234"
GA,30601,G,FEMALE,Bankers Life (Underwritten by Washington National Insurance Company),ISSUE_AGE,175.07,175.07,,,,,800-446-5018,https://www.bankerslife.com/medicare-supplement-insurance/?src=medicaregov&medium=listing,"11299 Illinois Street, Suite 200, Carmel, IN 46032"
GA,30601,G,FEMALE,Insurance Company of North America,ISSUE_AGE,176.92,176.92,,,164.54,164.54,215-640-1000,https://www.chubb.com/microsites/ace-medicare-supplement.html,436 Walnut Street
GA,30601,G,FEMALE,Humana (Emphesys Insurance Company),ISSUE_AGE,178.68,178.68,,,157,157,877-426-1269,https://www.humana.com/medicare/medicare-supplement-plans?kc=0321046030,"P.O. Box 14611 Lexington, KY 40512-4613"
GA,30601,G,FEMALE,AFLAC,ISSUE_AGE,179.22,179.22,,,161.3,161.3,866-990-2668,https://www.aflac.com/individuals,"Aflac Tier One, PO Box 14863, Lexington, KY 40512-4863"
GA,30601,G,FEMALE,Lumos Insurance,ISSUE_AGE,180.58,180.58,,,167.94,167.94,800-752-8328,https://www.lumosinsurance.com/life-health,"2701 North Main Street, Crossville, TN 38555"
GA,30601,G,FEMALE,USAA Life Insurance Company,ISSUE_AGE,181.39,181.39,,,,,800-531-8722,https://www.usaa.com/inet/wc/insurance-health-medicare,"9800 Fredericksburg Rd. San Antonio, TX 78288"
GA,30601,G,FEMALE,Anthem Blue Cross and Blue Shield - Georgia,ISSUE_AGE,182,182,163.6,163.6,,,888-211-9817,https://www.anthem.com/medicare/,"220 VIRGINIA AVENUE INDIANAPOLIS, IN  46204-3709"
GA,30601,G,FEMALE,AARP - UnitedHealthcare Insurance Company (Standard),ISSUE_AGE,188.25,188.25,169.23,169.23,,,888-378-0849,https://www.aarpmedicaresupplement.com/,PO Box 9003; Huntingdon Valley PA 19006
GA,30601,G,FEMALE,Medico Insurance Company (Preferred),ISSUE_AGE,192.37,192.37,,,169.29,169.29,800-228-6080,https://www.gomedico.com/,"P.O. Box 10386 Des Moines, IA 50306-0386"
GA,30601,G,FEMALE,State Farm Mutual Automobile Insurance Company,ISSUE_AGE,198.73,198.73,,,,,800-782-8332,https://www.statefarm.com/insurance/health/medicare-supplemental,"One State Farm Plaza, Bloomington, IL 61710"
GA,30601,G,FEMALE,"Continental Life Insurance Company of Brentwood, Tennessee (Aetna)",ISSUE_AGE,199.09,199.09,185.15,185.15,,,800-358-8749 ,https://www.aetnamedicare.com/,"PO Box 14088 Lexington, KY 40515"
GA,30601,G,FEMALE,Physicians Life Insurance Company,ISSUE_AGE,204.49,204.49,,,181.77,181.77,800-325-6300,https://www.physiciansmutual.com/cs/products/medsup/medsup.html,"2600 Dodge Street, Omaha, Nebraska 68131"
GA,30601,G,FEMALE,Medico Insurance Company (Standard I),ISSUE_AGE,211.61,211.61,,,186.22,186.22,800-228-6080,https://www.gomedico.com/,"P.O. Box 10386 Des Moines, IA 50306-0386"
GA,30601,G,FEMALE,Bankers Life (Underwritten by Washington National Insurance Company) (Substandard),ISSUE_AGE,215.89,215.89,,,,,800-446-5018,https://www.bankerslife.com/medicare-supplement-insurance/?src=medicaregov&medium=listing,"11299 Illinois Street, Suite 200, Carmel, IN 46032"
GA,30601,G,FEMALE,Mutual of Omaha (Omaha Supplemental Insurance Company),ISSUE_AGE,233.71,233.71,,,,,855-977-6312,https://www.mutualofomaha.com/medicaregov/,"3300 Mutual of Omaha Plaza, Omaha, NE 68175"
GA,30601,G,FEMALE,Medico Insurance Company (Standard II),ISSUE_AGE,240.47,240.47,,,211.61,211.61,800-228-6080,https://www.gomedico.com/,"P.O. Box 10386 Des Moines, IA 50306-0386"
GA,30601,G,FEMALE,GPM Health and Life Insurance Company,ISSUE_AGE,249.23,249.23,,,231.78,231.78,866-242-7573,https://www.gpmhealthandlife.com/wps/portal/home/products/medicare-supplement,"2211 N.E. Loop 410 San Antonio, TX 78217-4630"
GA,30601,G,FEMALE,HealthSpring National Health Insurance Company (Standard II),ISSUE_AGE,257.56,257.56,206.05,206.05,242.11,242.11,877-607-6002,https://www.cigna.com/medicare/shop-plans/supplemental/,"PO Box 5700, Scranton PA 18505-5700"
GA,30601,G,FEMALE,Guarantee Trust Life Insurance Company,ISSUE_AGE,276.54,276.54,,,257.18,257.18,800-338-7452,https://www.gtlic.com/,"1275 Milwaukee Avenue Glenview, IL 60025"
GA,30601,G,FEMALE,United American Insurance Company,ISSUE_AGE,332,332,,,,,800-331-2512,https://www2.unitedamerican.com/,"3700 S Stonebridge Dr, McKinney, TX 75070"
GA,30601,G,FEMALE,AARP - UnitedHealthcare Insurance Company (Level 2),ISSUE_AGE,446.99,446.99,402.09,402.09,,,888-378-0849,https://www.aarpmedicaresupplement.com/,PO Box 9003; Huntingdon Valley PA 19006
GA,30601,N,MALE,New Era Life Insurance Company,ISSUE_AGE,111.23,111.23,,,,,877-417-7555,http://www.neweralife.com/,"P.O. Box 4884, Houston, TX 77210-4884"
GA,30601,N,MALE,Atlantic Capital Life Assurance Company (Preferred),ISSUE_AGE,113.4,113.4,,,105.46,105.46,866-458-1430,https://bankersfidelity.com/,"4370 Peachtree Road, NE Atlanta, GA  30319"
GA,30601,N,MALE,HealthSpring National Health Insurance Company,ISSUE_AGE,128.03,128.03,102.43,102.43,120.35,120.35,877-607-6002,https://www.cigna.com/medicare/shop-plans/supplemental/,"PO Box 5700, Scranton PA 18505-5700"
GA,30601,N,MALE,Insurance Company of North America,ISSUE_AGE,130.33,130.33,,,121.21,121.21,215-640-1000,https://www.chubb.com/microsites/ace-medicare-supplement.html,436 Walnut Street
GA,30601,N,MALE,Lumos Insurance,ISSUE_AGE,130.7,130.7,,,121.55,121.55,800-752-8328,https://www.lumosinsurance.com/life-health,"2701 North Main Street, Crossville, TN 38555"
GA,30601,N,MALE,WoodmenLife,ISSUE_AGE,132.4,132.4,,,119.16,119.16,1-866-236-0029,https://www.woodmenlife.org/insurance/medicare-supplement-insurance/,"1700 Farnam Street, Omaha, NE 68102"
GA,30601,N,MALE,LifeShield National Insurance Company,ISSUE_AGE,135.24,135.24,,,125.77,125.77,800-851-5041,https://www.lifeshieldnational.com/,"5500 N Western Avenue, Suite 200, Oklahoma City, OK 73118"
GA,30601,N,MALE,AFLAC,ISSUE_AGE,137.7,137.7,,,123.93,123.93,866-990-2668,https://www.aflac.com/individuals,"Aflac Tier One, PO Box 14863, Lexington, KY 40512-4863"
GA,30601,N,MALE,Atlantic Capital Life Assurance Company (Standard),ISSUE_AGE,141.3,141.3,,,131.41,131.41,866-458-1430,https://bankersfidelity.com/,"4370 Peachtree Road, NE Atlanta, GA  30319"
GA,30601,N,MALE,"Continental Life Insurance Company of Brentwood, Tennessee (Aetna)",ISSUE_AGE,149.69,149.69,139.21,139.21,139.21,139.21,800-358-8749 ,https://www.aetnamedicare.com/,"PO Box 14088 Lexington, KY 40515"
GA,30601,N,MALE,American Benefit Life Insurance Company,ISSUE_AGE,151.46,151.46,,,136.31,136.31,833-504-0331,https://lbig.com/,"1605 LBJ Freeway, Suite 700 Dallas, Texas 75234"
GA,30601,N,MALE,Bankers Life (Underwritten by Washington National Insurance Company),ISSUE_AGE,151.65,151.65,,,,,800-446-5018,https://www.bankerslife.com/medicare-supplement-insurance/?src=medicaregov&medium=listing,"11299 Illinois Street, Suite 200, Carmel, IN 46032"
GA,30601,N,MALE,Humana (Emphesys Insurance Company),ISSUE_AGE,152.74,152.74,,,134.17,134.17,877-426-1269,https://www.humana.com/medicare/medicare-supplement-plans?kc=0321046030,"P.O. Box 14611 Lexington, KY 40512-4613"
GA,30601,N,MALE,USAA Life Insurance Company,ISSUE_AGE,156.57,156.57,,,,,800-531-8722,https://www.usaa.com/inet/wc/insurance-health-medicare,"9800 Fredericksburg Rd. San Antonio, TX 78288"
GA,30601,N,MALE,Medico Insurance Company (Preferred),ISSUE_AGE,161,161,,,141.68,141.68,800-228-6080,https://www.gomedico.com/,"P.O. Box 10386 Des Moines, IA 50306-0386"
GA,30601,N,MALE,State Farm Mutual Automobile Insurance Company,ISSUE_AGE,169.75,169.75,,,,,800-782-8332,https://www.statefarm.com/insurance/health/medicare-supplemental,"One State Farm Plaza, Bloomington, IL 61710"
GA,30601,N,MALE,Medico Insurance Company (Standard I),ISSUE_AGE,177.1,177.1,,,155.85,155.85,800-228-6080,https://www.gomedico.com/,"P.O. Box 10386 Des Moines, IA 50306-0386"
GA,30601,N,MALE,Mutual of Omaha (Omaha Supplemental Insurance Company),ISSUE_AGE,177.33,177.33,,,,,855-977-6312,https://www.mutualofomaha.com/medicaregov/,"3300 Mutual of Omaha Plaza, Omaha, NE 68175"
GA,30601,N,MALE,Bankers Life (Underwritten by Washington National Insurance Company) (Substandard),ISSUE_AGE,186.99,186.99,,,,,800-446-5018,https://www.bankerslife.com/medicare-supplement-insurance/?src=medicaregov&medium=listing,"11299 Illinois Street, Suite 200, Carmel, IN 46032"
GA,30601,N,MALE,Physicians Life Insurance Company,ISSUE_AGE,187.04,187.04,,,166.26,166.26,800-325-6300,https://www.physiciansmutual.com/cs/products/medsup/medsup.html,"2600 Dodge Street, Omaha, Nebraska 68131"
GA,30601,N,MALE,AARP - UnitedHealthcare Insurance Company (Standard),ISSUE_AGE,189.25,189.25,170.13,170.13,,,888-378-0849,https://www.aarpmedicaresupplement.com/,PO Box 9003; Huntingdon Valley PA 19006
GA,30601,N,MALE,HealthSpring National Health Insurance Company (Standard II),ISSUE_AGE,192.05,192.05,153.64,153.64,180.53,180.53,877-607-6002,https://www.cigna.com/medicare/shop-plans/supplemental/,"PO Box 5700, Scranton PA 18505-5700"
GA,30601,N,MALE,Medico Insurance Company (Standard II),ISSUE_AGE,201.25,201.25,,,177.1,177.1,800-228-6080,https://www.gomedico.com/,"P.O. Box 10386 Des Moines, IA 50306-0386"
GA,30601,N,MALE,Anthem Blue Cross and Blue Shield - Georgia,ISSUE_AGE,213,213,191.5,191.5,,,888-211-9817,https://www.anthem.com/medicare/,"220 VIRGINIA AVENUE INDIANAPOLIS, IN  46204-3709"
GA,30601,N,MALE,GPM Health and Life Insurance Company,ISSUE_AGE,229.52,229.52,,,213.45,213.45,866-242-7573,https://www.gpmhealthandlife.com/wps/portal/home/products/medicare-supplement,"2211 N.E. Loop 410 San Antonio, TX 78217-4630"
GA,30601,N,MALE,Guarantee Trust Life Insurance Company,ISSUE_AGE,244.58,244.58,,,227.46,227.46,800-338-7452,https://www.gtlic.com/,"1275 Milwaukee Avenue Glenview, IL 60025"
GA,30601,N,MALE,United American Insurance Company,ISSUE_AGE,286,286,,,,,800-331-2512,https://www2.unitedamerican.com/,"3700 S Stonebridge Dr, McKinney, TX 75070"
GA,30601,N,MALE,AARP - UnitedHealthcare Insurance Company (Level 2),ISSUE_AGE,321.21,321.21,288.89,288.89,,,888-378-0849,https://www.aarpmedicaresupplement.com/,PO Box 9003; Huntingdon Valley PA 19006
GA,30601,N,FEMALE,New Era Life Insurance Company,ISSUE_AGE,98.42,98.42,,,,,877-417-7555,http://www.neweralife.com/,"P.O. Box 4884, Houston, TX 77210-4884"
GA,30601,N,FEMALE,Atlantic Capital Life Assurance Company (Preferred),ISSUE_AGE,98.89,98.89,,,91.97,91.97,866-458-1430,https://bankersfidelity.com/,"4370 Peachtree Road, NE Atlanta, GA  30319"
GA,30601,N,FEMALE,HealthSpring National Health Insurance Company,ISSUE_AGE,111.33,111.33,89.07,89.07,104.65,104.65,877-607-6002,https://www.cigna.com/medicare/shop-plans/supplemental/,"PO Box 5700, Scranton PA 18505-5700"
GA,30601,N,FEMALE,WoodmenLife,ISSUE_AGE,115.12,115.12,,,103.61,103.61,1-866-236-0029,https://www.woodmenlife.org/insurance/medicare-supplement-insurance/,"1700 Farnam Street, Omaha, NE 68102"
GA,30601,N,FEMALE,Insurance Company of North America,ISSUE_AGE,115.33,115.33,,,107.26,107.26,215-640-1000,https://www.chubb.com/microsites/ace-medicare-supplement.html,436 Walnut Street
GA,30601,N,FEMALE,LifeShield National Insurance Company,ISSUE_AGE,117.6,117.6,,,109.37,109.37,800-851-5041,https://www.lifeshieldnational.com/,"5500 N Western Avenue, Suite 200, Oklahoma City, OK 73118"
GA,30601,N,FEMALE,Lumos Insurance,ISSUE_AGE,118.83,118.83,,,110.51,110.51,800-752-8328,https://www.lumosinsurance.com/life-health,"2701 North Main Street, Crossville, TN 38555"
GA,30601,N,FEMALE,AFLAC,ISSUE_AGE,120.21,120.21,,,108.19,108.19,866-990-2668,https://www.aflac.com/individuals,"Aflac Tier One, PO Box 14863, Lexington, KY 40512-4863"
GA,30601,N,FEMALE,Atlantic Capital Life Assurance Company (Standard),ISSUE_AGE,123.17,123.17,,,114.55,114.55,866-458-1430,https://bankersfidelity.com/,"4370 Peachtree Road, NE Atlanta, GA  30319"
GA,30601,N,FEMALE,"Continental Life Insurance Company of Brentwood, Tennessee (Aetna)",ISSUE_AGE,130.2,130.2,121.09,121.09,,,800-358-8749 ,https://www.aetnamedicare.com/,"PO Box 14088 Lexington, KY 40515"
GA,30601,N,FEMALE,American Benefit Life Insurance Company,ISSUE_AGE,131.71,131.71,,,118.54,118.54,833-504-0331,https://lbig.com/,"1605 LBJ Freeway, Suite 700 Dallas, Texas 75234"
GA,30601,N,FEMALE,Humana (Emphesys Insurance Company),ISSUE_AGE,135.17,135.17,,,118.71,118.71,877-426-1269,https://www.humana.com/medicare/medicare-supplement-plans?kc=0321046030,"P.O. Box 14611 Lexington, KY 40512-4613"
GA,30601,N,FEMALE,Bankers Life (Underwritten by Washington National Insurance Company),ISSUE_AGE,136.6,136.6,,,,,800-446-5018,https://www.bankerslife.com/medicare-supplement-insurance/?src=medicaregov&medium=listing,"11299 Illinois Street, Suite 200, Carmel, IN 46032"
GA,30601,N,FEMALE,Medico Insurance Company (Preferred),ISSUE_AGE,140,140,,,123.2,123.2,800-228-6080,https://www.gomedico.com/,"P.O. Box 10386 Des Moines, IA 50306-0386"
GA,30601,N,FEMALE,State Farm Mutual Automobile Insurance Company,ISSUE_AGE,152.32,152.32,,,,,800-782-8332,https://www.statefarm.com/insurance/health/medicare-supplemental,"One State Farm Plaza, Bloomington, IL 61710"
GA,30601,N,FEMALE,Medico Insurance Company (Standard I),ISSUE_AGE,154,154,,,135.52,135.52,800-228-6080,https://www.gomedico.com/,"P.O. Box 10386 Des Moines, IA 50306-0386"
GA,30601,N,FEMALE,Mutual of Omaha (Omaha Supplemental Insurance Company),ISSUE_AGE,154.21,154.21,,,,,855-977-6312,https://www.mutualofomaha.com/medicaregov/,"3300 Mutual of Omaha Plaza, Omaha, NE 68175"
GA,30601,N,FEMALE,USAA Life Insurance Company,ISSUE_AGE,156.57,156.57,,,,,800-531-8722,https://www.usaa.com/inet/wc/insurance-health-medicare,"9800 Fredericksburg Rd. San Antonio, TX 78288"
GA,30601,N,FEMALE,HealthSpring National Health Insurance Company (Standard II),ISSUE_AGE,167,167,133.6,133.6,156.98,156.98,877-607-6002,https://www.cigna.com/medicare/shop-plans/supplemental/,"PO Box 5700, Scranton PA 18505-5700"
GA,30601,N,FEMALE,AARP - UnitedHealthcare Insurance Company (Standard),ISSUE_AGE,167.75,167.75,150.78,150.78,,,888-378-0849,https://www.aarpmedicaresupplement.com/,PO Box 9003; Huntingdon Valley PA 19006
GA,30601,N,FEMALE,Bankers Life (Underwritten by Washington National Insurance Company) (Substandard),ISSUE_AGE,168.41,168.41,,,,,800-446-5018,https://www.bankerslife.com/medicare-supplement-insurance/?src=medicaregov&medium=listing,"11299 Illinois Street, Suite 200, Carmel, IN 46032"
GA,30601,N,FEMALE,Physicians Life Insurance Company,ISSUE_AGE,169.21,169.21,,,150.41,150.41,800-325-6300,https://www.physiciansmutual.com/cs/products/medsup/medsup.html,"2600 Dodge Street, Omaha, Nebraska 68131"
GA,30601,N,FEMALE,Medico Insurance Company (Standard II),ISSUE_AGE,175,175,,,154,154,800-228-6080,https://www.gomedico.com/,"P.O. Box 10386 Des Moines, IA 50306-0386"
GA,30601,N,FEMALE,Anthem Blue Cross and Blue Shield - Georgia,ISSUE_AGE,193,193,173.5,173.5,,,888-211-9817,https://www.anthem.com/medicare/,"220 VIRGINIA AVENUE INDIANAPOLIS, IN  46204-3709"
GA,30601,N,FEMALE,GPM Health and Life Insurance Company,ISSUE_AGE,199.61,199.61,,,185.64,185.64,866-242-7573,https://www.gpmhealthandlife.com/wps/portal/home/products/medicare-supplement,"2211 N.E. Loop 410 San Antonio, TX 78217-4630"
GA,30601,N,FEMALE,Guarantee Trust Life Insurance Company,ISSUE_AGE,218.37,218.37,,,203.08,203.08,800-338-7452,https://www.gtlic.com/,"1275 Milwaukee Avenue Glenview, IL 60025"
GA,30601,N,FEMALE,United American Insurance Company,ISSUE_AGE,249,249,,,,,800-331-2512,https://www2.unitedamerican.com/,"3700 S Stonebridge Dr, McKinney, TX 75070"
GA,30601,N,FEMALE,AARP - UnitedHealthcare Insurance Company (Level 2),ISSUE_AGE,284.87,284.87,256.18,256.18,,,888-378-0849,https://www.aarpmedicaresupplement.com/,PO Box 9003; Huntingdon Valley PA 19006
GA,30701,G,MALE,Atlantic Capital Life Assurance Company (Preferred),ISSUE_AGE,150.82,150.82,,,140.26,140.26,866-458-1430,https://bankersfidelity.com/,"4370 Peachtree Road, NE Atlanta, GA  30319"
GA,30701,G,MALE,USAA Life Insurance Company,ISSUE_AGE,181.39,181.39,,,,,800-531-8722,https://www.usaa.com/inet/wc/insurance-health-medicare,"9800 Fredericksburg Rd. San Antonio, TX 78288"
GA,30701,G,MALE,LifeShield National Insurance Company,ISSUE_AGE,183.45,183.45,,,170.61,170.61,800-851-5041,https://www.lifeshieldnational.com/,"5500 N Western Avenue, Suite 200, Oklahoma City, OK 73118"
GA,30701,G,MALE,Atlantic Capital Life Assurance Company (Standard),ISSUE_AGE,188.06,188.06,,,174.9,174.9,866-458-1430,https://bankersfidelity.com/,"4370 Peachtree Road, NE Atlanta, GA  30319"
GA,30701,G,MALE,WoodmenLife,ISSUE_AGE,188.29,188.29,,,169.46,169.46,1-866-236-0029,https://www.woodmenlife.org/insurance/medicare-supplement-insurance/,"1700 Farnam Street, Omaha, NE 68102"
GA,30701,G,MALE,Medico Insurance Company (Preferred),ISSUE_AGE,190.45,190.45,,,167.6,167.6,800-228-6080,https://www.gomedico.com/,"P.O. Box 10386 Des Moines, IA 50306-0386"
GA,30701,G,MALE,Bankers Life (Underwritten by Washington National Insurance Company),ISSUE_AGE,194.41,194.41,,,,,800-446-5018,https://www.bankerslife.com/medicare-supplement-insurance/?src=medicaregov&medium=listing,"11299 Illinois Street, Suite 200, Carmel, IN 46032"
GA,30701,G,MALE,HealthSpring National Health Insurance Company,ISSUE_AGE,197.46,197.46,157.97,157.97,185.62,185.62,877-607-6002,https://www.cigna.com/medicare/shop-plans/supplemental/,"PO Box 5700, Scranton PA 18505-5700"
GA,30701,G,MALE,Lumos Insurance,ISSUE_AGE,198.63,198.63,,,184.73,184.73,800-752-8328,https://www.lumosinsurance.com/life-health,"2701 North Main Street, Crossville, TN 38555"
GA,30701,G,MALE,Insurance Company of North America,ISSUE_AGE,199.92,199.92,,,185.93,185.93,215-640-1000,https://www.chubb.com/microsites/ace-medicare-supplement.html,436 Walnut Street
GA,30701,G,MALE,American Benefit Life Insurance Company,ISSUE_AGE,200.72,200.72,,,180.65,180.65,833-504-0331,https://lbig.com/,"1605 LBJ Freeway, Suite 700 Dallas, Texas 75234"
GA,30701,G,MALE,Anthem Blue Cross and Blue Shield - Georgia,ISSUE_AGE,203,203,182.5,182.5,,,888-211-9817,https://www.anthem.com/medicare/,"220 VIRGINIA AVENUE INDIANAPOLIS, IN  46204-3709"
GA,30701,G,MALE,AFLAC,ISSUE_AGE,205.29,205.29,,,184.76,184.76,866-990-2668,https://www.aflac.com/individuals,"Aflac Tier One, PO Box 14863, Lexington, KY 40512-4863"
GA,30701,G,MALE,Medico Insurance Company (Standard I),ISSUE_AGE,209.49,209.49,,,184.35,184.35,800-228-6080,https://www.gomedico.com/,"P.O. Box 10386 Des Moines, IA 50306-0386"
GA,30701,G,MALE,Humana (Emphesys Insurance Company),ISSUE_AGE,210.33,210.33,,,184.85,184.85,877-426-1269,https://www.humana.com/medicare/medicare-supplement-plans?kc=0321046030,"P.O. Box 14611 Lexington, KY 40512-4613"
GA,30701,G,MALE,State Farm Mutual Automobile Insurance Company,ISSUE_AGE,219.47,219.47,,,,,800-782-8332,https://www.statefarm.com/insurance/health/medicare-supplemental,"One State Farm Plaza, Bloomington, IL 61710"
GA,30701,G,MALE,Physicians Life Insurance Company,ISSUE_AGE,225.99,225.99,,,200.88,200.88,800-325-6300,https://www.physiciansmutual.com/cs/products/medsup/medsup.html,"2600 Dodge Street, Omaha, Nebraska 68131"
GA,30701,G,MALE,"Continental Life Insurance Company of Brentwood, Tennessee (Aetna)",ISSUE_AGE,228.99,228.99,212.96,212.96,212.96,212.96,800-358-8749 ,https://www.aetnamedicare.com/,"PO Box 14088 Lexington, KY 40515"
GA,30701,G,MALE,AARP - UnitedHealthcare Insurance Company (Standard),ISSUE_AGE,231.75,231.75,208.38,208.38,,,888-378-0849,https://www.aarpmedicaresupplement.com/,PO Box 9003; Huntingdon Valley PA 19006
GA,30701,G,MALE,Medico Insurance Company (Standard II),ISSUE_AGE,238.06,238.06,,,209.49,209.49,800-228-6080,https://www.gomedico.com/,"P.O. Box 10386 Des Moines, IA 50306-0386"
GA,30701,G,MALE,Bankers Life (Underwritten by Washington National Insurance Company) (Substandard),ISSUE_AGE,239.75,239.75,,,,,800-446-5018,https://www.bankerslife.com/medicare-supplement-insurance/?src=medicaregov&medium=listing,"11299 Illinois Street, Suite 200, Carmel, IN 46032"
GA,30701,G,MALE,Mutual of Omaha (Omaha Supplemental Insurance Company),ISSUE_AGE,268.77,268.77,,,,,855-977-6312,https://www.mutualofomaha.com/medicaregov/,"3300 Mutual of Omaha Plaza, Omaha, NE 68175"
GA,30701,G,MALE,GPM Health and Life Insurance Company,ISSUE_AGE,286.63,286.63,,,266.57,266.57,866-242-7573,https://www.gpmhealthandlife.com/wps/portal/home/products/medicare-supplement,"2211 N.E. Loop 410 San Antonio, TX 78217-4630"
GA,30701,G,MALE,HealthSpring National Health Insurance Company (Standard II),ISSUE_AGE,296.2,296.2,236.96,236.96,278.42,278.42,877-607-6002,https://www.cigna.com/medicare/shop-plans/supplemental/,"PO Box 5700, Scranton PA 18505-5700"
GA,30701,G,MALE,Guarantee Trust Life Insurance Company,ISSUE_AGE,309.73,309.73,,,288.05,288.05,800-338-7452,https://www.gtlic.com/,"1275 Milwaukee Avenue Glenview, IL 60025"
GA,30701,G,MALE,United American Insurance Company,ISSUE_AGE,382,382,,,,,800-331-2512,https://www2.unitedamerican.com/,"3700 S Stonebridge Dr, McKinney, TX 75070"
GA,30701,G,MALE,AARP - UnitedHealthcare Insurance Company (Level 2),ISSUE_AGE,549.65,549.65,494.49,494.49,,,888-378-0849,https://www.aarpmedicaresupplement.com/,PO Box 9003; Huntingdon Valley PA 19006
GA,30701,G,FEMALE,Atlantic Capital Life Assurance Company (Preferred),ISSUE_AGE,131.47,131.47,,,122.27,122.27,866-458-1430,https://bankersfidelity.com/,"4370 Peachtree Road, NE Atlanta, GA  30319"
GA,30701,G,FEMALE,LifeShield National Insurance Company,ISSUE_AGE,159.52,159.52,,,148.35,148.35,800-851-5041,https://www.lifeshieldnational.com/,"5500 N Western Avenue, Suite 200, Oklahoma City, OK 73118"
GA,30701,G,FEMALE,WoodmenLife,ISSUE_AGE,163.73,163.73,,,147.36,147.36,1-866-236-0029,https://www.woodmenlife.org/insurance/medicare-supplement-insurance/,"1700 Farnam Street, Omaha, NE 68102"
GA,30701,G,FEMALE,Atlantic Capital Life Assurance Company (Standard),ISSUE_AGE,163.86,163.86,,,152.39,152.39,866-458-1430,https://bankersfidelity.com/,"4370 Peachtree Road, NE Atlanta, GA  30319"
GA,30701,G,FEMALE,Medico Insurance Company (Preferred),ISSUE_AGE,165.61,165.61,,,145.74,145.74,800-228-6080,https://www.gomedico.com/,"P.O. Box 10386 Des Moines, IA 50306-0386"
GA,30701,G,FEMALE,HealthSpring National Health Insurance Company,ISSUE_AGE,171.71,171.71,137.37,137.37,161.41,161.41,877-607-6002,https://www.cigna.com/medicare/shop-plans/supplemental/,"PO Box 5700, Scranton PA 18505-5700"
GA,30701,G,FEMALE,American Benefit Life Insurance Company,ISSUE_AGE,174.54,174.54,,,157.09,157.09,833-504-0331,https://lbig.com/,"1605 LBJ Freeway, Suite 700 Dallas, Texas 75234"
GA,30701,G,FEMALE,Bankers Life (Underwritten by Washington National Insurance Company),ISSUE_AGE,175.07,175.07,,,,,800-446-5018,https://www.bankerslife.com/medicare-supplement-insurance/?src=medicaregov&medium=listing,"11299 Illinois Street, Suite 200, Carmel, IN 46032"
GA,30701,G,FEMALE,Insurance Company of North America,ISSUE_AGE,176.92,176.92,,,164.54,164.54,215-640-1000,https://www.chubb.com/microsites/ace-medicare-supplement.html,436 Walnut Street
GA,30701,G,FEMALE,AFLAC,ISSUE_AGE,179.22,179.22,,,161.3,161.3,866-990-2668,https://www.aflac.com/individuals,"Aflac Tier One, PO Box 14863, Lexington, KY 40512-4863"
GA,30701,G,FEMALE,Lumos Insurance,ISSUE_AGE,180.58,180.58,,,167.94,167.94,800-752-8328,https://www.lumosinsurance.com/life-health,"2701 North Main Street, Crossville, TN 38555"
GA,30701,G,FEMALE,USAA Life Insurance Company,ISSUE_AGE,181.39,181.39,,,,,800-531-8722,https://www.usaa.com/inet/wc/insurance-health-medicare,"9800 Fredericksburg Rd. San Antonio, TX 78288"
GA,30701,G,FEMALE,Anthem Blue Cross and Blue Shield - Georgia,ISSUE_AGE,182,182,163.6,163.6,,,888-211-9817,https://www.anthem.com/medicare/,"220 VIRGINIA AVENUE INDIANAPOLIS, IN  46204-3709"
GA,30701,G,FEMALE,Medico Insurance Company (Standard I),ISSUE_AGE,182.17,182.17,,,160.31,160.31,800-228-6080,https://www.gomedico.com/,"P.O. Box 10386 Des Moines, IA 50306-0386"
GA,30701,G,FEMALE,Humana (Emphesys Insurance Company),ISSUE_AGE,186.13,186.13,,,163.55,163.55,877-426-1269,https://www.humana.com/medicare/medicare-supplement-plans?kc=0321046030,"P.O. Box 14611 Lexington, KY 40512-4613"
GA,30701,G,FEMALE,State Farm Mutual Automobile Insurance Company,ISSUE_AGE,198.73,198.73,,,,,800-782-8332,https://www.statefarm.com/insurance/health/medicare-supplemental,"One State Farm Plaza, Bloomington, IL 61710"
GA,30701,G,FEMALE,"Continental Life Insurance Company of Brentwood, Tennessee (Aetna)",ISSUE_AGE,199.09,199.09,185.15,185.15,,,800-358-8749 ,https://www.aetnamedicare.com/,"PO Box 14088 Lexington, KY 40515"
GA,30701,G,FEMALE,Physicians Life Insurance Company,ISSUE_AGE,204.49,204.49,,,181.77,181.77,800-325-6300,https://www.physiciansmutual.com/cs/products/medsup/medsup.html,"2600 Dodge Street, Omaha, Nebraska 68131"
GA,30701,G,FEMALE,AARP - UnitedHealthcare Insurance Company (Standard),ISSUE_AGE,205.25,205.25,184.53,184.53,,,888-378-0849,https://www.aarpmedicaresupplement.com/,PO Box 9003; Huntingdon Valley PA 19006
GA,30701,G,FEMALE,Medico Insurance Company (Standard II),ISSUE_AGE,207.01,207.01,,,182.17,182.17,800-228-6080,https://www.gomedico.com/,"P.O. Box 10386 Des Moines, IA 50306-0386"
GA,30701,G,FEMALE,Bankers Life (Underwritten by Washington National Insurance Company) (Substandard),ISSUE_AGE,215.89,215.89,,,,,800-446-5018,https://www.bankerslife.com/medicare-supplement-insurance/?src=medicaregov&medium=listing,"11299 Illinois Street, Suite 200, Carmel, IN 46032"
GA,30701,G,FEMALE,Mutual of Omaha (Omaha Supplemental Insurance Company),ISSUE_AGE,233.71,233.71,,,,,855-977-6312,https://www.mutualofomaha.com/medicaregov/,"3300 Mutual of Omaha Plaza, Omaha, NE 68175"
GA,30701,G,FEMALE,GPM Health and Life Insurance Company,ISSUE_AGE,249.23,249.23,,,231.78,231.78,866-242-7573,https://www.gpmhealthandlife.com/wps/portal/home/products/medicare-supplement,"2211 N.E. Loop 410 San Antonio, TX 78217-4630"
GA,30701,G,FEMALE,HealthSpring National Health Insurance Company (Standard II),ISSUE_AGE,257.56,257.56,206.05,206.05,242.11,242.11,877-607-6002,https://www.cigna.com/medicare/shop-plans/supplemental/,"PO Box 5700, Scranton PA 18505-5700"
GA,30701,G,FEMALE,Guarantee Trust Life Insurance Company,ISSUE_AGE,276.54,276.54,,,257.18,257.18,800-338-7452,https://www.gtlic.com/,"1275 Milwaukee Avenue Glenview, IL 60025"
GA,30701,G,FEMALE,United American Insurance Company,ISSUE_AGE,332,332,,,,,800-331-2512,https://www2.unitedamerican.com/,"3700 S Stonebridge Dr, McKinney, TX 75070"
GA,30701,G,FEMALE,AARP - UnitedHealthcare Insurance Company (Level 2),ISSUE_AGE,487.11,487.11,438.2,438.2,,,888-378-0849,https://www.aarpmedicaresupplement.com/,PO Box 9003; Huntingdon Valley PA 19006
GA,30701,N,MALE,New Era Life Insurance Company,ISSUE_AGE,111.23,111.23,,,,,877-417-7555,http://www.neweralife.com/,"P.O. Box 4884, Houston, TX 77210-4884"
GA,30701,N,MALE,Atlantic Capital Life Assurance Company (Preferred),ISSUE_AGE,113.4,113.4,,,105.46,105.46,866-458-1430,https://bankersfidelity.com/,"4370 Peachtree Road, NE Atlanta, GA  30319"
GA,30701,N,MALE,HealthSpring National Health Insurance Company,ISSUE_AGE,128.03,128.03,102.43,102.43,120.35,120.35,877-607-6002,https://www.cigna.com/medicare/shop-plans/supplemental/,"PO Box 5700, Scranton PA 18505-5700"
GA,30701,N,MALE,Insurance Company of North America,ISSUE_AGE,130.33,130.33,,,121.21,121.21,215-640-1000,https://www.chubb.com/microsites/ace-medicare-supplement.html,436 Walnut Street
GA,30701,N,MALE,Lumos Insurance,ISSUE_AGE,130.7,130.7,,,121.55,121.55,800-752-8328,https://www.lumosinsurance.com/life-health,"2701 North Main Street, Crossville, TN 38555"
GA,30701,N,MALE,WoodmenLife,ISSUE_AGE,132.4,132.4,,,119.16,119.16,1-866-236-0029,https://www.woodmenlife.org/insurance/medicare-supplement-insurance/,"1700 Farnam Street, Omaha, NE 68102"
GA,30701,N,MALE,LifeShield National Insurance Company,ISSUE_AGE,135.24,135.24,,,125.77,125.77,800-851-5041,https://www.lifeshieldnational.com/,"5500 N Western Avenue, Suite 200, Oklahoma City, OK 73118"
GA,30701,N,MALE,AFLAC,ISSUE_AGE,137.7,137.7,,,123.93,123.93,866-990-2668,https://www.aflac.com/individuals,"Aflac Tier One, PO Box 14863, Lexington, KY 40512-4863"
GA,30701,N,MALE,Medico Insurance Company (Preferred),ISSUE_AGE,138.6,138.6,,,121.97,121.97,800-228-6080,https://www.gomedico.com/,"P.O. Box 10386 Des Moines, IA 50306-0386"
GA,30701,N,MALE,Atlantic Capital Life Assurance Company (Standard),ISSUE_AGE,141.3,141.3,,,131.41,131.41,866-458-1430,https://bankersfidelity.com/,"4370 Peachtree Road, NE Atlanta, GA  30319"
GA,30701,N,MALE,"Continental Life Insurance Company of Brentwood, Tennessee (Aetna)",ISSUE_AGE,149.69,149.69,139.21,139.21,139.21,139.21,800-358-8749 ,https://www.aetnamedicare.com/,"PO Box 14088 Lexington, KY 40515"
GA,30701,N,MALE,American Benefit Life Insurance Company,ISSUE_AGE,151.46,151.46,,,136.31,136.31,833-504-0331,https://lbig.com/,"1605 LBJ Freeway, Suite 700 Dallas, Texas 75234"
GA,30701,N,MALE,Bankers Life (Underwritten by Washington National Insurance Company),ISSUE_AGE,151.65,151.65,,,,,800-446-5018,https://www.bankerslife.com/medicare-supplement-insurance/?src=medicaregov&medium=listing,"11299 Illinois Street, Suite 200, Carmel, IN 46032"
GA,30701,N,MALE,Medico Insurance Company (Standard I),ISSUE_AGE,152.46,152.46,,,134.16,134.16,800-228-6080,https://www.gomedico.com/,"P.O. Box 10386 Des Moines, IA 50306-0386"
GA,30701,N,MALE,USAA Life Insurance Company,ISSUE_AGE,156.57,156.57,,,,,800-531-8722,https://www.usaa.com/inet/wc/insurance-health-medicare,"9800 Fredericksburg Rd. San Antonio, TX 78288"
GA,30701,N,MALE,Humana (Emphesys Insurance Company),ISSUE_AGE,159.1,159.1,,,139.77,139.77,877-426-1269,https://www.humana.com/medicare/medicare-supplement-plans?kc=0321046030,"P.O. Box 14611 Lexington, KY 40512-4613"
GA,30701,N,MALE,State Farm Mutual Automobile Insurance Company,ISSUE_AGE,169.75,169.75,,,,,800-782-8332,https://www.statefarm.com/insurance/health/medicare-supplemental,"One State Farm Plaza, Bloomington, IL 61710"
GA,30701,N,MALE,Medico Insurance Company (Standard II),ISSUE_AGE,173.25,173.25,,,152.46,152.46,800-228-6080,https://www.gomedico.com/,"P.O. Box 10386 Des Moines, IA 50306-0386"
GA,30701,N,MALE,Mutual of Omaha (Omaha Supplemental Insurance Company),ISSUE_AGE,177.33,177.33,,,,,855-977-6312,https://www.mutualofomaha.com/medicaregov/,"3300 Mutual of Omaha Plaza, Omaha, NE 68175"
GA,30701,N,MALE,Bankers Life (Underwritten by Washington National Insurance Company) (Substandard),ISSUE_AGE,186.99,186.99,,,,,800-446-5018,https://www.bankerslife.com/medicare-supplement-insurance/?src=medicaregov&medium=listing,"11299 Illinois Street, Suite 200, Carmel, IN 46032"
GA,30701,N,MALE,Physicians Life Insurance Company,ISSUE_AGE,187.04,187.04,,,166.26,166.26,800-325-6300,https://www.physiciansmutual.com/cs/products/medsup/medsup.html,"2600 Dodge Street, Omaha, Nebraska 68131"
GA,30701,N,MALE,HealthSpring National Health Insurance Company (Standard II),ISSUE_AGE,192.05,192.05,153.64,153.64,180.53,180.53,877-607-6002,https://www.cigna.com/medicare/shop-plans/supplemental/,"PO Box 5700, Scranton PA 18505-5700"
GA,30701,N,MALE,AARP - UnitedHealthcare Insurance Company (Standard),ISSUE_AGE,206,206,185.2,185.2,,,888-378-0849,https://www.aarpmedicaresupplement.com/,PO Box 9003; Huntingdon Valley PA 19006
GA,30701,N,MALE,Anthem Blue Cross and Blue Shield - Georgia,ISSUE_AGE,213,213,191.5,191.5,,,888-211-9817,https://www.anthem.com/medicare/,"220 VIRGINIA AVENUE INDIANAPOLIS, IN  46204-3709"
GA,30701,N,MALE,GPM Health and Life Insurance Company,ISSUE_AGE,229.52,229.52,,,213.45,213.45,866-242-7573,https://www.gpmhealthandlife.com/wps/portal/home/products/medicare-supplement,"2211 N.E. Loop 410 San Antonio, TX 78217-4630"
GA,30701,N,MALE,Guarantee Trust Life Insurance Company,ISSUE_AGE,244.58,244.58,,,227.46,227.46,800-338-7452,https://www.gtlic.com/,"1275 Milwaukee Avenue Glenview, IL 60025"
GA,30701,N,MALE,United American Insurance Company,ISSUE_AGE,286,286,,,,,800-331-2512,https://www2.unitedamerican.com/,"3700 S Stonebridge Dr, McKinney, TX 75070"
GA,30701,N,MALE,AARP - UnitedHealthcare Insurance Company (Level 2),ISSUE_AGE,349.52,349.52,314.37,314.37,,,888-378-0849,https://www.aarpmedicaresupplement.com/,PO Box 9003; Huntingdon Valley PA 19006
GA,30701,N,FEMALE,New Era Life Insurance Company,ISSUE_AGE,98.42,98.42,,,,,877-417-7555,http://www.neweralife.com/,"P.O. Box 4884, Houston, TX 77210-4884"
GA,30701,N,FEMALE,Atlantic Capital Life Assurance Company (Preferred),ISSUE_AGE,98.89,98.89,,,91.97,91.97,866-458-1430,https://bankersfidelity.com/,"4370 Peachtree Road, NE Atlanta, GA  30319"
GA,30701,N,FEMALE,HealthSpring National Health Insurance Company,ISSUE_AGE,111.33,111.33,89.07,89.07,104.65,104.65,877-607-6002,https://www.cigna.com/medicare/shop-plans/supplemental/,"PO Box 5700, Scranton PA 18505-5700"
GA,30701,N,FEMALE,WoodmenLife,ISSUE_AGE,115.12,115.12,,,103.61,103.61,1-866-236-0029,https://www.woodmenlife.org/insurance/medicare-supplement-insurance/,"1700 Farnam Street, Omaha, NE 68102"
GA,30701,N,FEMALE,Insurance Company of North America,ISSUE_AGE,115.33,115.33,,,107.26,107.26,215-640-1000,https://www.chubb.com/microsites/ace-medicare-supplement.html,436 Walnut Street
GA,30701,N,FEMALE,LifeShield National Insurance Company,ISSUE_AGE,117.6,117.6,,,109.37,109.37,800-851-5041,https://www.lifeshieldnational.com/,"5500 N Western Avenue, Suite 200, Oklahoma City, OK 73118"
GA,30701,N,FEMALE,Lumos Insurance,ISSUE_AGE,118.83,118.83,,,110.51,110.51,800-752-8328,https://www.lumosinsurance.com/life-health,"2701 North Main Street, Crossville, TN 38555"
GA,30701,N,FEMALE,AFLAC,ISSUE_AGE,120.21,120.21,,,108.19,108.19,866-990-2668,https://www.aflac.com/individuals,"Aflac Tier One, PO Box 14863, Lexington, KY 40512-4863"
GA,30701,N,FEMALE,Medico Insurance Company (Preferred),ISSUE_AGE,120.52,120.52,,,106.06,106.06,800-228-6080,https://www.gomedico.com/,"P.O. Box 10386 Des Moines, IA 50306-0386"
GA,30701,N,FEMALE,Atlantic Capital Life Assurance Company (Standard),ISSUE_AGE,123.17,123.17,,,114.55,114.55,866-458-1430,https://bankersfidelity.com/,"4370 Peachtree Road, NE Atlanta, GA  30319"
GA,30701,N,FEMALE,"Continental Life Insurance Company of Brentwood, Tennessee (Aetna)",ISSUE_AGE,130.2,130.2,121.09,121.09,,,800-358-8749 ,https://www.aetnamedicare.com/,"PO Box 14088 Lexington, KY 40515"
GA,30701,N,FEMALE,American Benefit Life Insurance Company,ISSUE_AGE,131.71,131.71,,,118.54,118.54,833-504-0331,https://lbig.com/,"1605 LBJ Freeway, Suite 700 Dallas, Texas 75234"
GA,30701,N,FEMALE,Medico Insurance Company (Standard I),ISSUE_AGE,132.58,132.58,,,116.67,116.67,800-228-6080,https://www.gomedico.com/,"P.O. Box 10386 Des Moines, IA 50306-0386"
GA,30701,N,FEMALE,Bankers Life (Underwritten by Washington National Insurance Company),ISSUE_AGE,136.6,136.6,,,,,800-446-5018,https://www.bankerslife.com/medicare-supplement-insurance/?src=medicaregov&medium=listing,"11299 Illinois Street, Suite 200, Carmel, IN 46032"
GA,30701,N,FEMALE,Humana (Emphesys Insurance Company),ISSUE_AGE,140.8,140.8,,,123.66,123.66,877-426-1269,https://www.humana.com/medicare/medicare-supplement-plans?kc=0321046030,"P.O. Box 14611 Lexington, KY 40512-4613"
GA,30701,N,FEMALE,Medico Insurance Company (Standard II),ISSUE_AGE,150.66,150.66,,,132.58,132.58,800-228-6080,https://www.gomedico.com/,"P.O. Box 10386 Des Moines, IA 50306-0386"
GA,30701,N,FEMALE,State Farm Mutual Automobile Insurance Company,ISSUE_AGE,152.32,152.32,,,,,800-782-8332,https://www.statefarm.com/insurance/health/medicare-supplemental,"One State Farm Plaza, Bloomington, IL 61710"
GA,30701,N,FEMALE,Mutual of Omaha (Omaha Supplemental Insurance Company),ISSUE_AGE,154.21,154.21,,,,,855-977-6312,https://www.mutualofomaha.com/medicaregov/,"3300 Mutual of Omaha Plaza, Omaha, NE 68175"
GA,30701,N,FEMALE,USAA Life Insurance Company,ISSUE_AGE,156.57,156.57,,,,,800-531-8722,https://www.usaa.com/inet/wc/insurance-health-medicare,"9800 Fredericksburg Rd. San Antonio, TX 78288"
GA,30701,N,FEMALE,HealthSpring National Health Insurance Company (Standard II),ISSUE_AGE,167,167,133.6,133.6,156.98,156.98,877-607-6002,https://www.cigna.com/medicare/shop-plans/supplemental/,"PO Box 5700, Scranton PA 18505-5700"
GA,30701,N,FEMALE,Bankers Life (Underwritten by Washington National Insurance Company) (Substandard),ISSUE_AGE,168.41,168.41,,,,,800-446-5018,https://www.bankerslife.com/medicare-supplement-insurance/?src=medicaregov&medium=listing,"11299 Illinois Street, Suite 200, Carmel, IN 46032"
GA,30701,N,FEMALE,Physicians Life Insurance Company,ISSUE_AGE,169.21,169.21,,,150.41,150.41,800-325-6300,https://www.physiciansmutual.com/cs/products/medsup/medsup.html,"2600 Dodge Street, Omaha, Nebraska 68131"
GA,30701,N,FEMALE,AARP - UnitedHealthcare Insurance Company (Standard),ISSUE_AGE,182.75,182.75,164.28,164.28,,,888-378-0849,https://www.aarpmedicaresupplement.com/,PO Box 9003; Huntingdon Valley PA 19006
GA,30701,N,FEMALE,Anthem Blue Cross and Blue Shield - Georgia,ISSUE_AGE,193,193,173.5,173.5,,,888-211-9817,https://www.anthem.com/medicare/,"220 VIRGINIA AVENUE INDIANAPOLIS, IN  46204-3709"
GA,30701,N,FEMALE,GPM Health and Life Insurance Company,ISSUE_AGE,199.61,199.61,,,185.64,185.64,866-242-7573,https://www.gpmhealthandlife.com/wps/portal/home/products/medicare-supplement,"2211 N.E. Loop 410 San Antonio, TX 78217-4630"
GA,30701,N,FEMALE,Guarantee Trust Life Insurance Company,ISSUE_AGE,218.37,218.37,,,203.08,203.08,800-338-7452,https://www.gtlic.com/,"1275 Milwaukee Avenue Glenview, IL 60025"
GA,30701,N,FEMALE,United American Insurance Company,ISSUE_AGE,249,249,,,,,800-331-2512,https://www2.unitedamerican.com/,"3700 S Stonebridge Dr, McKinney, TX 75070"
GA,30701,N,FEMALE,AARP - UnitedHealthcare Insurance Company (Level 2),ISSUE_AGE,310.22,310.22,279,279,,,888-378-0849,https://www.aarpmedicaresupplement.com/,PO Box 9003; Huntingdon Valley PA 19006
GA,30901,G,MALE,Atlantic Capital Life Assurance Company (Preferred),ISSUE_AGE,150.82,150.82,,,140.26,140.26,866-458-1430,https://bankersfidelity.com/,"4370 Peachtree Road, NE Atlanta, GA  30319"
GA,30901,G,MALE,USAA Life Insurance Company,ISSUE_AGE,181.39,181.39,,,,,800-531-8722,https://www.usaa.com/inet/wc/insurance-health-medicare,"9800 Fredericksburg Rd. San Antonio, TX 78288"
GA,30901,G,MALE,LifeShield National Insurance Company,ISSUE_AGE,183.45,183.45,,,170.61,170.61,800-851-5041,https://www.lifeshieldnational.com/,"5500 N Western Avenue, Suite 200, Oklahoma City, OK 73118"
GA,30901,G,MALE,Atlantic Capital Life Assurance Company (Standard),ISSUE_AGE,188.06,188.06,,,174.9,174.9,866-458-1430,https://bankersfidelity.com/,"4370 Peachtree Road, NE Atlanta, GA  30319"
GA,30901,G,MALE,WoodmenLife,ISSUE_AGE,188.29,188.29,,,169.46,169.46,1-866-236-0029,https://www.woodmenlife.org/insurance/medicare-supplement-insurance/,"1700 Farnam Street, Omaha, NE 68102"
GA,30901,G,MALE,Medico Insurance Company (Preferred),ISSUE_AGE,190.45,190.45,,,167.6,167.6,800-228-6080,https://www.gomedico.com/,"P.O. Box 10386 Des Moines, IA 50306-0386"
GA,30901,G,MALE,Bankers Life (Underwritten by Washington National Insurance Company),ISSUE_AGE,194.41,194.41,,,,,800-446-5018,https://www.bankerslife.com/medicare-supplement-insurance/?src=medicaregov&medium=listing,"11299 Illinois Street, Suite 200, Carmel, IN 46032"
GA,30901,G,MALE,HealthSpring National Health Insurance Company,ISSUE_AGE,197.46,197.46,157.97,157.97,185.62,185.62,877-607-6002,https://www.cigna.com/medicare/shop-plans/supplemental/,"PO Box 5700, Scranton PA 18505-5700"
GA,30901,G,MALE,Lumos Insurance,ISSUE_AGE,198.63,198.63,,,184.73,184.73,800-752-8328,https://www.lumosinsurance.com/life-health,"2701 North Main Street, Crossville, TN 38555"
GA,30901,G,MALE,Insurance Company of North America,ISSUE_AGE,199.92,199.92,,,185.93,185.93,215-640-1000,https://www.chubb.com/microsites/ace-medicare-supplement.html,436 Walnut Street
GA,30901,G,MALE,American Benefit Life Insurance Company,ISSUE_AGE,200.72,200.72,,,180.65,180.65,833-504-0331,https://lbig.com/,"1605 LBJ Freeway, Suite 700 Dallas, Texas 75234"
GA,30901,G,MALE,Humana (Emphesys Insurance Company),ISSUE_AGE,201.92,201.92,,,177.45,177.45,877-426-1269,https://www.humana.com/medicare/medicare-supplement-plans?kc=0321046030,"P.O. Box 14611 Lexington, KY 40512-4613"
GA,30901,G,MALE,Anthem Blue Cross and Blue Shield - Georgia,ISSUE_AGE,203,203,182.5,182.5,,,888-211-9817,https://www.anthem.com/medicare/,"220 VIRGINIA AVENUE INDIANAPOLIS, IN  46204-3709"
GA,30901,G,MALE,AFLAC,ISSUE_AGE,205.29,205.29,,,184.76,184.76,866-990-2668,https://www.aflac.com/individuals,"Aflac Tier One, PO Box 14863, Lexington, KY 40512-4863"
GA,30901,G,MALE,Medico Insurance Company (Standard I),ISSUE_AGE,209.49,209.49,,,184.35,184.35,800-228-6080,https://www.gomedico.com/,"P.O. Box 10386 Des Moines, IA 50306-0386"
GA,30901,G,MALE,AARP - UnitedHealthcare Insurance Company (Standard),ISSUE_AGE,212.75,212.75,191.28,191.28,,,888-378-0849,https://www.aarpmedicaresupplement.com/,PO Box 9003; Huntingdon Valley PA 19006
GA,30901,G,MALE,State Farm Mutual Automobile Insurance Company,ISSUE_AGE,219.47,219.47,,,,,800-782-8332,https://www.statefarm.com/insurance/health/medicare-supplemental,"One State Farm Plaza, Bloomington, IL 61710"
GA,30901,G,MALE,Physicians Life Insurance Company,ISSUE_AGE,225.99,225.99,,,200.88,200.88,800-325-6300,https://www.physiciansmutual.com/cs/products/medsup/medsup.html,"2600 Dodge Street, Omaha, Nebraska 68131"
GA,30901,G,MALE,"Continental Life Insurance Company of Brentwood, Tennessee (Aetna)",ISSUE_AGE,228.99,228.99,212.96,212.96,212.96,212.96,800-358-8749 ,https://www.aetnamedicare.com/,"PO Box 14088 Lexington, KY 40515"
GA,30901,G,MALE,Medico Insurance Company (Standard II),ISSUE_AGE,238.06,238.06,,,209.49,209.49,800-228-6080,https://www.gomedico.com/,"P.O. Box 10386 Des Moines, IA 50306-0386"
GA,30901,G,MALE,Bankers Life (Underwritten by Washington National Insurance Company) (Substandard),ISSUE_AGE,239.75,239.75,,,,,800-446-5018,https://www.bankerslife.com/medicare-supplement-insurance/?src=medicaregov&medium=listing,"11299 Illinois Street, Suite 200, Carmel, IN 46032"
GA,30901,G,MALE,Mutual of Omaha (Omaha Supplemental Insurance Company),ISSUE_AGE,268.77,268.77,,,,,855-977-6312,https://www.mutualofomaha.com/medicaregov/,"3300 Mutual of Omaha Plaza, Omaha, NE 68175"
GA,30901,G,MALE,GPM Health and Life Insurance Company,ISSUE_AGE,286.63,286.63,,,266.57,266.57,866-242-7573,https://www.gpmhealthandlife.com/wps/portal/home/products/medicare-supplement,"2211 N.E. Loop 410 San Antonio, TX 78217-4630"
GA,30901,G,MALE,HealthSpring National Health Insurance Company (Standard II),ISSUE_AGE,296.2,296.2,236.96,236.96,278.42,278.42,877-607-6002,https://www.cigna.com/medicare/shop-plans/supplemental/,"PO Box 5700, Scranton PA 18505-5700"
GA,30901,G,MALE,Guarantee Trust Life Insurance Company,ISSUE_AGE,309.73,309.73,,,288.05,288.05,800-338-7452,https://www.gtlic.com/,"1275 Milwaukee Avenue Glenview, IL 60025"
GA,30901,G,MALE,United American Insurance Company,ISSUE_AGE,382,382,,,,,800-331-2512,https://www2.unitedamerican.com/,"3700 S Stonebridge Dr, McKinney, TX 75070"
GA,30901,G,MALE,AARP - UnitedHealthcare Insurance Company (Level 2),ISSUE_AGE,504.81,504.81,454.13,454.13,,,888-378-0849,https://www.aarpmedicaresupplement.com/,PO Box 9003; Huntingdon Valley PA 19006
GA,30901,G,FEMALE,Atlantic Capital Life Assurance Company (Preferred),ISSUE_AGE,131.47,131.47,,,122.27,122.27,866-458-1430,https://bankersfidelity.com/,"4370 Peachtree Road, NE Atlanta, GA  30319"
GA,30901,G,FEMALE,LifeShield National Insurance Company,ISSUE_AGE,159.52,159.52,,,148.35,148.35,800-851-5041,https://www.lifeshieldnational.com/,"5500 N Western Avenue, Suite 200, Oklahoma City, OK 73118"
GA,30901,G,FEMALE,WoodmenLife,ISSUE_AGE,163.73,163.73,,,147.36,147.36,1-866-236-0029,https://www.woodmenlife.org/insurance/medicare-supplement-insurance/,"1700 Farnam Street, Omaha, NE 68102"
GA,30901,G,FEMALE,Atlantic Capital Life Assurance Company (Standard),ISSUE_AGE,163.86,163.86,,,152.39,152.39,866-458-1430,https://bankersfidelity.com/,"4370 Peachtree Road, NE Atlanta, GA  30319"
GA,30901,G,FEMALE,Medico Insurance Company (Preferred),ISSUE_AGE,165.61,165.61,,,145.74,145.74,800-228-6080,https://www.gomedico.com/,"P.O. Box 10386 Des Moines, IA 50306-0386"
GA,30901,G,FEMALE,HealthSpring National Health Insurance Company,ISSUE_AGE,171.71,171.71,137.37,137.37,161.41,161.41,877-607-6002,https://www.cigna.com/medicare/shop-plans/supplemental/,"PO Box 5700, Scranton PA 18505-5700"
GA,30901,G,FEMALE,American Benefit Life Insurance Company,ISSUE_AGE,174.54,174.54,,,157.09,157.09,833-504-0331,https://lbig.com/,"1605 LBJ Freeway, Suite 700 Dallas, Texas 75234"
GA,30901,G,FEMALE,Bankers Life (Underwritten by Washington National Insurance Company),ISSUE_AGE,175.07,175.07,,,,,800-446-5018,https://www.bankerslife.com/medicare-supplement-insurance/?src=medicaregov&medium=listing,"11299 Illinois Street, Suite 200, Carmel, IN 46032"
GA,30901,G,FEMALE,Insurance Company of North America,ISSUE_AGE,176.92,176.92,,,164.54,164.54,215-640-1000,https://www.chubb.com/microsites/ace-medicare-supplement.html,436 Walnut Street
GA,30901,G,FEMALE,Humana (Emphesys Insurance Company),ISSUE_AGE,178.68,178.68,,,157,157,877-426-1269,https://www.humana.com/medicare/medicare-supplement-plans?kc=0321046030,"P.O. Box 14611 Lexington, KY 40512-4613"
GA,30901,G,FEMALE,AFLAC,ISSUE_AGE,179.22,179.22,,,161.3,161.3,866-990-2668,https://www.aflac.com/individuals,"Aflac Tier One, PO Box 14863, Lexington, KY 40512-4863"
GA,30901,G,FEMALE,Lumos Insurance,ISSUE_AGE,180.58,180.58,,,167.94,167.94,800-752-8328,https://www.lumosinsurance.com/life-health,"2701 North Main Street, Crossville, TN 38555"
GA,30901,G,FEMALE,USAA Life Insurance Company,ISSUE_AGE,181.39,181.39,,,,,800-531-8722,https://www.usaa.com/inet/wc/insurance-health-medicare,"9800 Fredericksburg Rd. San Antonio, TX 78288"
GA,30901,G,FEMALE,Anthem Blue Cross and Blue Shield - Georgia,ISSUE_AGE,182,182,163.6,163.6,,,888-211-9817,https://www.anthem.com/medicare/,"220 VIRGINIA AVENUE INDIANAPOLIS, IN  46204-3709"
GA,30901,G,FEMALE,Medico Insurance Company (Standard I),ISSUE_AGE,182.17,182.17,,,160.31,160.31,800-228-6080,https://www.gomedico.com/,"P.O. Box 10386 Des Moines, IA 50306-0386"
GA,30901,G,FEMALE,AARP - UnitedHealthcare Insurance Company (Standard),ISSUE_AGE,188.25,188.25,169.23,169.23,,,888-378-0849,https://www.aarpmedicaresupplement.com/,PO Box 9003; Huntingdon Valley PA 19006
GA,30901,G,FEMALE,State Farm Mutual Automobile Insurance Company,ISSUE_AGE,198.73,198.73,,,,,800-782-8332,https://www.statefarm.com/insurance/health/medicare-supplemental,"One State Farm Plaza, Bloomington, IL 61710"
GA,30901,G,FEMALE,"Continental Life Insurance Company of Brentwood, Tennessee (Aetna)",ISSUE_AGE,199.09,199.09,185.15,185.15,,,800-358-8749 ,https://www.aetnamedicare.com/,"PO Box 14088 Lexington, KY 40515"
GA,30901,G,FEMALE,Physicians Life Insurance Company,ISSUE_AGE,204.49,204.49,,,181.77,181.77,800-325-6300,https://www.physiciansmutual.com/cs/products/medsup/medsup.html,"2600 Dodge Street, Omaha, Nebraska 68131"
GA,30901,G,FEMALE,Medico Insurance Company (Standard II),ISSUE_AGE,207.01,207.01,,,182.17,182.17,800-228-6080,https://www.gomedico.com/,"P.O. Box 10386 Des Moines, IA 50306-0386"
GA,30901,G,FEMALE,Bankers Life (Underwritten by Washington National Insurance Company) (Substandard),ISSUE_AGE,215.89,215.89,,,,,800-446-5018,https://www.bankerslife.com/medicare-supplement-insurance/?src=medicaregov&medium=listing,"11299 Illinois Street, Suite 200, Carmel, IN 46032"
GA,30901,G,FEMALE,Mutual of Omaha (Omaha Supplemental Insurance Company),ISSUE_AGE,233.71,233.71,,,,,855-977-6312,https://www.mutualofomaha.com/medicaregov/,"3300 Mutual of Omaha Plaza, Omaha, NE 68175"
GA,30901,G,FEMALE,GPM Health and Life Insurance Company,ISSUE_AGE,249.23,249.23,,,231.78,231.78,866-242-7573,https://www.gpmhealthandlife.com/wps/portal/home/products/medicare-supplement,"2211 N.E. Loop 410 San Antonio, TX 78217-4630"
GA,30901,G,FEMALE,HealthSpring National Health Insurance Company (Standard II),ISSUE_AGE,257.56,257.56,206.05,206.05,242.11,242.11,877-607-6002,https://www.cigna.com/medicare/shop-plans/supplemental/,"PO Box 5700, Scranton PA 18505-5700"
GA,30901,G,FEMALE,Guarantee Trust Life Insurance Company,ISSUE_AGE,276.54,276.54,,,257.18,257.18,800-338-7452,https://www.gtlic.com/,"1275 Milwaukee Avenue Glenview, IL 60025"
GA,30901,G,FEMALE,United American Insurance Company,ISSUE_AGE,332,332,,,,,800-331-2512,https://www2.unitedamerican.com/,"3700 S Stonebridge Dr, McKinney, TX 75070"
GA,30901,G,FEMALE,AARP - UnitedHealthcare Insurance Company (Level 2),ISSUE_AGE,446.99,446.99,402.09,402.09,,,888-378-0849,https://www.aarpmedicaresupplement.com/,PO Box 9003; Huntingdon Valley PA 19006
GA,30901,N,MALE,New Era Life Insurance Company,ISSUE_AGE,111.23,111.23,,,,,877-417-7555,http://www.neweralife.com/,"P.O. Box 4884, Houston, TX 77210-4884"
GA,30901,N,MALE,Atlantic Capital Life Assurance Company (Preferred),ISSUE_AGE,113.4,113.4,,,105.46,105.46,866-458-1430,https://bankersfidelity.com/,"4370 Peachtree Road, NE Atlanta, GA  30319"
GA,30901,N,MALE,HealthSpring National Health Insurance Company,ISSUE_AGE,128.03,128.03,102.43,102.43,120.35,120.35,877-607-6002,https://www.cigna.com/medicare/shop-plans/supplemental/,"PO Box 5700, Scranton PA 18505-5700"
GA,30901,N,MALE,Insurance Company of North America,ISSUE_AGE,130.33,130.33,,,121.21,121.21,215-640-1000,https://www.chubb.com/microsites/ace-medicare-supplement.html,436 Walnut Street
GA,30901,N,MALE,Lumos Insurance,ISSUE_AGE,130.7,130.7,,,121.55,121.55,800-752-8328,https://www.lumosinsurance.com/life-health,"2701 North Main Street, Crossville, TN 38555"
GA,30901,N,MALE,WoodmenLife,ISSUE_AGE,132.4,132.4,,,119.16,119.16,1-866-236-0029,https://www.woodmenlife.org/insurance/medicare-supplement-insurance/,"1700 Farnam Street, Omaha, NE 68102"
GA,30901,N,MALE,LifeShield National Insurance Company,ISSUE_AGE,135.24,135.24,,,125.77,125.77,800-851-5041,https://www.lifeshieldnational.com/,"5500 N Western Avenue, Suite 200, Oklahoma City, OK 73118"
GA,30901,N,MALE,AFLAC,ISSUE_AGE,137.7,137.7,,,123.93,123.93,866-990-2668,https://www.aflac.com/individuals,"Aflac Tier One, PO Box 14863, Lexington, KY 40512-4863"
GA,30901,N,MALE,Medico Insurance Company (Preferred),ISSUE_AGE,138.6,138.6,,,121.97,121.97,800-228-6080,https://www.gomedico.com/,"P.O. Box 10386 Des Moines, IA 50306-0386"
GA,30901,N,MALE,Atlantic Capital Life Assurance Company (Standard),ISSUE_AGE,141.3,141.3,,,131.41,131.41,866-458-1430,https://bankersfidelity.com/,"4370 Peachtree Road, NE Atlanta, GA  30319"
GA,30901,N,MALE,"Continental Life Insurance Company of Brentwood, Tennessee (Aetna)",ISSUE_AGE,149.69,149.69,139.21,139.21,139.21,139.21,800-358-8749 ,https://www.aetnamedicare.com/,"PO Box 14088 Lexington, KY 40515"
GA,30901,N,MALE,American Benefit Life Insurance Company,ISSUE_AGE,151.46,151.46,,,136.31,136.31,833-504-0331,https://lbig.com/,"1605 LBJ Freeway, Suite 700 Dallas, Texas 75234"
GA,30901,N,MALE,Bankers Life (Underwritten by Washington National Insurance Company),ISSUE_AGE,151.65,151.65,,,,,800-446-5018,https://www.bankerslife.com/medicare-supplement-insurance/?src=medicaregov&medium=listing,"11299 Illinois Street, Suite 200, Carmel, IN 46032"
GA,30901,N,MALE,Medico Insurance Company (Standard I),ISSUE_AGE,152.46,152.46,,,134.16,134.16,800-228-6080,https://www.gomedico.com/,"P.O. Box 10386 Des Moines, IA 50306-0386"
GA,30901,N,MALE,Humana (Emphesys Insurance Company),ISSUE_AGE,152.74,152.74,,,134.17,134.17,877-426-1269,https://www.humana.com/medicare/medicare-supplement-plans?kc=0321046030,"P.O. Box 14611 Lexington, KY 40512-4613"
GA,30901,N,MALE,USAA Life Insurance Company,ISSUE_AGE,156.57,156.57,,,,,800-531-8722,https://www.usaa.com/inet/wc/insurance-health-medicare,"9800 Fredericksburg Rd. San Antonio, TX 78288"
GA,30901,N,MALE,State Farm Mutual Automobile Insurance Company,ISSUE_AGE,169.75,169.75,,,,,800-782-8332,https://www.statefarm.com/insurance/health/medicare-supplemental,"One State Farm Plaza, Bloomington, IL 61710"
GA,30901,N,MALE,Medico Insurance Company (Standard II),ISSUE_AGE,173.25,173.25,,,152.46,152.46,800-228-6080,https://www.gomedico.com/,"P.O. Box 10386 Des Moines, IA 50306-0386"
GA,30901,N,MALE,Mutual of Omaha (Omaha Supplemental Insurance Company),ISSUE_AGE,177.33,177.33,,,,,855-977-6312,https://www.mutualofomaha.com/medicaregov/,"3300 Mutual of Omaha Plaza, Omaha, NE 68175"
GA,30901,N,MALE,Bankers Life (Underwritten by Washington National Insurance Company) (Substandard),ISSUE_AGE,186.99,186.99,,,,,800-446-5018,https://www.bankerslife.com/medicare-supplement-insurance/?src=medicaregov&medium=listing,"11299 Illinois Street, Suite 200, Carmel, IN 46032"
GA,30901,N,MALE,Physicians Life Insurance Company,ISSUE_AGE,187.04,187.04,,,166.26,166.26,800-325-6300,https://www.physiciansmutual.com/cs/products/medsup/medsup.html,"2600 Dodge Street, Omaha, Nebraska 68131"
GA,30901,N,MALE,AARP - UnitedHealthcare Insurance Company (Standard),ISSUE_AGE,189.25,189.25,170.13,170.13,,,888-378-0849,https://www.aarpmedicaresupplement.com/,PO Box 9003; Huntingdon Valley PA 19006
GA,30901,N,MALE,HealthSpring National Health Insurance Company (Standard II),ISSUE_AGE,192.05,192.05,153.64,153.64,180.53,180.53,877-607-6002,https://www.cigna.com/medicare/shop-plans/supplemental/,"PO Box 5700, Scranton PA 18505-5700"
GA,30901,N,MALE,Anthem Blue Cross and Blue Shield - Georgia,ISSUE_AGE,213,213,191.5,191.5,,,888-211-9817,https://www.anthem.com/medicare/,"220 VIRGINIA AVENUE INDIANAPOLIS, IN  46204-3709"
GA,30901,N,MALE,GPM Health and Life Insurance Company,ISSUE_AGE,229.52,229.52,,,213.45,213.45,866-242-7573,https://www.gpmhealthandlife.com/wps/portal/home/products/medicare-supplement,"2211 N.E. Loop 410 San Antonio, TX 78217-4630"
GA,30901,N,MALE,Guarantee Trust Life Insurance Company,ISSUE_AGE,244.58,244.58,,,227.46,227.46,800-338-7452,https://www.gtlic.com/,"1275 Milwaukee Avenue Glenview, IL 60025"
GA,30901,N,MALE,United American Insurance Company,ISSUE_AGE,286,286,,,,,800-331-2512,https://www2.unitedamerican.com/,"3700 S Stonebridge Dr, McKinney, TX 75070"
GA,30901,N,MALE,AARP - UnitedHealthcare Insurance Company (Level 2),ISSUE_AGE,321.21,321.21,288.89,288.89,,,888-378-0849,https://www.aarpmedicaresupplement.com/,PO Box 9003; Huntingdon Valley PA 19006
GA,30901,N,FEMALE,New Era Life Insurance Company,ISSUE_AGE,98.42,98.42,,,,,877-417-7555,http://www.neweralife.com/,"P.O. Box 4884, Houston, TX 77210-4884"
GA,30901,N,FEMALE,Atlantic Capital Life Assurance Company (Preferred),ISSUE_AGE,98.89,98.89,,,91.97,91.97,866-458-1430,https://bankersfidelity.com/,"4370 Peachtree Road, NE Atlanta, GA  30319"
GA,30901,N,FEMALE,HealthSpring National Health Insurance Company,ISSUE_AGE,111.33,111.33,89.07,89.07,104.65,104.65,877-607-6002,https://www.cigna.com/medicare/shop-plans/supplemental/,"PO Box 5700, Scranton PA 18505-5700"
GA,30901,N,FEMALE,WoodmenLife,ISSUE_AGE,115.12,115.12,,,103.61,103.61,1-866-236-0029,https://www.woodmenlife.org/insurance/medicare-supplement-insurance/,"1700 Farnam Street, Omaha, NE 68102"
GA,30901,N,FEMALE,Insurance Company of North America,ISSUE_AGE,115.33,115.33,,,107.26,107.26,215-640-1000,https://www.chubb.com/microsites/ace-medicare-supplement.html,436 Walnut Street
GA,30901,N,FEMALE,LifeShield National Insurance Company,ISSUE_AGE,117.6,117.6,,,109.37,109.37,800-851-5041,https://www.lifeshieldnational.com/,"5500 N Western Avenue, Suite 200, Oklahoma City, OK 73118"
GA,30901,N,FEMALE,Lumos Insurance,ISSUE_AGE,118.83,118.83,,,110.51,110.51,800-752-8328,https://www.lumosinsurance.com/life-health,"2701 North Main Street, Crossville, TN 38555"
GA,30901,N,FEMALE,AFLAC,ISSUE_AGE,120.21,120.21,,,108.19,108.19,866-990-2668,https://www.aflac.com/individuals,"Aflac Tier One, PO Box 14863, Lexington, KY 40512-4863"
GA,30901,N,FEMALE,Medico Insurance Company (Preferred),ISSUE_AGE,120.52,120.52,,,106.06,106.06,800-228-6080,https://www.gomedico.com/,"P.O. Box 10386 Des Moines, IA 50306-0386"
GA,30901,N,FEMALE,Atlantic Capital Life Assurance Company (Standard),ISSUE_AGE,123.17,123.17,,,114.55,114.55,866-458-1430,https://bankersfidelity.com/,"4370 Peachtree Road, NE Atlanta, GA  30319"
GA,30901,N,FEMALE,"Continental Life Insurance Company of Brentwood, Tennessee (Aetna)",ISSUE_AGE,130.2,130.2,121.09,121.09,,,800-358-8749 ,https://www.aetnamedicare.com/,"PO Box 14088 Lexington, KY 40515"
GA,30901,N,FEMALE,American Benefit Life Insurance Company,ISSUE_AGE,131.71,131.71,,,118.54,118.54,833-504-0331,https://lbig.com/,"1605 LBJ Freeway, Suite 700 Dallas, Texas 75234"
GA,30901,N,FEMALE,Medico Insurance Company (Standard I),ISSUE_AGE,132.58,132.58,,,116.67,116.67,800-228-6080,https://www.gomedico.com/,"P.O. Box 10386 Des Moines, IA 50306-0386"
GA,30901,N,FEMALE,Humana (Emphesys Insurance Company),ISSUE_AGE,135.17,135.17,,,118.71,118.71,877-426-1269,https://www.humana.com/medicare/medicare-supplement-plans?kc=0321046030,"P.O. Box 14611 Lexington, KY 40512-4613"
GA,30901,N,FEMALE,Bankers Life (Underwritten by Washington National Insurance Company),ISSUE_AGE,136.6,136.6,,,,,800-446-5018,https://www.bankerslife.com/medicare-supplement-insurance/?src=medicaregov&medium=listing,"11299 Illinois Street, Suite 200, Carmel, IN 46032"
GA,30901,N,FEMALE,Medico Insurance Company (Standard II),ISSUE_AGE,150.66,150.66,,,132.58,132.58,800-228-6080,https://www.gomedico.com/,"P.O. Box 10386 Des Moines, IA 50306-0386"
GA,30901,N,FEMALE,State Farm Mutual Automobile Insurance Company,ISSUE_AGE,152.32,152.32,,,,,800-782-8332,https://www.statefarm.com/insurance/health/medicare-supplemental,"One State Farm Plaza, Bloomington, IL 61710"
GA,30901,N,FEMALE,Mutual of Omaha (Omaha Supplemental Insurance Company),ISSUE_AGE,154.21,154.21,,,,,855-977-6312,https://www.mutualofomaha.com/medicaregov/,"3300 Mutual of Omaha Plaza, Omaha, NE 68175"
GA,30901,N,FEMALE,USAA Life Insurance Company,ISSUE_AGE,156.57,156.57,,,,,800-531-8722,https://www.usaa.com/inet/wc/insurance-health-medicare,"9800 Fredericksburg Rd. San Antonio, TX 78288"
GA,30901,N,FEMALE,HealthSpring National Health Insurance Company (Standard II),ISSUE_AGE,167,167,133.6,133.6,156.98,156.98,877-607-6002,https://www.cigna.com/medicare/shop-plans/supplemental/,"PO Box 5700, Scranton PA 18505-5700"
GA,30901,N,FEMALE,AARP - UnitedHealthcare Insurance Company (Standard),ISSUE_AGE,167.75,167.75,150.78,150.78,,,888-378-0849,https://www.aarpmedicaresupplement.com/,PO Box 9003; Huntingdon Valley PA 19006
GA,30901,N,FEMALE,Bankers Life (Underwritten by Washington National Insurance Company) (Substandard),ISSUE_AGE,168.41,168.41,,,,,800-446-5018,https://www.bankerslife.com/medicare-supplement-insurance/?src=medicaregov&medium=listing,"11299 Illinois Street, Suite 200, Carmel, IN 46032"
GA,30901,N,FEMALE,Physicians Life Insurance Company,ISSUE_AGE,169.21,169.21,,,150.41,150.41,800-325-6300,https://www.physiciansmutual.com/cs/products/medsup/medsup.html,"2600 Dodge Street, Omaha, Nebraska 68131"
GA,30901,N,FEMALE,Anthem Blue Cross and Blue Shield - Georgia,ISSUE_AGE,193,193,173.5,173.5,,,888-211-9817,https://www.anthem.com/medicare/,"220 VIRGINIA AVENUE INDIANAPOLIS, IN  46204-3709"
GA,30901,N,FEMALE,GPM Health and Life Insurance Company,ISSUE_AGE,199.61,199.61,,,185.64,185.64,866-242-7573,https://www.gpmhealthandlife.com/wps/portal/home/products/medicare-supplement,"2211 N.E. Loop 410 San Antonio, TX 78217-4630"
GA,30901,N,FEMALE,Guarantee Trust Life Insurance Company,ISSUE_AGE,218.37,218.37,,,203.08,203.08,800-338-7452,https://www.gtlic.com/,"1275 Milwaukee Avenue Glenview, IL 60025"
GA,30901,N,FEMALE,United American Insurance Company,ISSUE_AGE,249,249,,,,,800-331-2512,https://www2.unitedamerican.com/,"3700 S Stonebridge Dr, McKinney, TX 75070"
GA,30901,N,FEMALE,AARP - UnitedHealthcare Insurance Company (Level 2),ISSUE_AGE,284.87,284.87,256.18,256.18,,,888-378-0849,https://www.aarpmedicaresupplement.com/,PO Box 9003; Huntingdon Valley PA 19006
GA,31061,G,MALE,Atlantic Capital Life Assurance Company (Preferred),ISSUE_AGE,150.82,150.82,,,140.26,140.26,866-458-1430,https://bankersfidelity.com/,"4370 Peachtree Road, NE Atlanta, GA  30319"
GA,31061,G,MALE,USAA Life Insurance Company,ISSUE_AGE,181.39,181.39,,,,,800-531-8722,https://www.usaa.com/inet/wc/insurance-health-medicare,"9800 Fredericksburg Rd. San Antonio, TX 78288"
GA,31061,G,MALE,LifeShield National Insurance Company,ISSUE_AGE,183.45,183.45,,,170.61,170.61,800-851-5041,https://www.lifeshieldnational.com/,"5500 N Western Avenue, Suite 200, Oklahoma City, OK 73118"
GA,31061,G,MALE,Atlantic Capital Life Assurance Company (Standard),ISSUE_AGE,188.06,188.06,,,174.9,174.9,866-458-1430,https://bankersfidelity.com/,"4370 Peachtree Road, NE Atlanta, GA  30319"
GA,31061,G,MALE,WoodmenLife,ISSUE_AGE,188.29,188.29,,,169.46,169.46,1-866-236-0029,https://www.woodmenlife.org/insurance/medicare-supplement-insurance/,"1700 Farnam Street, Omaha, NE 68102"
GA,31061,G,MALE,Bankers Life (Underwritten by Washington National Insurance Company),ISSUE_AGE,194.41,194.41,,,,,800-446-5018,https://www.bankerslife.com/medicare-supplement-insurance/?src=medicaregov&medium=listing,"11299 Illinois Street, Suite 200, Carmel, IN 46032"
GA,31061,G,MALE,HealthSpring National Health Insurance Company,ISSUE_AGE,197.46,197.46,157.97,157.97,185.62,185.62,877-607-6002,https://www.cigna.com/medicare/shop-plans/supplemental/,"PO Box 5700, Scranton PA 18505-5700"
GA,31061,G,MALE,Lumos Insurance,ISSUE_AGE,198.63,198.63,,,184.73,184.73,800-752-8328,https://www.lumosinsurance.com/life-health,"2701 North Main Street, Crossville, TN 38555"
GA,31061,G,MALE,Insurance Company of North America,ISSUE_AGE,199.92,199.92,,,185.93,185.93,215-640-1000,https://www.chubb.com/microsites/ace-medicare-supplement.html,436 Walnut Street
GA,31061,G,MALE,American Benefit Life Insurance Company,ISSUE_AGE,200.72,200.72,,,180.65,180.65,833-504-0331,https://lbig.com/,"1605 LBJ Freeway, Suite 700 Dallas, Texas 75234"
GA,31061,G,MALE,Humana (Emphesys Insurance Company),ISSUE_AGE,201.92,210.33,,,177.45,184.85,877-426-1269,https://www.humana.com/medicare/medicare-supplement-plans?kc=0321046030,"P.O. Box 14611 Lexington, KY 40512-4613"
GA,31061,G,MALE,Anthem Blue Cross and Blue Shield - Georgia,ISSUE_AGE,203,203,182.5,182.5,,,888-211-9817,https://www.anthem.com/medicare/,"220 VIRGINIA AVENUE INDIANAPOLIS, IN  46204-3709"
GA,31061,G,MALE,AFLAC,ISSUE_AGE,205.29,205.29,,,184.76,184.76,866-990-2668,https://www.aflac.com/individuals,"Aflac Tier One, PO Box 14863, Lexington, KY 40512-4863"
GA,31061,G,MALE,State Farm Mutual Automobile Insurance Company,ISSUE_AGE,219.47,219.47,,,,,800-782-8332,https://www.statefarm.com/insurance/health/medicare-supplemental,"One State Farm Plaza, Bloomington, IL 61710"
GA,31061,G,MALE,Medico Insurance Company (Preferred),ISSUE_AGE,221.23,221.23,,,194.68,194.68,800-228-6080,https://www.gomedico.com/,"P.O. Box 10386 Des Moines, IA 50306-0386"
GA,31061,G,MALE,Physicians Life Insurance Company,ISSUE_AGE,225.99,225.99,,,200.88,200.88,800-325-6300,https://www.physiciansmutual.com/cs/products/medsup/medsup.html,"2600 Dodge Street, Omaha, Nebraska 68131"
GA,31061,G,MALE,"Continental Life Insurance Company of Brentwood, Tennessee (Aetna)",ISSUE_AGE,228.99,228.99,212.96,212.96,212.96,212.96,800-358-8749 ,https://www.aetnamedicare.com/,"PO Box 14088 Lexington, KY 40515"
GA,31061,G,MALE,AARP - UnitedHealthcare Insurance Company (Standard),ISSUE_AGE,231.75,231.75,208.38,208.38,,,888-378-0849,https://www.aarpmedicaresupplement.com/,PO Box 9003; Huntingdon Valley PA 19006
GA,31061,G,MALE,Bankers Life (Underwritten by Washington National Insurance Company) (Substandard),ISSUE_AGE,239.75,239.75,,,,,800-446-5018,https://www.bankerslife.com/medicare-supplement-insurance/?src=medicaregov&medium=listing,"11299 Illinois Street, Suite 200, Carmel, IN 46032"
GA,31061,G,MALE,Medico Insurance Company (Standard I),ISSUE_AGE,243.35,243.35,,,214.15,214.15,800-228-6080,https://www.gomedico.com/,"P.O. Box 10386 Des Moines, IA 50306-0386"
GA,31061,G,MALE,Mutual of Omaha (Omaha Supplemental Insurance Company),ISSUE_AGE,268.77,268.77,,,,,855-977-6312,https://www.mutualofomaha.com/medicaregov/,"3300 Mutual of Omaha Plaza, Omaha, NE 68175"
GA,31061,G,MALE,Medico Insurance Company (Standard II),ISSUE_AGE,276.53,276.53,,,243.35,243.35,800-228-6080,https://www.gomedico.com/,"P.O. Box 10386 Des Moines, IA 50306-0386"
GA,31061,G,MALE,GPM Health and Life Insurance Company,ISSUE_AGE,286.63,286.63,,,266.57,266.57,866-242-7573,https://www.gpmhealthandlife.com/wps/portal/home/products/medicare-supplement,"2211 N.E. Loop 410 San Antonio, TX 78217-4630"
GA,31061,G,MALE,HealthSpring National Health Insurance Company (Standard II),ISSUE_AGE,296.2,296.2,236.96,236.96,278.42,278.42,877-607-6002,https://www.cigna.com/medicare/shop-plans/supplemental/,"PO Box 5700, Scranton PA 18505-5700"
GA,31061,G,MALE,Guarantee Trust Life Insurance Company,ISSUE_AGE,309.73,309.73,,,288.05,288.05,800-338-7452,https://www.gtlic.com/,"1275 Milwaukee Avenue Glenview, IL 60025"
GA,31061,G,MALE,United American Insurance Company,ISSUE_AGE,382,382,,,,,800-331-2512,https://www2.unitedamerican.com/,"3700 S Stonebridge Dr, McKinney, TX 75070"
GA,31061,G,MALE,AARP - UnitedHealthcare Insurance Company (Level 2),ISSUE_AGE,549.65,549.65,494.49,494.49,,,888-378-0849,https://www.aarpmedicaresupplement.com/,PO Box 9003; Huntingdon Valley PA 19006
GA,31061,G,FEMALE,Atlantic Capital Life Assurance Company (Preferred),ISSUE_AGE,131.47,131.47,,,122.27,122.27,866-458-1430,https://bankersfidelity.com/,"4370 Peachtree Road, NE Atlanta, GA  30319"
GA,31061,G,FEMALE,LifeShield National Insurance Company,ISSUE_AGE,159.52,159.52,,,148.35,148.35,800-851-5041,https://www.lifeshieldnational.com/,"5500 N Western Avenue, Suite 200, Oklahoma City, OK 73118"
GA,31061,G,FEMALE,WoodmenLife,ISSUE_AGE,163.73,163.73,,,147.36,147.36,1-866-236-0029,https://www.woodmenlife.org/insurance/medicare-supplement-insurance/,"1700 Farnam Street, Omaha, NE 68102"
GA,31061,G,FEMALE,Atlantic Capital Life Assurance Company (Standard),ISSUE_AGE,163.86,163.86,,,152.39,152.39,866-458-1430,https://bankersfidelity.com/,"4370 Peachtree Road, NE Atlanta, GA  30319"
GA,31061,G,FEMALE,HealthSpring National Health Insurance Company,ISSUE_AGE,171.71,171.71,137.37,137.37,161.41,161.41,877-607-6002,https://www.cigna.com/medicare/shop-plans/supplemental/,"PO Box 5700, Scranton PA 18505-5700"
GA,31061,G,FEMALE,American Benefit Life Insurance Company,ISSUE_AGE,174.54,174.54,,,157.09,157.09,833-504-0331,https://lbig.com/,"1605 LBJ Freeway, Suite 700 Dallas, Texas 75234"
GA,31061,G,FEMALE,Bankers Life (Underwritten by Washington National Insurance Company),ISSUE_AGE,175.07,175.07,,,,,800-446-5018,https://www.bankerslife.com/medicare-supplement-insurance/?src=medicaregov&medium=listing,"11299 Illinois Street, Suite 200, Carmel, IN 46032"
GA,31061,G,FEMALE,Insurance Company of North America,ISSUE_AGE,176.92,176.92,,,164.54,164.54,215-640-1000,https://www.chubb.com/microsites/ace-medicare-supplement.html,436 Walnut Street
GA,31061,G,FEMALE,Humana (Emphesys Insurance Company),ISSUE_AGE,178.68,186.13,,,157,163.55,877-426-1269,https://www.humana.com/medicare/medicare-supplement-plans?kc=0321046030,"P.O. Box 14611 Lexington, KY 40512-4613"
GA,31061,G,FEMALE,AFLAC,ISSUE_AGE,179.22,179.22,,,161.3,161.3,866-990-2668,https://www.aflac.com/individuals,"Aflac Tier One, PO Box 14863, Lexington, KY 40512-4863"
GA,31061,G,FEMALE,Lumos Insurance,ISSUE_AGE,180.58,180.58,,,167.94,167.94,800-752-8328,https://www.lumosinsurance.com/life-health,"2701 North Main Street, Crossville, TN 38555"
GA,31061,G,FEMALE,USAA Life Insurance Company,ISSUE_AGE,181.39,181.39,,,,,800-531-8722,https://www.usaa.com/inet/wc/insurance-health-medicare,"9800 Fredericksburg Rd. San Antonio, TX 78288"
GA,31061,G,FEMALE,Anthem Blue Cross and Blue Shield - Georgia,ISSUE_AGE,182,182,163.6,163.6,,,888-211-9817,https://www.anthem.com/medicare/,"220 VIRGINIA AVENUE INDIANAPOLIS, IN  46204-3709"
GA,31061,G,FEMALE,Medico Insurance Company (Preferred),ISSUE_AGE,192.37,192.37,,,169.29,169.29,800-228-6080,https://www.gomedico.com/,"P.O. Box 10386 Des Moines, IA 50306-0386"
GA,31061,G,FEMALE,State Farm Mutual Automobile Insurance Company,ISSUE_AGE,198.73,198.73,,,,,800-782-8332,https://www.statefarm.com/insurance/health/medicare-supplemental,"One State Farm Plaza, Bloomington, IL 61710"
GA,31061,G,FEMALE,"Continental Life Insurance Company of Brentwood, Tennessee (Aetna)",ISSUE_AGE,199.09,199.09,185.15,185.15,,,800-358-8749 ,https://www.aetnamedicare.com/,"PO Box 14088 Lexington, KY 40515"
GA,31061,G,FEMALE,Physicians Life Insurance Company,ISSUE_AGE,204.49,204.49,,,181.77,181.77,800-325-6300,https://www.physiciansmutual.com/cs/products/medsup/medsup.html,"2600 Dodge Street, Omaha, Nebraska 68131"
GA,31061,G,FEMALE,AARP - UnitedHealthcare Insurance Company (Standard),ISSUE_AGE,205.25,205.25,184.53,184.53,,,888-378-0849,https://www.aarpmedicaresupplement.com/,PO Box 9003; Huntingdon Valley PA 19006
GA,31061,G,FEMALE,Medico Insurance Company (Standard I),ISSUE_AGE,211.61,211.61,,,186.22,186.22,800-228-6080,https://www.gomedico.com/,"P.O. Box 10386 Des Moines, IA 50306-0386"
GA,31061,G,FEMALE,Bankers Life (Underwritten by Washington National Insurance Company) (Substandard),ISSUE_AGE,215.89,215.89,,,,,800-446-5018,https://www.bankerslife.com/medicare-supplement-insurance/?src=medicaregov&medium=listing,"11299 Illinois Street, Suite 200, Carmel, IN 46032"
GA,31061,G,FEMALE,Mutual of Omaha (Omaha Supplemental Insurance Company),ISSUE_AGE,233.71,233.71,,,,,855-977-6312,https://www.mutualofomaha.com/medicaregov/,"3300 Mutual of Omaha Plaza, Omaha, NE 68175"
GA,31061,G,FEMALE,Medico Insurance Company (Standard II),ISSUE_AGE,240.47,240.47,,,211.61,211.61,800-228-6080,https://www.gomedico.com/,"P.O. Box 10386 Des Moines, IA 50306-0386"
GA,31061,G,FEMALE,GPM Health and Life Insurance Company,ISSUE_AGE,249.23,249.23,,,231.78,231.78,866-242-7573,https://www.gpmhealthandlife.com/wps/portal/home/products/medicare-supplement,"2211 N.E. Loop 410 San Antonio, TX 78217-4630"
GA,31061,G,FEMALE,HealthSpring National Health Insurance Company (Standard II),ISSUE_AGE,257.56,257.56,206.05,206.05,242.11,242.11,877-607-6002,https://www.cigna.com/medicare/shop-plans/supplemental/,"PO Box 5700, Scranton PA 18505-5700"
GA,31061,G,FEMALE,Guarantee Trust Life Insurance Company,ISSUE_AGE,276.54,276.54,,,257.18,257.18,800-338-7452,https://www.gtlic.com/,"1275 Milwaukee Avenue Glenview, IL 60025"
GA,31061,G,FEMALE,United American Insurance Company,ISSUE_AGE,332,332,,,,,800-331-2512,https://www2.unitedamerican.com/,"3700 S Stonebridge Dr, McKinney, TX 75070"
GA,31061,G,FEMALE,AARP - UnitedHealthcare Insurance Company (Level 2),ISSUE_AGE,487.11,487.11,438.2,438.2,,,888-378-0849,https://www.aarpmedicaresupplement.com/,PO Box 9003; Huntingdon Valley PA 19006
GA,31061,N,MALE,New Era Life Insurance Company,ISSUE_AGE,111.23,111.23,,,,,877-417-7555,http://www.neweralife.com/,"P.O. Box 4884, Houston, TX 77210-4884"
GA,31061,N,MALE,Atlantic Capital Life Assurance Company (Preferred),ISSUE_AGE,113.4,113.4,,,105.46,105.46,866-458-1430,https://bankersfidelity.com/,"4370 Peachtree Road, NE Atlanta, GA  30319"
GA,31061,N,MALE,HealthSpring National Health Insurance Company,ISSUE_AGE,128.03,128.03,102.43,102.43,120.35,120.35,877-607-6002,https://www.cigna.com/medicare/shop-plans/supplemental/,"PO Box 5700, Scranton PA 18505-5700"
GA,31061,N,MALE,Insurance Company of North America,ISSUE_AGE,130.33,130.33,,,121.21,121.21,215-640-1000,https://www.chubb.com/microsites/ace-medicare-supplement.html,436 Walnut Street
GA,31061,N,MALE,Lumos Insurance,ISSUE_AGE,130.7,130.7,,,121.55,121.55,800-752-8328,https://www.lumosinsurance.com/life-health,"2701 North Main Street, Crossville, TN 38555"
GA,31061,N,MALE,WoodmenLife,ISSUE_AGE,132.4,132.4,,,119.16,119.16,1-866-236-0029,https://www.woodmenlife.org/insurance/medicare-supplement-insurance/,"1700 Farnam Street, Omaha, NE 68102"
GA,31061,N,MALE,LifeShield National Insurance Company,ISSUE_AGE,135.24,135.24,,,125.77,125.77,800-851-5041,https://www.lifeshieldnational.com/,"5500 N Western Avenue, Suite 200, Oklahoma City, OK 73118"
GA,31061,N,MALE,AFLAC,ISSUE_AGE,137.7,137.7,,,123.93,123.93,866-990-2668,https://www.aflac.com/individuals,"Aflac Tier One, PO Box 14863, Lexington, KY 40512-4863"
GA,31061,N,MALE,Atlantic Capital Life Assurance Company (Standard),ISSUE_AGE,141.3,141.3,,,131.41,131.41,866-458-1430,https://bankersfidelity.com/,"4370 Peachtree Road, NE Atlanta, GA  30319"
GA,31061,N,MALE,"Continental Life Insurance Company of Brentwood, Tennessee (Aetna)",ISSUE_AGE,149.69,149.69,139.21,139.21,139.21,139.21,800-358-8749 ,https://www.aetnamedicare.com/,"PO Box 14088 Lexington, KY 40515"
GA,31061,N,MALE,American Benefit Life Insurance Company,ISSUE_AGE,151.46,151.46,,,136.31,136.31,833-504-0331,https://lbig.com/,"1605 LBJ Freeway, Suite 700 Dallas, Texas 75234"
GA,31061,N,MALE,Bankers Life (Underwritten by Washington National Insurance Company),ISSUE_AGE,151.65,151.65,,,,,800-446-5018,https://www.bankerslife.com/medicare-supplement-insurance/?src=medicaregov&medium=listing,"11299 Illinois Street, Suite 200, Carmel, IN 46032"
GA,31061,N,MALE,Humana (Emphesys Insurance Company),ISSUE_AGE,152.74,159.1,,,134.17,139.77,877-426-1269,https://www.humana.com/medicare/medicare-supplement-plans?kc=0321046030,"P.O. Box 14611 Lexington, KY 40512-4613"
GA,31061,N,MALE,USAA Life Insurance Company,ISSUE_AGE,156.57,156.57,,,,,800-531-8722,https://www.usaa.com/inet/wc/insurance-health-medicare,"9800 Fredericksburg Rd. San Antonio, TX 78288"
GA,31061,N,MALE,Medico Insurance Company (Preferred),ISSUE_AGE,161,161,,,141.68,141.68,800-228-6080,https://www.gomedico.com/,"P.O. Box 10386 Des Moines, IA 50306-0386"
GA,31061,N,MALE,State Farm Mutual Automobile Insurance Company,ISSUE_AGE,169.75,169.75,,,,,800-782-8332,https://www.statefarm.com/insurance/health/medicare-supplemental,"One State Farm Plaza, Bloomington, IL 61710"
GA,31061,N,MALE,Medico Insurance Company (Standard I),ISSUE_AGE,177.1,177.1,,,155.85,155.85,800-228-6080,https://www.gomedico.com/,"P.O. Box 10386 Des Moines, IA 50306-0386"
GA,31061,N,MALE,Mutual of Omaha (Omaha Supplemental Insurance Company),ISSUE_AGE,177.33,177.33,,,,,855-977-6312,https://www.mutualofomaha.com/medicaregov/,"3300 Mutual of Omaha Plaza, Omaha, NE 68175"
GA,31061,N,MALE,Bankers Life (Underwritten by Washington National Insurance Company) (Substandard),ISSUE_AGE,186.99,186.99,,,,,800-446-5018,https://www.bankerslife.com/medicare-supplement-insurance/?src=medicaregov&medium=listing,"11299 Illinois Street, Suite 200, Carmel, IN 46032"
GA,31061,N,MALE,Physicians Life Insurance Company,ISSUE_AGE,187.04,187.04,,,166.26,166.26,800-325-6300,https://www.physiciansmutual.com/cs/products/medsup/medsup.html,"2600 Dodge Street, Omaha, Nebraska 68131"
GA,31061,N,MALE,HealthSpring National Health Insurance Company (Standard II),ISSUE_AGE,192.05,192.05,153.64,153.64,180.53,180.53,877-607-6002,https://www.cigna.com/medicare/shop-plans/supplemental/,"PO Box 5700, Scranton PA 18505-5700"
GA,31061,N,MALE,Medico Insurance Company (Standard II),ISSUE_AGE,201.25,201.25,,,177.1,177.1,800-228-6080,https://www.gomedico.com/,"P.O. Box 10386 Des Moines, IA 50306-0386"
GA,31061,N,MALE,AARP - UnitedHealthcare Insurance Company (Standard),ISSUE_AGE,206,206,185.2,185.2,,,888-378-0849,https://www.aarpmedicaresupplement.com/,PO Box 9003; Huntingdon Valley PA 19006
GA,31061,N,MALE,Anthem Blue Cross and Blue Shield - Georgia,ISSUE_AGE,213,213,191.5,191.5,,,888-211-9817,https://www.anthem.com/medicare/,"220 VIRGINIA AVENUE INDIANAPOLIS, IN  46204-3709"
GA,31061,N,MALE,GPM Health and Life Insurance Company,ISSUE_AGE,229.52,229.52,,,213.45,213.45,866-242-7573,https://www.gpmhealthandlife.com/wps/portal/home/products/medicare-supplement,"2211 N.E. Loop 410 San Antonio, TX 78217-4630"
GA,31061,N,MALE,Guarantee Trust Life Insurance Company,ISSUE_AGE,244.58,244.58,,,227.46,227.46,800-338-7452,https://www.gtlic.com/,"1275 Milwaukee Avenue Glenview, IL 60025"
GA,31061,N,MALE,United American Insurance Company,ISSUE_AGE,286,286,,,,,800-331-2512,https://www2.unitedamerican.com/,"3700 S Stonebridge Dr, McKinney, TX 75070"
GA,31061,N,MALE,AARP - UnitedHealthcare Insurance Company (Level 2),ISSUE_AGE,349.52,349.52,314.37,314.37,,,888-378-0849,https://www.aarpmedicaresupplement.com/,PO Box 9003; Huntingdon Valley PA 19006
GA,31061,N,FEMALE,New Era Life Insurance Company,ISSUE_AGE,98.42,98.42,,,,,877-417-7555,http://www.neweralife.com/,"P.O. Box 4884, Houston, TX 77210-4884"
GA,31061,N,FEMALE,Atlantic Capital Life Assurance Company (Preferred),ISSUE_AGE,98.89,98.89,,,91.97,91.97,866-458-1430,https://bankersfidelity.com/,"4370 Peachtree Road, NE Atlanta, GA  30319"
GA,31061,N,FEMALE,HealthSpring National Health Insurance Company,ISSUE_AGE,111.33,111.33,89.07,89.07,104.65,104.65,877-607-6002,https://www.cigna.com/medicare/shop-plans/supplemental/,"PO Box 5700, Scranton PA 18505-5700"
GA,31061,N,FEMALE,WoodmenLife,ISSUE_AGE,115.12,115.12,,,103.61,103.61,1-866-236-0029,https://www.woodmenlife.org/insurance/medicare-supplement-insurance/,"1700 Farnam Street, Omaha, NE 68102"
GA,31061,N,FEMALE,Insurance Company of North America,ISSUE_AGE,115.33,115.33,,,107.26,107.26,215-640-1000,https://www.chubb.com/microsites/ace-medicare-supplement.html,436 Walnut Street
GA,31061,N,FEMALE,LifeShield National Insurance Company,ISSUE_AGE,117.6,117.6,,,109.37,109.37,800-851-5041,https://www.lifeshieldnational.com/,"5500 N Western Avenue, Suite 200, Oklahoma City, OK 73118"
GA,31061,N,FEMALE,Lumos Insurance,ISSUE_AGE,118.83,118.83,,,110.51,110.51,800-752-8328,https://www.lumosinsurance.com/life-health,"2701 North Main Street, Crossville, TN 38555"
GA,31061,N,FEMALE,AFLAC,ISSUE_AGE,120.21,120.21,,,108.19,108.19,866-990-2668,https://www.aflac.com/individuals,"Aflac Tier One, PO Box 14863, Lexington, KY 40512-4863"
GA,31061,N,FEMALE,Atlantic Capital Life Assurance Company (Standard),ISSUE_AGE,123.17,123.17,,,114.55,114.55,866-458-1430,https://bankersfidelity.com/,"4370 Peachtree Road, NE Atlanta, GA  30319"
GA,31061,N,FEMALE,"Continental Life Insurance Company of Brentwood, Tennessee (Aetna)",ISSUE_AGE,130.2,130.2,121.09,121.09,,,800-358-8749 ,https://www.aetnamedicare.com/,"PO Box 14088 Lexington, KY 40515"
GA,31061,N,FEMALE,American Benefit Life Insurance Company,ISSUE_AGE,131.71,131.71,,,118.54,118.54,833-504-0331,https://lbig.com/,"1605 LBJ Freeway, Suite 700 Dallas, Texas 75234"
GA,31061,N,FEMALE,Humana (Emphesys Insurance Company),ISSUE_AGE,135.17,140.8,,,118.71,123.66,877-426-1269,https://www.humana.com/medicare/medicare-supplement-plans?kc=0321046030,"P.O. Box 14611 Lexington, KY 40512-4613"
GA,31061,N,FEMALE,Bankers Life (Underwritten by Washington National Insurance Company),ISSUE_AGE,136.6,136.6,,,,,800-446-5018,https://www.bankerslife.com/medicare-supplement-insurance/?src=medicaregov&medium=listing,"11299 Illinois Street, Suite 200, Carmel, IN 46032"
GA,31061,N,FEMALE,Medico Insurance Company (Preferred),ISSUE_AGE,140,140,,,123.2,123.2,800-228-6080,https://www.gomedico.com/,"P.O. Box 10386 Des Moines, IA 50306-0386"
GA,31061,N,FEMALE,State Farm Mutual Automobile Insurance Company,ISSUE_AGE,152.32,152.32,,,,,800-782-8332,https://www.statefarm.com/insurance/health/medicare-supplemental,"One State Farm Plaza, Bloomington, IL 61710"
GA,31061,N,FEMALE,Medico Insurance Company (Standard I),ISSUE_AGE,154,154,,,135.52,135.52,800-228-6080,https://www.gomedico.com/,"P.O. Box 10386 Des Moines, IA 50306-0386"
GA,31061,N,FEMALE,Mutual of Omaha (Omaha Supplemental Insurance Company),ISSUE_AGE,154.21,154.21,,,,,855-977-6312,https://www.mutualofomaha.com/medicaregov/,"3300 Mutual of Omaha Plaza, Omaha, NE 68175"
GA,31061,N,FEMALE,USAA Life Insurance Company,ISSUE_AGE,156.57,156.57,,,,,800-531-8722,https://www.usaa.com/inet/wc/insurance-health-medicare,"9800 Fredericksburg Rd. San Antonio, TX 78288"
GA,31061,N,FEMALE,HealthSpring National Health Insurance Company (Standard II),ISSUE_AGE,167,167,133.6,133.6,156.98,156.98,877-607-6002,https://www.cigna.com/medicare/shop-plans/supplemental/,"PO Box 5700, Scranton PA 18505-5700"
GA,31061,N,FEMALE,Bankers Life (Underwritten by Washington National Insurance Company) (Substandard),ISSUE_AGE,168.41,168.41,,,,,800-446-5018,https://www.bankerslife.com/medicare-supplement-insurance/?src=medicaregov&medium=listing,"11299 Illinois Street, Suite 200, Carmel, IN 46032"
GA,31061,N,FEMALE,Physicians Life Insurance Company,ISSUE_AGE,169.21,169.21,,,150.41,150.41,800-325-6300,https://www.physiciansmutual.com/cs/products/medsup/medsup.html,"2600 Dodge Street, Omaha, Nebraska 68131"
GA,31061,N,FEMALE,Medico Insurance Company (Standard II),ISSUE_AGE,175,175,,,154,154,800-228-6080,https://www.gomedico.com/,"P.O. Box 10386 Des Moines, IA 50306-0386"
GA,31061,N,FEMALE,AARP - UnitedHealthcare Insurance Company (Standard),ISSUE_AGE,182.75,182.75,164.28,164.28,,,888-378-0849,https://www.aarpmedicaresupplement.com/,PO Box 9003; Huntingdon Valley PA 19006
GA,31061,N,FEMALE,Anthem Blue Cross and Blue Shield - Georgia,ISSUE_AGE,193,193,173.5,173.5,,,888-211-9817,https://www.anthem.com/medicare/,"220 VIRGINIA AVENUE INDIANAPOLIS, IN  46204-3709"
GA,31061,N,FEMALE,GPM Health and Life Insurance Company,ISSUE_AGE,199.61,199.61,,,185.64,185.64,866-242-7573,https://www.gpmhealthandlife.com/wps/portal/home/products/medicare-supplement,"2211 N.E. Loop 410 San Antonio, TX 78217-4630"
GA,31061,N,FEMALE,Guarantee Trust Life Insurance Company,ISSUE_AGE,218.37,218.37,,,203.08,203.08,800-338-7452,https://www.gtlic.com/,"1275 Milwaukee Avenue Glenview, IL 60025"
GA,31061,N,FEMALE,United American Insurance Company,ISSUE_AGE,249,249,,,,,800-331-2512,https://www2.unitedamerican.com/,"3700 S Stonebridge Dr, McKinney, TX 75070"
GA,31061,N,FEMALE,AARP - UnitedHealthcare Insurance Company (Level 2),ISSUE_AGE,310.22,310.22,279,279,,,888-378-0849,https://www.aarpmedicaresupplement.com/,PO Box 9003; Huntingdon Valley PA 19006
GA,31201,G,MALE,Atlantic Capital Life Assurance Company (Preferred),ISSUE_AGE,150.82,150.82,,,140.26,140.26,866-458-1430,https://bankersfidelity.com/,"4370 Peachtree Road, NE Atlanta, GA  30319"
GA,31201,G,MALE,USAA Life Insurance Company,ISSUE_AGE,181.39,181.39,,,,,800-531-8722,https://www.usaa.com/inet/wc/insurance-health-medicare,"9800 Fredericksburg Rd. San Antonio, TX 78288"
GA,31201,G,MALE,LifeShield National Insurance Company,ISSUE_AGE,183.45,183.45,,,170.61,170.61,800-851-5041,https://www.lifeshieldnational.com/,"5500 N Western Avenue, Suite 200, Oklahoma City, OK 73118"
GA,31201,G,MALE,Atlantic Capital Life Assurance Company (Standard),ISSUE_AGE,188.06,188.06,,,174.9,174.9,866-458-1430,https://bankersfidelity.com/,"4370 Peachtree Road, NE Atlanta, GA  30319"
GA,31201,G,MALE,WoodmenLife,ISSUE_AGE,188.29,188.29,,,169.46,169.46,1-866-236-0029,https://www.woodmenlife.org/insurance/medicare-supplement-insurance/,"1700 Farnam Street, Omaha, NE 68102"
GA,31201,G,MALE,Medico Insurance Company (Preferred),ISSUE_AGE,190.45,190.45,,,167.6,167.6,800-228-6080,https://www.gomedico.com/,"P.O. Box 10386 Des Moines, IA 50306-0386"
GA,31201,G,MALE,Bankers Life (Underwritten by Washington National Insurance Company),ISSUE_AGE,194.41,194.41,,,,,800-446-5018,https://www.bankerslife.com/medicare-supplement-insurance/?src=medicaregov&medium=listing,"11299 Illinois Street, Suite 200, Carmel, IN 46032"
GA,31201,G,MALE,HealthSpring National Health Insurance Company,ISSUE_AGE,197.46,197.46,157.97,157.97,185.62,185.62,877-607-6002,https://www.cigna.com/medicare/shop-plans/supplemental/,"PO Box 5700, Scranton PA 18505-5700"
GA,31201,G,MALE,Lumos Insurance,ISSUE_AGE,198.63,198.63,,,184.73,184.73,800-752-8328,https://www.lumosinsurance.com/life-health,"2701 North Main Street, Crossville, TN 38555"
GA,31201,G,MALE,Insurance Company of North America,ISSUE_AGE,199.92,199.92,,,185.93,185.93,215-640-1000,https://www.chubb.com/microsites/ace-medicare-supplement.html,436 Walnut Street
GA,31201,G,MALE,American Benefit Life Insurance Company,ISSUE_AGE,200.72,200.72,,,180.65,180.65,833-504-0331,https://lbig.com/,"1605 LBJ Freeway, Suite 700 Dallas, Texas 75234"
GA,31201,G,MALE,Anthem Blue Cross and Blue Shield - Georgia,ISSUE_AGE,203,203,182.5,182.5,,,888-211-9817,https://www.anthem.com/medicare/,"220 VIRGINIA AVENUE INDIANAPOLIS, IN  46204-3709"
GA,31201,G,MALE,AFLAC,ISSUE_AGE,205.29,205.29,,,184.76,184.76,866-990-2668,https://www.aflac.com/individuals,"Aflac Tier One, PO Box 14863, Lexington, KY 40512-4863"
GA,31201,G,MALE,Medico Insurance Company (Standard I),ISSUE_AGE,209.49,209.49,,,184.35,184.35,800-228-6080,https://www.gomedico.com/,"P.O. Box 10386 Des Moines, IA 50306-0386"
GA,31201,G,MALE,Humana (Emphesys Insurance Company),ISSUE_AGE,210.33,210.33,,,184.85,184.85,877-426-1269,https://www.humana.com/medicare/medicare-supplement-plans?kc=0321046030,"P.O. Box 14611 Lexington, KY 40512-4613"
GA,31201,G,MALE,State Farm Mutual Automobile Insurance Company,ISSUE_AGE,219.47,219.47,,,,,800-782-8332,https://www.statefarm.com/insurance/health/medicare-supplemental,"One State Farm Plaza, Bloomington, IL 61710"
GA,31201,G,MALE,Physicians Life Insurance Company,ISSUE_AGE,225.99,225.99,,,200.88,200.88,800-325-6300,https://www.physiciansmutual.com/cs/products/medsup/medsup.html,"2600 Dodge Street, Omaha, Nebraska 68131"
GA,31201,G,MALE,"Continental Life Insurance Company of Brentwood, Tennessee (Aetna)",ISSUE_AGE,228.99,228.99,212.96,212.96,212.96,212.96,800-358-8749 ,https://www.aetnamedicare.com/,"PO Box 14088 Lexington, KY 40515"
GA,31201,G,MALE,AARP - UnitedHealthcare Insurance Company (Standard),ISSUE_AGE,231.75,231.75,208.38,208.38,,,888-378-0849,https://www.aarpmedicaresupplement.com/,PO Box 9003; Huntingdon Valley PA 19006
GA,31201,G,MALE,Medico Insurance Company (Standard II),ISSUE_AGE,238.06,238.06,,,209.49,209.49,800-228-6080,https://www.gomedico.com/,"P.O. Box 10386 Des Moines, IA 50306-0386"
GA,31201,G,MALE,Bankers Life (Underwritten by Washington National Insurance Company) (Substandard),ISSUE_AGE,239.75,239.75,,,,,800-446-5018,https://www.bankerslife.com/medicare-supplement-insurance/?src=medicaregov&medium=listing,"11299 Illinois Street, Suite 200, Carmel, IN 46032"
GA,31201,G,MALE,Mutual of Omaha (Omaha Supplemental Insurance Company),ISSUE_AGE,268.77,268.77,,,,,855-977-6312,https://www.mutualofomaha.com/medicaregov/,"3300 Mutual of Omaha Plaza, Omaha, NE 68175"
GA,31201,G,MALE,GPM Health and Life Insurance Company,ISSUE_AGE,286.63,286.63,,,266.57,266.57,866-242-7573,https://www.gpmhealthandlife.com/wps/portal/home/products/medicare-supplement,"2211 N.E. Loop 410 San Antonio, TX 78217-4630"
GA,31201,G,MALE,HealthSpring National Health Insurance Company (Standard II),ISSUE_AGE,296.2,296.2,236.96,236.96,278.42,278.42,877-607-6002,https://www.cigna.com/medicare/shop-plans/supplemental/,"PO Box 5700, Scranton PA 18505-5700"
GA,31201,G,MALE,Guarantee Trust Life Insurance Company,ISSUE_AGE,309.73,309.73,,,288.05,288.05,800-338-7452,https://www.gtlic.com/,"1275 Milwaukee Avenue Glenview, IL 60025"
GA,31201,G,MALE,United American Insurance Company,ISSUE_AGE,382,382,,,,,800-331-2512,https://www2.unitedamerican.com/,"3700 S Stonebridge Dr, McKinney, TX 75070"
GA,31201,G,MALE,AARP - UnitedHealthcare Insurance Company (Level 2),ISSUE_AGE,549.65,549.65,494.49,494.49,,,888-378-0849,https://www.aarpmedicaresupplement.com/,PO Box 9003; Huntingdon Valley PA 19006
GA,31201,G,FEMALE,Atlantic Capital Life Assurance Company (Preferred),ISSUE_AGE,131.47,131.47,,,122.27,122.27,866-458-1430,https://bankersfidelity.com/,"4370 Peachtree Road, NE Atlanta, GA  30319"
GA,31201,G,FEMALE,LifeShield National Insurance Company,ISSUE_AGE,159.52,159.52,,,148.35,148.35,800-851-5041,https://www.lifeshieldnational.com/,"5500 N Western Avenue, Suite 200, Oklahoma City, OK 73118"
GA,31201,G,FEMALE,WoodmenLife,ISSUE_AGE,163.73,163.73,,,147.36,147.36,1-866-236-0029,https://www.woodmenlife.org/insurance/medicare-supplement-insurance/,"1700 Farnam Street, Omaha, NE 68102"
GA,31201,G,FEMALE,Atlantic Capital Life Assurance Company (Standard),ISSUE_AGE,163.86,163.86,,,152.39,152.39,866-458-1430,https://bankersfidelity.com/,"4370 Peachtree Road, NE Atlanta, GA  30319"
GA,31201,G,FEMALE,Medico Insurance Company (Preferred),ISSUE_AGE,165.61,165.61,,,145.74,145.74,800-228-6080,https://www.gomedico.com/,"P.O. Box 10386 Des Moines, IA 50306-0386"
GA,31201,G,FEMALE,HealthSpring National Health Insurance Company,ISSUE_AGE,171.71,171.71,137.37,137.37,161.41,161.41,877-607-6002,https://www.cigna.com/medicare/shop-plans/supplemental/,"PO Box 5700, Scranton PA 18505-5700"
GA,31201,G,FEMALE,American Benefit Life Insurance Company,ISSUE_AGE,174.54,174.54,,,157.09,157.09,833-504-0331,https://lbig.com/,"1605 LBJ Freeway, Suite 700 Dallas, Texas 75234"
GA,31201,G,FEMALE,Bankers Life (Underwritten by Washington National Insurance Company),ISSUE_AGE,175.07,175.07,,,,,800-446-5018,https://www.bankerslife.com/medicare-supplement-insurance/?src=medicaregov&medium=listing,"11299 Illinois Street, Suite 200, Carmel, IN 46032"
GA,31201,G,FEMALE,Insurance Company of North America,ISSUE_AGE,176.92,176.92,,,164.54,164.54,215-640-1000,https://www.chubb.com/microsites/ace-medicare-supplement.html,436 Walnut Street
GA,31201,G,FEMALE,AFLAC,ISSUE_AGE,179.22,179.22,,,161.3,161.3,866-990-2668,https://www.aflac.com/individuals,"Aflac Tier One, PO Box 14863, Lexington, KY 40512-4863"
GA,31201,G,FEMALE,Lumos Insurance,ISSUE_AGE,180.58,180.58,,,167.94,167.94,800-752-8328,https://www.lumosinsurance.com/life-health,"2701 North Main Street, Crossville, TN 38555"
GA,31201,G,FEMALE,USAA Life Insurance Company,ISSUE_AGE,181.39,181.39,,,,,800-531-8722,https://www.usaa.com/inet/wc/insurance-health-medicare,"9800 Fredericksburg Rd. San Antonio, TX 78288"
GA,31201,G,FEMALE,Anthem Blue Cross and Blue Shield - Georgia,ISSUE_AGE,182,182,163.6,163.6,,,888-211-9817,https://www.anthem.com/medicare/,"220 VIRGINIA AVENUE INDIANAPOLIS, IN  46204-3709"
GA,31201,G,FEMALE,Medico Insurance Company (Standard I),ISSUE_AGE,182.17,182.17,,,160.31,160.31,800-228-6080,https://www.gomedico.com/,"P.O. Box 10386 Des Moines, IA 50306-0386"
GA,31201,G,FEMALE,Humana (Emphesys Insurance Company),ISSUE_AGE,186.13,186.13,,,163.55,163.55,877-426-1269,https://www.humana.com/medicare/medicare-supplement-plans?kc=0321046030,"P.O. Box 14611 Lexington, KY 40512-4613"
GA,31201,G,FEMALE,State Farm Mutual Automobile Insurance Company,ISSUE_AGE,198.73,198.73,,,,,800-782-8332,https://www.statefarm.com/insurance/health/medicare-supplemental,"One State Farm Plaza, Bloomington, IL 61710"
GA,31201,G,FEMALE,"Continental Life Insurance Company of Brentwood, Tennessee (Aetna)",ISSUE_AGE,199.09,199.09,185.15,185.15,,,800-358-8749 ,https://www.aetnamedicare.com/,"PO Box 14088 Lexington, KY 40515"
GA,31201,G,FEMALE,Physicians Life Insurance Company,ISSUE_AGE,204.49,204.49,,,181.77,181.77,800-325-6300,https://www.physiciansmutual.com/cs/products/medsup/medsup.html,"2600 Dodge Street, Omaha, Nebraska 68131"
GA,31201,G,FEMALE,AARP - UnitedHealthcare Insurance Company (Standard),ISSUE_AGE,205.25,205.25,184.53,184.53,,,888-378-0849,https://www.aarpmedicaresupplement.com/,PO Box 9003; Huntingdon Valley PA 19006
GA,31201,G,FEMALE,Medico Insurance Company (Standard II),ISSUE_AGE,207.01,207.01,,,182.17,182.17,800-228-6080,https://www.gomedico.com/,"P.O. Box 10386 Des Moines, IA 50306-0386"
GA,31201,G,FEMALE,Bankers Life (Underwritten by Washington National Insurance Company) (Substandard),ISSUE_AGE,215.89,215.89,,,,,800-446-5018,https://www.bankerslife.com/medicare-supplement-insurance/?src=medicaregov&medium=listing,"11299 Illinois Street, Suite 200, Carmel, IN 46032"
GA,31201,G,FEMALE,Mutual of Omaha (Omaha Supplemental Insurance Company),ISSUE_AGE,233.71,233.71,,,,,855-977-6312,https://www.mutualofomaha.com/medicaregov/,"3300 Mutual of Omaha Plaza, Omaha, NE 68175"
GA,31201,G,FEMALE,GPM Health and Life Insurance Company,ISSUE_AGE,249.23,249.23,,,231.78,231.78,866-242-7573,https://www.gpmhealthandlife.com/wps/portal/home/products/medicare-supplement,"2211 N.E. Loop 410 San Antonio, TX 78217-4630"
GA,31201,G,FEMALE,HealthSpring National Health Insurance Company (Standard II),ISSUE_AGE,257.56,257.56,206.05,206.05,242.11,242.11,877-607-6002,https://www.cigna.com/medicare/shop-plans/supplemental/,"PO Box 5700, Scranton PA 18505-5700"
GA,31201,G,FEMALE,Guarantee Trust Life Insurance Company,ISSUE_AGE,276.54,276.54,,,257.18,257.18,800-338-7452,https://www.gtlic.com/,"1275 Milwaukee Avenue Glenview, IL 60025"
GA,31201,G,FEMALE,United American Insurance Company,ISSUE_AGE,332,332,,,,,800-331-2512,https://www2.unitedamerican.com/,"3700 S Stonebridge Dr, McKinney, TX 75070"
GA,31201,G,FEMALE,AARP - UnitedHealthcare Insurance Company (Level 2),ISSUE_AGE,487.11,487.11,438.2,438.2,,,888-378-0849,https://www.aarpmedicaresupplement.com/,PO Box 9003; Huntingdon Valley PA 19006
GA,31201,N,MALE,New Era Life Insurance Company,ISSUE_AGE,111.23,111.23,,,,,877-417-7555,http://www.neweralife.com/,"P.O. Box 4884, Houston, TX 77210-4884"
GA,31201,N,MALE,Atlantic Capital Life Assurance Company (Preferred),ISSUE_AGE,113.4,113.4,,,105.46,105.46,866-458-1430,https://bankersfidelity.com/,"4370 Peachtree Road, NE Atlanta, GA  30319"
GA,31201,N,MALE,HealthSpring National Health Insurance Company,ISSUE_AGE,128.03,128.03,102.43,102.43,120.35,120.35,877-607-6002,https://www.cigna.com/medicare/shop-plans/supplemental/,"PO Box 5700, Scranton PA 18505-5700"
GA,31201,N,MALE,Insurance Company of North America,ISSUE_AGE,130.33,130.33,,,121.21,121.21,215-640-1000,https://www.chubb.com/microsites/ace-medicare-supplement.html,436 Walnut Street
GA,31201,N,MALE,Lumos Insurance,ISSUE_AGE,130.7,130.7,,,121.55,121.55,800-752-8328,https://www.lumosinsurance.com/life-health,"2701 North Main Street, Crossville, TN 38555"
GA,31201,N,MALE,WoodmenLife,ISSUE_AGE,132.4,132.4,,,119.16,119.16,1-866-236-0029,https://www.woodmenlife.org/insurance/medicare-supplement-insurance/,"1700 Farnam Street, Omaha, NE 68102"
GA,31201,N,MALE,LifeShield National Insurance Company,ISSUE_AGE,135.24,135.24,,,125.77,125.77,800-851-5041,https://www.lifeshieldnational.com/,"5500 N Western Avenue, Suite 200, Oklahoma City, OK 73118"
GA,31201,N,MALE,AFLAC,ISSUE_AGE,137.7,137.7,,,123.93,123.93,866-990-2668,https://www.aflac.com/individuals,"Aflac Tier One, PO Box 14863, Lexington, KY 40512-4863"
GA,31201,N,MALE,Medico Insurance Company (Preferred),ISSUE_AGE,138.6,138.6,,,121.97,121.97,800-228-6080,https://www.gomedico.com/,"P.O. Box 10386 Des Moines, IA 50306-0386"
GA,31201,N,MALE,Atlantic Capital Life Assurance Company (Standard),ISSUE_AGE,141.3,141.3,,,131.41,131.41,866-458-1430,https://bankersfidelity.com/,"4370 Peachtree Road, NE Atlanta, GA  30319"
GA,31201,N,MALE,"Continental Life Insurance Company of Brentwood, Tennessee (Aetna)",ISSUE_AGE,149.69,149.69,139.21,139.21,139.21,139.21,800-358-8749 ,https://www.aetnamedicare.com/,"PO Box 14088 Lexington, KY 40515"
GA,31201,N,MALE,American Benefit Life Insurance Company,ISSUE_AGE,151.46,151.46,,,136.31,136.31,833-504-0331,https://lbig.com/,"1605 LBJ Freeway, Suite 700 Dallas, Texas 75234"
GA,31201,N,MALE,Bankers Life (Underwritten by Washington National Insurance Company),ISSUE_AGE,151.65,151.65,,,,,800-446-5018,https://www.bankerslife.com/medicare-supplement-insurance/?src=medicaregov&medium=listing,"11299 Illinois Street, Suite 200, Carmel, IN 46032"
GA,31201,N,MALE,Medico Insurance Company (Standard I),ISSUE_AGE,152.46,152.46,,,134.16,134.16,800-228-6080,https://www.gomedico.com/,"P.O. Box 10386 Des Moines, IA 50306-0386"
GA,31201,N,MALE,USAA Life Insurance Company,ISSUE_AGE,156.57,156.57,,,,,800-531-8722,https://www.usaa.com/inet/wc/insurance-health-medicare,"9800 Fredericksburg Rd. San Antonio, TX 78288"
GA,31201,N,MALE,Humana (Emphesys Insurance Company),ISSUE_AGE,159.1,159.1,,,139.77,139.77,877-426-1269,https://www.humana.com/medicare/medicare-supplement-plans?kc=0321046030,"P.O. Box 14611 Lexington, KY 40512-4613"
GA,31201,N,MALE,State Farm Mutual Automobile Insurance Company,ISSUE_AGE,169.75,169.75,,,,,800-782-8332,https://www.statefarm.com/insurance/health/medicare-supplemental,"One State Farm Plaza, Bloomington, IL 61710"
GA,31201,N,MALE,Medico Insurance Company (Standard II),ISSUE_AGE,173.25,173.25,,,152.46,152.46,800-228-6080,https://www.gomedico.com/,"P.O. Box 10386 Des Moines, IA 50306-0386"
GA,31201,N,MALE,Mutual of Omaha (Omaha Supplemental Insurance Company),ISSUE_AGE,177.33,177.33,,,,,855-977-6312,https://www.mutualofomaha.com/medicaregov/,"3300 Mutual of Omaha Plaza, Omaha, NE 68175"
GA,31201,N,MALE,Bankers Life (Underwritten by Washington National Insurance Company) (Substandard),ISSUE_AGE,186.99,186.99,,,,,800-446-5018,https://www.bankerslife.com/medicare-supplement-insurance/?src=medicaregov&medium=listing,"11299 Illinois Street, Suite 200, Carmel, IN 46032"
GA,31201,N,MALE,Physicians Life Insurance Company,ISSUE_AGE,187.04,187.04,,,166.26,166.26,800-325-6300,https://www.physiciansmutual.com/cs/products/medsup/medsup.html,"2600 Dodge Street, Omaha, Nebraska 68131"
GA,31201,N,MALE,HealthSpring National Health Insurance Company (Standard II),ISSUE_AGE,192.05,192.05,153.64,153.64,180.53,180.53,877-607-6002,https://www.cigna.com/medicare/shop-plans/supplemental/,"PO Box 5700, Scranton PA 18505-5700"
GA,31201,N,MALE,AARP - UnitedHealthcare Insurance Company (Standard),ISSUE_AGE,206,206,185.2,185.2,,,888-378-0849,https://www.aarpmedicaresupplement.com/,PO Box 9003; Huntingdon Valley PA 19006
GA,31201,N,MALE,Anthem Blue Cross and Blue Shield - Georgia,ISSUE_AGE,213,213,191.5,191.5,,,888-211-9817,https://www.anthem.com/medicare/,"220 VIRGINIA AVENUE INDIANAPOLIS, IN  46204-3709"
GA,31201,N,MALE,GPM Health and Life Insurance Company,ISSUE_AGE,229.52,229.52,,,213.45,213.45,866-242-7573,https://www.gpmhealthandlife.com/wps/portal/home/products/medicare-supplement,"2211 N.E. Loop 410 San Antonio, TX 78217-4630"
GA,31201,N,MALE,Guarantee Trust Life Insurance Company,ISSUE_AGE,244.58,244.58,,,227.46,227.46,800-338-7452,https://www.gtlic.com/,"1275 Milwaukee Avenue Glenview, IL 60025"
GA,31201,N,MALE,United American Insurance Company,ISSUE_AGE,286,286,,,,,800-331-2512,https://www2.unitedamerican.com/,"3700 S Stonebridge Dr, McKinney, TX 75070"
GA,31201,N,MALE,AARP - UnitedHealthcare Insurance Company (Level 2),ISSUE_AGE,349.52,349.52,314.37,314.37,,,888-378-0849,https://www.aarpmedicaresupplement.com/,PO Box 9003; Huntingdon Valley PA 19006
GA,31201,N,FEMALE,New Era Life Insurance Company,ISSUE_AGE,98.42,98.42,,,,,877-417-7555,http://www.neweralife.com/,"P.O. Box 4884, Houston, TX 77210-4884"
GA,31201,N,FEMALE,Atlantic Capital Life Assurance Company (Preferred),ISSUE_AGE,98.89,98.89,,,91.97,91.97,866-458-1430,https://bankersfidelity.com/,"4370 Peachtree Road, NE Atlanta, GA  30319"
GA,31201,N,FEMALE,HealthSpring National Health Insurance Company,ISSUE_AGE,111.33,111.33,89.07,89.07,104.65,104.65,877-607-6002,https://www.cigna.com/medicare/shop-plans/supplemental/,"PO Box 5700, Scranton PA 18505-5700"
GA,31201,N,FEMALE,WoodmenLife,ISSUE_AGE,115.12,115.12,,,103.61,103.61,1-866-236-0029,https://www.woodmenlife.org/insurance/medicare-supplement-insurance/,"1700 Farnam Street, Omaha, NE 68102"
GA,31201,N,FEMALE,Insurance Company of North America,ISSUE_AGE,115.33,115.33,,,107.26,107.26,215-640-1000,https://www.chubb.com/microsites/ace-medicare-supplement.html,436 Walnut Street
GA,31201,N,FEMALE,LifeShield National Insurance Company,ISSUE_AGE,117.6,117.6,,,109.37,109.37,800-851-5041,https://www.lifeshieldnational.com/,"5500 N Western Avenue, Suite 200, Oklahoma City, OK 73118"
GA,31201,N,FEMALE,Lumos Insurance,ISSUE_AGE,118.83,118.83,,,110.51,110.51,800-752-8328,https://www.lumosinsurance.com/life-health,"2701 North Main Street, Crossville, TN 38555"
GA,31201,N,FEMALE,AFLAC,ISSUE_AGE,120.21,120.21,,,108.19,108.19,866-990-2668,https://www.aflac.com/individuals,"Aflac Tier One, PO Box 14863, Lexington, KY 40512-4863"
GA,31201,N,FEMALE,Medico Insurance Company (Preferred),ISSUE_AGE,120.52,120.52,,,106.06,106.06,800-228-6080,https://www.gomedico.com/,"P.O. Box 10386 Des Moines, IA 50306-0386"
GA,31201,N,FEMALE,Atlantic Capital Life Assurance Company (Standard),ISSUE_AGE,123.17,123.17,,,114.55,114.55,866-458-1430,https://bankersfidelity.com/,"4370 Peachtree Road, NE Atlanta, GA  30319"
GA,31201,N,FEMALE,"Continental Life Insurance Company of Brentwood, Tennessee (Aetna)",ISSUE_AGE,130.2,130.2,121.09,121.09,,,800-358-8749 ,https://www.aetnamedicare.com/,"PO Box 14088 Lexington, KY 40515"
GA,31201,N,FEMALE,American Benefit Life Insurance Company,ISSUE_AGE,131.71,131.71,,,118.54,118.54,833-504-0331,https://lbig.com/,"1605 LBJ Freeway, Suite 700 Dallas, Texas 75234"
GA,31201,N,FEMALE,Medico Insurance Company (Standard I),ISSUE_AGE,132.58,132.58,,,116.67,116.67,800-228-6080,https://www.gomedico.com/,"P.O. Box 10386 Des Moines, IA 50306-0386"
GA,31201,N,FEMALE,Bankers Life (Underwritten by Washington National Insurance Company),ISSUE_AGE,136.6,136.6,,,,,800-446-5018,https://www.bankerslife.com/medicare-supplement-insurance/?src=medicaregov&medium=listing,"11299 Illinois Street, Suite 200, Carmel, IN 46032"
GA,31201,N,FEMALE,Humana (Emphesys Insurance Company),ISSUE_AGE,140.8,140.8,,,123.66,123.66,877-426-1269,https://www.humana.com/medicare/medicare-supplement-plans?kc=0321046030,"P.O. Box 14611 Lexington, KY 40512-4613"
GA,31201,N,FEMALE,Medico Insurance Company (Standard II),ISSUE_AGE,150.66,150.66,,,132.58,132.58,800-228-6080,https://www.gomedico.com/,"P.O. Box 10386 Des Moines, IA 50306-0386"
GA,31201,N,FEMALE,State Farm Mutual Automobile Insurance Company,ISSUE_AGE,152.32,152.32,,,,,800-782-8332,https://www.statefarm.com/insurance/health/medicare-supplemental,"One State Farm Plaza, Bloomington, IL 61710"
GA,31201,N,FEMALE,Mutual of Omaha (Omaha Supplemental Insurance Company),ISSUE_AGE,154.21,154.21,,,,,855-977-6312,https://www.mutualofomaha.com/medicaregov/,"3300 Mutual of Omaha Plaza, Omaha, NE 68175"
GA,31201,N,FEMALE,USAA Life Insurance Company,ISSUE_AGE,156.57,156.57,,,,,800-531-8722,https://www.usaa.com/inet/wc/insurance-health-medicare,"9800 Fredericksburg Rd. San Antonio, TX 78288"
GA,31201,N,FEMALE,HealthSpring National Health Insurance Company (Standard II),ISSUE_AGE,167,167,133.6,133.6,156.98,156.98,877-607-6002,https://www.cigna.com/medicare/shop-plans/supplemental/,"PO Box 5700, Scranton PA 18505-5700"
GA,31201,N,FEMALE,Bankers Life (Underwritten by Washington National Insurance Company) (Substandard),ISSUE_AGE,168.41,168.41,,,,,800-446-5018,https://www.bankerslife.com/medicare-supplement-insurance/?src=medicaregov&medium=listing,"11299 Illinois Street, Suite 200, Carmel, IN 46032"
GA,31201,N,FEMALE,Physicians Life Insurance Company,ISSUE_AGE,169.21,169.21,,,150.41,150.41,800-325-6300,https://www.physiciansmutual.com/cs/products/medsup/medsup.html,"2600 Dodge Street, Omaha, Nebraska 68131"
GA,31201,N,FEMALE,AARP - UnitedHealthcare Insurance Company (Standard),ISSUE_AGE,182.75,182.75,164.28,164.28,,,888-378-0849,https://www.aarpmedicaresupplement.com/,PO Box 9003; Huntingdon Valley PA 19006
GA,31201,N,FEMALE,Anthem Blue Cross and Blue Shield - Georgia,ISSUE_AGE,193,193,173.5,173.5,,,888-211-9817,https://www.anthem.com/medicare/,"220 VIRGINIA AVENUE INDIANAPOLIS, IN  46204-3709"
GA,31201,N,FEMALE,GPM Health and Life Insurance Company,ISSUE_AGE,199.61,199.61,,,185.64,185.64,866-242-7573,https://www.gpmhealthandlife.com/wps/portal/home/products/medicare-supplement,"2211 N.E. Loop 410 San Antonio, TX 78217-4630"
GA,31201,N,FEMALE,Guarantee Trust Life Insurance Company,ISSUE_AGE,218.37,218.37,,,203.08,203.08,800-338-7452,https://www.gtlic.com/,"1275 Milwaukee Avenue Glenview, IL 60025"
GA,31201,N,FEMALE,United American Insurance Company,ISSUE_AGE,249,249,,,,,800-331-2512,https://www2.unitedamerican.com/,"3700 S Stonebridge Dr, McKinney, TX 75070"
GA,31201,N,FEMALE,AARP - UnitedHealthcare Insurance Company (Level 2),ISSUE_AGE,310.22,310.22,279,279,,,888-378-0849,https://www.aarpmedicaresupplement.com/,PO Box 9003; Huntingdon Valley PA 19006
GA,31401,G,MALE,Atlantic Capital Life Assurance Company (Preferred),ISSUE_AGE,165.91,165.91,,,154.3,154.3,866-458-1430,https://bankersfidelity.com/,"4370 Peachtree Road, NE Atlanta, GA  30319"
GA,31401,G,MALE,USAA Life Insurance Company,ISSUE_AGE,181.39,181.39,,,,,800-531-8722,https://www.usaa.com/inet/wc/insurance-health-medicare,"9800 Fredericksburg Rd. San Antonio, TX 78288"
GA,31401,G,MALE,LifeShield National Insurance Company,ISSUE_AGE,183.45,183.45,,,170.61,170.61,800-851-5041,https://www.lifeshieldnational.com/,"5500 N Western Avenue, Suite 200, Oklahoma City, OK 73118"
GA,31401,G,MALE,Medico Insurance Company (Preferred),ISSUE_AGE,190.45,190.45,,,167.6,167.6,800-228-6080,https://www.gomedico.com/,"P.O. Box 10386 Des Moines, IA 50306-0386"
GA,31401,G,MALE,Bankers Life (Underwritten by Washington National Insurance Company),ISSUE_AGE,194.41,194.41,,,,,800-446-5018,https://www.bankerslife.com/medicare-supplement-insurance/?src=medicaregov&medium=listing,"11299 Illinois Street, Suite 200, Carmel, IN 46032"
GA,31401,G,MALE,HealthSpring National Health Insurance Company,ISSUE_AGE,197.46,197.46,157.97,157.97,185.62,185.62,877-607-6002,https://www.cigna.com/medicare/shop-plans/supplemental/,"PO Box 5700, Scranton PA 18505-5700"
GA,31401,G,MALE,Lumos Insurance,ISSUE_AGE,198.63,198.63,,,184.73,184.73,800-752-8328,https://www.lumosinsurance.com/life-health,"2701 North Main Street, Crossville, TN 38555"
GA,31401,G,MALE,Insurance Company of North America,ISSUE_AGE,199.92,199.92,,,185.93,185.93,215-640-1000,https://www.chubb.com/microsites/ace-medicare-supplement.html,436 Walnut Street
GA,31401,G,MALE,American Benefit Life Insurance Company,ISSUE_AGE,200.72,200.72,,,180.65,180.65,833-504-0331,https://lbig.com/,"1605 LBJ Freeway, Suite 700 Dallas, Texas 75234"
GA,31401,G,MALE,Anthem Blue Cross and Blue Shield - Georgia,ISSUE_AGE,203,203,182.5,182.5,,,888-211-9817,https://www.anthem.com/medicare/,"220 VIRGINIA AVENUE INDIANAPOLIS, IN  46204-3709"
GA,31401,G,MALE,AFLAC,ISSUE_AGE,205.29,205.29,,,184.76,184.76,866-990-2668,https://www.aflac.com/individuals,"Aflac Tier One, PO Box 14863, Lexington, KY 40512-4863"
GA,31401,G,MALE,Atlantic Capital Life Assurance Company (Standard),ISSUE_AGE,206.87,206.87,,,192.39,192.39,866-458-1430,https://bankersfidelity.com/,"4370 Peachtree Road, NE Atlanta, GA  30319"
GA,31401,G,MALE,Medico Insurance Company (Standard I),ISSUE_AGE,209.49,209.49,,,184.35,184.35,800-228-6080,https://www.gomedico.com/,"P.O. Box 10386 Des Moines, IA 50306-0386"
GA,31401,G,MALE,Humana (Emphesys Insurance Company),ISSUE_AGE,210.33,210.33,,,184.85,184.85,877-426-1269,https://www.humana.com/medicare/medicare-supplement-plans?kc=0321046030,"P.O. Box 14611 Lexington, KY 40512-4613"
GA,31401,G,MALE,WoodmenLife,ISSUE_AGE,211.83,211.83,,,190.65,190.65,1-866-236-0029,https://www.woodmenlife.org/insurance/medicare-supplement-insurance/,"1700 Farnam Street, Omaha, NE 68102"
GA,31401,G,MALE,AARP - UnitedHealthcare Insurance Company (Standard),ISSUE_AGE,212.75,212.75,191.28,191.28,,,888-378-0849,https://www.aarpmedicaresupplement.com/,PO Box 9003; Huntingdon Valley PA 19006
GA,31401,G,MALE,State Farm Mutual Automobile Insurance Company,ISSUE_AGE,228.48,228.48,,,,,800-782-8332,https://www.statefarm.com/insurance/health/medicare-supplemental,"One State Farm Plaza, Bloomington, IL 61710"
GA,31401,G,MALE,"Continental Life Insurance Company of Brentwood, Tennessee (Aetna)",ISSUE_AGE,228.99,228.99,212.96,212.96,212.96,212.96,800-358-8749 ,https://www.aetnamedicare.com/,"PO Box 14088 Lexington, KY 40515"
GA,31401,G,MALE,Medico Insurance Company (Standard II),ISSUE_AGE,238.06,238.06,,,209.49,209.49,800-228-6080,https://www.gomedico.com/,"P.O. Box 10386 Des Moines, IA 50306-0386"
GA,31401,G,MALE,Bankers Life (Underwritten by Washington National Insurance Company) (Substandard),ISSUE_AGE,239.75,239.75,,,,,800-446-5018,https://www.bankerslife.com/medicare-supplement-insurance/?src=medicaregov&medium=listing,"11299 Illinois Street, Suite 200, Carmel, IN 46032"
GA,31401,G,MALE,Physicians Life Insurance Company,ISSUE_AGE,249.79,249.79,,,222.04,222.04,800-325-6300,https://www.physiciansmutual.com/cs/products/medsup/medsup.html,"2600 Dodge Street, Omaha, Nebraska 68131"
GA,31401,G,MALE,Mutual of Omaha (Omaha Supplemental Insurance Company),ISSUE_AGE,294.07,294.07,,,,,855-977-6312,https://www.mutualofomaha.com/medicaregov/,"3300 Mutual of Omaha Plaza, Omaha, NE 68175"
GA,31401,G,MALE,HealthSpring National Health Insurance Company (Standard II),ISSUE_AGE,296.2,296.2,236.96,236.96,278.42,278.42,877-607-6002,https://www.cigna.com/medicare/shop-plans/supplemental/,"PO Box 5700, Scranton PA 18505-5700"
GA,31401,G,MALE,GPM Health and Life Insurance Company,ISSUE_AGE,309.56,309.56,,,287.89,287.89,866-242-7573,https://www.gpmhealthandlife.com/wps/portal/home/products/medicare-supplement,"2211 N.E. Loop 410 San Antonio, TX 78217-4630"
GA,31401,G,MALE,Guarantee Trust Life Insurance Company,ISSUE_AGE,345.12,345.12,,,320.96,320.96,800-338-7452,https://www.gtlic.com/,"1275 Milwaukee Avenue Glenview, IL 60025"
GA,31401,G,MALE,United American Insurance Company,ISSUE_AGE,382,382,,,,,800-331-2512,https://www2.unitedamerican.com/,"3700 S Stonebridge Dr, McKinney, TX 75070"
GA,31401,G,MALE,AARP - UnitedHealthcare Insurance Company (Level 2),ISSUE_AGE,504.81,504.81,454.13,454.13,,,888-378-0849,https://www.aarpmedicaresupplement.com/,PO Box 9003; Huntingdon Valley PA 19006
GA,31401,G,FEMALE,Atlantic Capital Life Assurance Company (Preferred),ISSUE_AGE,144.62,144.62,,,134.5,134.5,866-458-1430,https://bankersfidelity.com/,"4370 Peachtree Road, NE Atlanta, GA  30319"
GA,31401,G,FEMALE,LifeShield National Insurance Company,ISSUE_AGE,159.52,159.52,,,148.35,148.35,800-851-5041,https://www.lifeshieldnational.com/,"5500 N Western Avenue, Suite 200, Oklahoma City, OK 73118"
GA,31401,G,FEMALE,Medico Insurance Company (Preferred),ISSUE_AGE,165.61,165.61,,,145.74,145.74,800-228-6080,https://www.gomedico.com/,"P.O. Box 10386 Des Moines, IA 50306-0386"
GA,31401,G,FEMALE,HealthSpring National Health Insurance Company,ISSUE_AGE,171.71,171.71,137.37,137.37,161.41,161.41,877-607-6002,https://www.cigna.com/medicare/shop-plans/supplemental/,"PO Box 5700, Scranton PA 18505-5700"
GA,31401,G,FEMALE,American Benefit Life Insurance Company,ISSUE_AGE,174.54,174.54,,,157.09,157.09,833-504-0331,https://lbig.com/,"1605 LBJ Freeway, Suite 700 Dallas, Texas 75234"
GA,31401,G,FEMALE,Bankers Life (Underwritten by Washington National Insurance Company),ISSUE_AGE,175.07,175.07,,,,,800-446-5018,https://www.bankerslife.com/medicare-supplement-insurance/?src=medicaregov&medium=listing,"11299 Illinois Street, Suite 200, Carmel, IN 46032"
GA,31401,G,FEMALE,Insurance Company of North America,ISSUE_AGE,176.92,176.92,,,164.54,164.54,215-640-1000,https://www.chubb.com/microsites/ace-medicare-supplement.html,436 Walnut Street
GA,31401,G,FEMALE,AFLAC,ISSUE_AGE,179.22,179.22,,,161.3,161.3,866-990-2668,https://www.aflac.com/individuals,"Aflac Tier One, PO Box 14863, Lexington, KY 40512-4863"
GA,31401,G,FEMALE,Atlantic Capital Life Assurance Company (Standard),ISSUE_AGE,180.25,180.25,,,167.63,167.63,866-458-1430,https://bankersfidelity.com/,"4370 Peachtree Road, NE Atlanta, GA  30319"
GA,31401,G,FEMALE,Lumos Insurance,ISSUE_AGE,180.58,180.58,,,167.94,167.94,800-752-8328,https://www.lumosinsurance.com/life-health,"2701 North Main Street, Crossville, TN 38555"
GA,31401,G,FEMALE,USAA Life Insurance Company,ISSUE_AGE,181.39,181.39,,,,,800-531-8722,https://www.usaa.com/inet/wc/insurance-health-medicare,"9800 Fredericksburg Rd. San Antonio, TX 78288"
GA,31401,G,FEMALE,Anthem Blue Cross and Blue Shield - Georgia,ISSUE_AGE,182,182,163.6,163.6,,,888-211-9817,https://www.anthem.com/medicare/,"220 VIRGINIA AVENUE INDIANAPOLIS, IN  46204-3709"
GA,31401,G,FEMALE,Medico Insurance Company (Standard I),ISSUE_AGE,182.17,182.17,,,160.31,160.31,800-228-6080,https://www.gomedico.com/,"P.O. Box 10386 Des Moines, IA 50306-0386"
GA,31401,G,FEMALE,WoodmenLife,ISSUE_AGE,184.2,184.2,,,165.78,165.78,1-866-236-0029,https://www.woodmenlife.org/insurance/medicare-supplement-insurance/,"1700 Farnam Street, Omaha, NE 68102"
GA,31401,G,FEMALE,Humana (Emphesys Insurance Company),ISSUE_AGE,186.13,186.13,,,163.55,163.55,877-426-1269,https://www.humana.com/medicare/medicare-supplement-plans?kc=0321046030,"P.O. Box 14611 Lexington, KY 40512-4613"
GA,31401,G,FEMALE,AARP - UnitedHealthcare Insurance Company (Standard),ISSUE_AGE,188.25,188.25,169.23,169.23,,,888-378-0849,https://www.aarpmedicaresupplement.com/,PO Box 9003; Huntingdon Valley PA 19006
GA,31401,G,FEMALE,"Continental Life Insurance Company of Brentwood, Tennessee (Aetna)",ISSUE_AGE,199.09,199.09,185.15,185.15,,,800-358-8749 ,https://www.aetnamedicare.com/,"PO Box 14088 Lexington, KY 40515"
GA,31401,G,FEMALE,State Farm Mutual Automobile Insurance Company,ISSUE_AGE,206.81,206.81,,,,,800-782-8332,https://www.statefarm.com/insurance/health/medicare-supplemental,"One State Farm Plaza, Bloomington, IL 61710"
GA,31401,G,FEMALE,Medico Insurance Company (Standard II),ISSUE_AGE,207.01,207.01,,,182.17,182.17,800-228-6080,https://www.gomedico.com/,"P.O. Box 10386 Des Moines, IA 50306-0386"
GA,31401,G,FEMALE,Bankers Life (Underwritten by Washington National Insurance Company) (Substandard),ISSUE_AGE,215.89,215.89,,,,,800-446-5018,https://www.bankerslife.com/medicare-supplement-insurance/?src=medicaregov&medium=listing,"11299 Illinois Street, Suite 200, Carmel, IN 46032"
GA,31401,G,FEMALE,Physicians Life Insurance Company,ISSUE_AGE,226.02,226.02,,,200.91,200.91,800-325-6300,https://www.physiciansmutual.com/cs/products/medsup/medsup.html,"2600 Dodge Street, Omaha, Nebraska 68131"
GA,31401,G,FEMALE,Mutual of Omaha (Omaha Supplemental Insurance Company),ISSUE_AGE,255.71,255.71,,,,,855-977-6312,https://www.mutualofomaha.com/medicaregov/,"3300 Mutual of Omaha Plaza, Omaha, NE 68175"
GA,31401,G,FEMALE,HealthSpring National Health Insurance Company (Standard II),ISSUE_AGE,257.56,257.56,206.05,206.05,242.11,242.11,877-607-6002,https://www.cigna.com/medicare/shop-plans/supplemental/,"PO Box 5700, Scranton PA 18505-5700"
GA,31401,G,FEMALE,GPM Health and Life Insurance Company,ISSUE_AGE,269.17,269.17,,,250.33,250.33,866-242-7573,https://www.gpmhealthandlife.com/wps/portal/home/products/medicare-supplement,"2211 N.E. Loop 410 San Antonio, TX 78217-4630"
GA,31401,G,FEMALE,Guarantee Trust Life Insurance Company,ISSUE_AGE,308.15,308.15,,,286.58,286.58,800-338-7452,https://www.gtlic.com/,"1275 Milwaukee Avenue Glenview, IL 60025"
GA,31401,G,FEMALE,United American Insurance Company,ISSUE_AGE,332,332,,,,,800-331-2512,https://www2.unitedamerican.com/,"3700 S Stonebridge Dr, McKinney, TX 75070"
GA,31401,G,FEMALE,AARP - UnitedHealthcare Insurance Company (Level 2),ISSUE_AGE,446.99,446.99,402.09,402.09,,,888-378-0849,https://www.aarpmedicaresupplement.com/,PO Box 9003; Huntingdon Valley PA 19006
GA,31401,N,MALE,New Era Life Insurance Company,ISSUE_AGE,124.57,124.57,,,,,877-417-7555,http://www.neweralife.com/,"P.O. Box 4884, Houston, TX 77210-4884"
GA,31401,N,MALE,Atlantic Capital Life Assurance Company (Preferred),ISSUE_AGE,124.74,124.74,,,116.01,116.01,866-458-1430,https://bankersfidelity.com/,"4370 Peachtree Road, NE Atlanta, GA  30319"
GA,31401,N,MALE,HealthSpring National Health Insurance Company,ISSUE_AGE,128.03,128.03,102.43,102.43,120.35,120.35,877-607-6002,https://www.cigna.com/medicare/shop-plans/supplemental/,"PO Box 5700, Scranton PA 18505-5700"
GA,31401,N,MALE,Insurance Company of North America,ISSUE_AGE,130.33,130.33,,,121.21,121.21,215-640-1000,https://www.chubb.com/microsites/ace-medicare-supplement.html,436 Walnut Street
GA,31401,N,MALE,Lumos Insurance,ISSUE_AGE,130.7,130.7,,,121.55,121.55,800-752-8328,https://www.lumosinsurance.com/life-health,"2701 North Main Street, Crossville, TN 38555"
GA,31401,N,MALE,LifeShield National Insurance Company,ISSUE_AGE,135.24,135.24,,,125.77,125.77,800-851-5041,https://www.lifeshieldnational.com/,"5500 N Western Avenue, Suite 200, Oklahoma City, OK 73118"
GA,31401,N,MALE,AFLAC,ISSUE_AGE,137.7,137.7,,,123.93,123.93,866-990-2668,https://www.aflac.com/individuals,"Aflac Tier One, PO Box 14863, Lexington, KY 40512-4863"
GA,31401,N,MALE,Medico Insurance Company (Preferred),ISSUE_AGE,138.6,138.6,,,121.97,121.97,800-228-6080,https://www.gomedico.com/,"P.O. Box 10386 Des Moines, IA 50306-0386"
GA,31401,N,MALE,WoodmenLife,ISSUE_AGE,148.95,148.95,,,134.06,134.06,1-866-236-0029,https://www.woodmenlife.org/insurance/medicare-supplement-insurance/,"1700 Farnam Street, Omaha, NE 68102"
GA,31401,N,MALE,"Continental Life Insurance Company of Brentwood, Tennessee (Aetna)",ISSUE_AGE,149.69,149.69,139.21,139.21,139.21,139.21,800-358-8749 ,https://www.aetnamedicare.com/,"PO Box 14088 Lexington, KY 40515"
GA,31401,N,MALE,American Benefit Life Insurance Company,ISSUE_AGE,151.46,151.46,,,136.31,136.31,833-504-0331,https://lbig.com/,"1605 LBJ Freeway, Suite 700 Dallas, Texas 75234"
GA,31401,N,MALE,Bankers Life (Underwritten by Washington National Insurance Company),ISSUE_AGE,151.65,151.65,,,,,800-446-5018,https://www.bankerslife.com/medicare-supplement-insurance/?src=medicaregov&medium=listing,"11299 Illinois Street, Suite 200, Carmel, IN 46032"
GA,31401,N,MALE,Medico Insurance Company (Standard I),ISSUE_AGE,152.46,152.46,,,134.16,134.16,800-228-6080,https://www.gomedico.com/,"P.O. Box 10386 Des Moines, IA 50306-0386"
GA,31401,N,MALE,Atlantic Capital Life Assurance Company (Standard),ISSUE_AGE,155.43,155.43,,,144.55,144.55,866-458-1430,https://bankersfidelity.com/,"4370 Peachtree Road, NE Atlanta, GA  30319"
GA,31401,N,MALE,USAA Life Insurance Company,ISSUE_AGE,156.57,156.57,,,,,800-531-8722,https://www.usaa.com/inet/wc/insurance-health-medicare,"9800 Fredericksburg Rd. San Antonio, TX 78288"
GA,31401,N,MALE,Humana (Emphesys Insurance Company),ISSUE_AGE,159.1,159.1,,,139.77,139.77,877-426-1269,https://www.humana.com/medicare/medicare-supplement-plans?kc=0321046030,"P.O. Box 14611 Lexington, KY 40512-4613"
GA,31401,N,MALE,Medico Insurance Company (Standard II),ISSUE_AGE,173.25,173.25,,,152.46,152.46,800-228-6080,https://www.gomedico.com/,"P.O. Box 10386 Des Moines, IA 50306-0386"
GA,31401,N,MALE,State Farm Mutual Automobile Insurance Company,ISSUE_AGE,176.63,176.63,,,,,800-782-8332,https://www.statefarm.com/insurance/health/medicare-supplemental,"One State Farm Plaza, Bloomington, IL 61710"
GA,31401,N,MALE,Bankers Life (Underwritten by Washington National Insurance Company) (Substandard),ISSUE_AGE,186.99,186.99,,,,,800-446-5018,https://www.bankerslife.com/medicare-supplement-insurance/?src=medicaregov&medium=listing,"11299 Illinois Street, Suite 200, Carmel, IN 46032"
GA,31401,N,MALE,AARP - UnitedHealthcare Insurance Company (Standard),ISSUE_AGE,189.25,189.25,170.13,170.13,,,888-378-0849,https://www.aarpmedicaresupplement.com/,PO Box 9003; Huntingdon Valley PA 19006
GA,31401,N,MALE,HealthSpring National Health Insurance Company (Standard II),ISSUE_AGE,192.05,192.05,153.64,153.64,180.53,180.53,877-607-6002,https://www.cigna.com/medicare/shop-plans/supplemental/,"PO Box 5700, Scranton PA 18505-5700"
GA,31401,N,MALE,Mutual of Omaha (Omaha Supplemental Insurance Company),ISSUE_AGE,194.02,194.02,,,,,855-977-6312,https://www.mutualofomaha.com/medicaregov/,"3300 Mutual of Omaha Plaza, Omaha, NE 68175"
GA,31401,N,MALE,Physicians Life Insurance Company,ISSUE_AGE,206.73,206.73,,,183.76,183.76,800-325-6300,https://www.physiciansmutual.com/cs/products/medsup/medsup.html,"2600 Dodge Street, Omaha, Nebraska 68131"
GA,31401,N,MALE,Anthem Blue Cross and Blue Shield - Georgia,ISSUE_AGE,213,213,191.5,191.5,,,888-211-9817,https://www.anthem.com/medicare/,"220 VIRGINIA AVENUE INDIANAPOLIS, IN  46204-3709"
GA,31401,N,MALE,GPM Health and Life Insurance Company,ISSUE_AGE,247.89,247.89,,,230.54,230.54,866-242-7573,https://www.gpmhealthandlife.com/wps/portal/home/products/medicare-supplement,"2211 N.E. Loop 410 San Antonio, TX 78217-4630"
GA,31401,N,MALE,Guarantee Trust Life Insurance Company,ISSUE_AGE,272.53,272.53,,,253.45,253.45,800-338-7452,https://www.gtlic.com/,"1275 Milwaukee Avenue Glenview, IL 60025"
GA,31401,N,MALE,United American Insurance Company,ISSUE_AGE,286,286,,,,,800-331-2512,https://www2.unitedamerican.com/,"3700 S Stonebridge Dr, McKinney, TX 75070"
GA,31401,N,MALE,AARP - UnitedHealthcare Insurance Company (Level 2),ISSUE_AGE,321.21,321.21,288.89,288.89,,,888-378-0849,https://www.aarpmedicaresupplement.com/,PO Box 9003; Huntingdon Valley PA 19006
GA,31401,N,FEMALE,Atlantic Capital Life Assurance Company (Preferred),ISSUE_AGE,108.78,108.78,,,101.17,101.17,866-458-1430,https://bankersfidelity.com/,"4370 Peachtree Road, NE Atlanta, GA  30319"
GA,31401,N,FEMALE,New Era Life Insurance Company,ISSUE_AGE,110.23,110.23,,,,,877-417-7555,http://www.neweralife.com/,"P.O. Box 4884, Houston, TX 77210-4884"
GA,31401,N,FEMALE,HealthSpring National Health Insurance Company,ISSUE_AGE,111.33,111.33,89.07,89.07,104.65,104.65,877-607-6002,https://www.cigna.com/medicare/shop-plans/supplemental/,"PO Box 5700, Scranton PA 18505-5700"
GA,31401,N,FEMALE,Insurance Company of North America,ISSUE_AGE,115.33,115.33,,,107.26,107.26,215-640-1000,https://www.chubb.com/microsites/ace-medicare-supplement.html,436 Walnut Street
GA,31401,N,FEMALE,LifeShield National Insurance Company,ISSUE_AGE,117.6,117.6,,,109.37,109.37,800-851-5041,https://www.lifeshieldnational.com/,"5500 N Western Avenue, Suite 200, Oklahoma City, OK 73118"
GA,31401,N,FEMALE,Lumos Insurance,ISSUE_AGE,118.83,118.83,,,110.51,110.51,800-752-8328,https://www.lumosinsurance.com/life-health,"2701 North Main Street, Crossville, TN 38555"
GA,31401,N,FEMALE,AFLAC,ISSUE_AGE,120.21,120.21,,,108.19,108.19,866-990-2668,https://www.aflac.com/individuals,"Aflac Tier One, PO Box 14863, Lexington, KY 40512-4863"
GA,31401,N,FEMALE,Medico Insurance Company (Preferred),ISSUE_AGE,120.52,120.52,,,106.06,106.06,800-228-6080,https://www.gomedico.com/,"P.O. Box 10386 Des Moines, IA 50306-0386"
GA,31401,N,FEMALE,WoodmenLife,ISSUE_AGE,129.51,129.51,,,116.56,116.56,1-866-236-0029,https://www.woodmenlife.org/insurance/medicare-supplement-insurance/,"1700 Farnam Street, Omaha, NE 68102"
GA,31401,N,FEMALE,"Continental Life Insurance Company of Brentwood, Tennessee (Aetna)",ISSUE_AGE,130.2,130.2,121.09,121.09,,,800-358-8749 ,https://www.aetnamedicare.com/,"PO Box 14088 Lexington, KY 40515"
GA,31401,N,FEMALE,American Benefit Life Insurance Company,ISSUE_AGE,131.71,131.71,,,118.54,118.54,833-504-0331,https://lbig.com/,"1605 LBJ Freeway, Suite 700 Dallas, Texas 75234"
GA,31401,N,FEMALE,Medico Insurance Company (Standard I),ISSUE_AGE,132.58,132.58,,,116.67,116.67,800-228-6080,https://www.gomedico.com/,"P.O. Box 10386 Des Moines, IA 50306-0386"
GA,31401,N,FEMALE,Atlantic Capital Life Assurance Company (Standard),ISSUE_AGE,135.48,135.48,,,126,126,866-458-1430,https://bankersfidelity.com/,"4370 Peachtree Road, NE Atlanta, GA  30319"
GA,31401,N,FEMALE,Bankers Life (Underwritten by Washington National Insurance Company),ISSUE_AGE,136.6,136.6,,,,,800-446-5018,https://www.bankerslife.com/medicare-supplement-insurance/?src=medicaregov&medium=listing,"11299 Illinois Street, Suite 200, Carmel, IN 46032"
GA,31401,N,FEMALE,Humana (Emphesys Insurance Company),ISSUE_AGE,140.8,140.8,,,123.66,123.66,877-426-1269,https://www.humana.com/medicare/medicare-supplement-plans?kc=0321046030,"P.O. Box 14611 Lexington, KY 40512-4613"
GA,31401,N,FEMALE,Medico Insurance Company (Standard II),ISSUE_AGE,150.66,150.66,,,132.58,132.58,800-228-6080,https://www.gomedico.com/,"P.O. Box 10386 Des Moines, IA 50306-0386"
GA,31401,N,FEMALE,USAA Life Insurance Company,ISSUE_AGE,156.57,156.57,,,,,800-531-8722,https://www.usaa.com/inet/wc/insurance-health-medicare,"9800 Fredericksburg Rd. San Antonio, TX 78288"
GA,31401,N,FEMALE,State Farm Mutual Automobile Insurance Company,ISSUE_AGE,158.36,158.36,,,,,800-782-8332,https://www.statefarm.com/insurance/health/medicare-supplemental,"One State Farm Plaza, Bloomington, IL 61710"
GA,31401,N,FEMALE,HealthSpring National Health Insurance Company (Standard II),ISSUE_AGE,167,167,133.6,133.6,156.98,156.98,877-607-6002,https://www.cigna.com/medicare/shop-plans/supplemental/,"PO Box 5700, Scranton PA 18505-5700"
GA,31401,N,FEMALE,AARP - UnitedHealthcare Insurance Company (Standard),ISSUE_AGE,167.75,167.75,150.78,150.78,,,888-378-0849,https://www.aarpmedicaresupplement.com/,PO Box 9003; Huntingdon Valley PA 19006
GA,31401,N,FEMALE,Bankers Life (Underwritten by Washington National Insurance Company) (Substandard),ISSUE_AGE,168.41,168.41,,,,,800-446-5018,https://www.bankerslife.com/medicare-supplement-insurance/?src=medicaregov&medium=listing,"11299 Illinois Street, Suite 200, Carmel, IN 46032"
GA,31401,N,FEMALE,Mutual of Omaha (Omaha Supplemental Insurance Company),ISSUE_AGE,168.72,168.72,,,,,855-977-6312,https://www.mutualofomaha.com/medicaregov/,"3300 Mutual of Omaha Plaza, Omaha, NE 68175"
GA,31401,N,FEMALE,Physicians Life Insurance Company,ISSUE_AGE,187.03,187.03,,,166.25,166.25,800-325-6300,https://www.physiciansmutual.com/cs/products/medsup/medsup.html,"2600 Dodge Street, Omaha, Nebraska 68131"
GA,31401,N,FEMALE,Anthem Blue Cross and Blue Shield - Georgia,ISSUE_AGE,193,193,173.5,173.5,,,888-211-9817,https://www.anthem.com/medicare/,"220 VIRGINIA AVENUE INDIANAPOLIS, IN  46204-3709"
GA,31401,N,FEMALE,GPM Health and Life Insurance Company,ISSUE_AGE,215.58,215.58,,,200.49,200.49,866-242-7573,https://www.gpmhealthandlife.com/wps/portal/home/products/medicare-supplement,"2211 N.E. Loop 410 San Antonio, TX 78217-4630"
GA,31401,N,FEMALE,Guarantee Trust Life Insurance Company,ISSUE_AGE,243.33,243.33,,,226.3,226.3,800-338-7452,https://www.gtlic.com/,"1275 Milwaukee Avenue Glenview, IL 60025"
GA,31401,N,FEMALE,United American Insurance Company,ISSUE_AGE,249,249,,,,,800-331-2512,https://www2.unitedamerican.com/,"3700 S Stonebridge Dr, McKinney, TX 75070"
GA,31401,N,FEMALE,AARP - UnitedHealthcare Insurance Company (Level 2),ISSUE_AGE,284.87,284.87,256.18,256.18,,,888-378-0849,https://www.aarpmedicaresupplement.com/,PO Box 9003; Huntingdon Valley PA 19006
GA,31501,G,MALE,Atlantic Capital Life Assurance Company (Preferred),ISSUE_AGE,150.82,150.82,,,140.26,140.26,866-458-1430,https://bankersfidelity.com/,"4370 Peachtree Road, NE Atlanta, GA  30319"
GA,31501,G,MALE,USAA Life Insurance Company,ISSUE_AGE,181.39,181.39,,,,,800-531-8722,https://www.usaa.com/inet/wc/insurance-health-medicare,"9800 Fredericksburg Rd. San Antonio, TX 78288"
GA,31501,G,MALE,LifeShield National Insurance Company,ISSUE_AGE,183.45,183.45,,,170.61,170.61,800-851-5041,https://www.lifeshieldnational.com/,"5500 N Western Avenue, Suite 200, Oklahoma City, OK 73118"
GA,31501,G,MALE,Atlantic Capital Life Assurance Company (Standard),ISSUE_AGE,188.06,188.06,,,174.9,174.9,866-458-1430,https://bankersfidelity.com/,"4370 Peachtree Road, NE Atlanta, GA  30319"
GA,31501,G,MALE,WoodmenLife,ISSUE_AGE,188.29,188.29,,,169.46,169.46,1-866-236-0029,https://www.woodmenlife.org/insurance/medicare-supplement-insurance/,"1700 Farnam Street, Omaha, NE 68102"
GA,31501,G,MALE,Bankers Life (Underwritten by Washington National Insurance Company),ISSUE_AGE,194.41,194.41,,,,,800-446-5018,https://www.bankerslife.com/medicare-supplement-insurance/?src=medicaregov&medium=listing,"11299 Illinois Street, Suite 200, Carmel, IN 46032"
GA,31501,G,MALE,Lumos Insurance,ISSUE_AGE,198.63,198.63,,,184.73,184.73,800-752-8328,https://www.lumosinsurance.com/life-health,"2701 North Main Street, Crossville, TN 38555"
GA,31501,G,MALE,Insurance Company of North America,ISSUE_AGE,199.92,199.92,,,185.93,185.93,215-640-1000,https://www.chubb.com/microsites/ace-medicare-supplement.html,436 Walnut Street
GA,31501,G,MALE,American Benefit Life Insurance Company,ISSUE_AGE,200.72,200.72,,,180.65,180.65,833-504-0331,https://lbig.com/,"1605 LBJ Freeway, Suite 700 Dallas, Texas 75234"
GA,31501,G,MALE,Anthem Blue Cross and Blue Shield - Georgia,ISSUE_AGE,203,203,182.5,182.5,,,888-211-9817,https://www.anthem.com/medicare/,"220 VIRGINIA AVENUE INDIANAPOLIS, IN  46204-3709"
GA,31501,G,MALE,AFLAC,ISSUE_AGE,205.29,205.29,,,184.76,184.76,866-990-2668,https://www.aflac.com/individuals,"Aflac Tier One, PO Box 14863, Lexington, KY 40512-4863"
GA,31501,G,MALE,Humana (Emphesys Insurance Company),ISSUE_AGE,210.33,210.33,,,184.85,184.85,877-426-1269,https://www.humana.com/medicare/medicare-supplement-plans?kc=0321046030,"P.O. Box 14611 Lexington, KY 40512-4613"
GA,31501,G,MALE,State Farm Mutual Automobile Insurance Company,ISSUE_AGE,219.47,219.47,,,,,800-782-8332,https://www.statefarm.com/insurance/health/medicare-supplemental,"One State Farm Plaza, Bloomington, IL 61710"
GA,31501,G,MALE,Medico Insurance Company (Preferred),ISSUE_AGE,221.23,221.23,,,194.68,194.68,800-228-6080,https://www.gomedico.com/,"P.O. Box 10386 Des Moines, IA 50306-0386"
GA,31501,G,MALE,Physicians Life Insurance Company,ISSUE_AGE,225.99,225.99,,,200.88,200.88,800-325-6300,https://www.physiciansmutual.com/cs/products/medsup/medsup.html,"2600 Dodge Street, Omaha, Nebraska 68131"
GA,31501,G,MALE,HealthSpring National Health Insurance Company,ISSUE_AGE,227.84,227.84,182.27,182.27,214.17,214.17,877-607-6002,https://www.cigna.com/medicare/shop-plans/supplemental/,"PO Box 5700, Scranton PA 18505-5700"
GA,31501,G,MALE,"Continental Life Insurance Company of Brentwood, Tennessee (Aetna)",ISSUE_AGE,228.99,228.99,212.96,212.96,212.96,212.96,800-358-8749 ,https://www.aetnamedicare.com/,"PO Box 14088 Lexington, KY 40515"
GA,31501,G,MALE,AARP - UnitedHealthcare Insurance Company (Standard),ISSUE_AGE,231.75,231.75,208.38,208.38,,,888-378-0849,https://www.aarpmedicaresupplement.com/,PO Box 9003; Huntingdon Valley PA 19006
GA,31501,G,MALE,Bankers Life (Underwritten by Washington National Insurance Company) (Substandard),ISSUE_AGE,239.75,239.75,,,,,800-446-5018,https://www.bankerslife.com/medicare-supplement-insurance/?src=medicaregov&medium=listing,"11299 Illinois Street, Suite 200, Carmel, IN 46032"
GA,31501,G,MALE,Medico Insurance Company (Standard I),ISSUE_AGE,243.35,243.35,,,214.15,214.15,800-228-6080,https://www.gomedico.com/,"P.O. Box 10386 Des Moines, IA 50306-0386"
GA,31501,G,MALE,Medico Insurance Company (Standard II),ISSUE_AGE,276.53,276.53,,,243.35,243.35,800-228-6080,https://www.gomedico.com/,"P.O. Box 10386 Des Moines, IA 50306-0386"
GA,31501,G,MALE,Mutual of Omaha (Omaha Supplemental Insurance Company),ISSUE_AGE,294.07,294.07,,,,,855-977-6312,https://www.mutualofomaha.com/medicaregov/,"3300 Mutual of Omaha Plaza, Omaha, NE 68175"
GA,31501,G,MALE,GPM Health and Life Insurance Company,ISSUE_AGE,309.56,309.56,,,287.89,287.89,866-242-7573,https://www.gpmhealthandlife.com/wps/portal/home/products/medicare-supplement,"2211 N.E. Loop 410 San Antonio, TX 78217-4630"
GA,31501,G,MALE,Guarantee Trust Life Insurance Company,ISSUE_AGE,309.73,309.73,,,288.05,288.05,800-338-7452,https://www.gtlic.com/,"1275 Milwaukee Avenue Glenview, IL 60025"
GA,31501,G,MALE,HealthSpring National Health Insurance Company (Standard II),ISSUE_AGE,341.76,341.76,273.41,273.41,321.26,321.26,877-607-6002,https://www.cigna.com/medicare/shop-plans/supplemental/,"PO Box 5700, Scranton PA 18505-5700"
GA,31501,G,MALE,United American Insurance Company,ISSUE_AGE,382,382,,,,,800-331-2512,https://www2.unitedamerican.com/,"3700 S Stonebridge Dr, McKinney, TX 75070"
GA,31501,G,MALE,AARP - UnitedHealthcare Insurance Company (Level 2),ISSUE_AGE,549.65,549.65,494.49,494.49,,,888-378-0849,https://www.aarpmedicaresupplement.com/,PO Box 9003; Huntingdon Valley PA 19006
GA,31501,G,FEMALE,Atlantic Capital Life Assurance Company (Preferred),ISSUE_AGE,131.47,131.47,,,122.27,122.27,866-458-1430,https://bankersfidelity.com/,"4370 Peachtree Road, NE Atlanta, GA  30319"
GA,31501,G,FEMALE,LifeShield National Insurance Company,ISSUE_AGE,159.52,159.52,,,148.35,148.35,800-851-5041,https://www.lifeshieldnational.com/,"5500 N Western Avenue, Suite 200, Oklahoma City, OK 73118"
GA,31501,G,FEMALE,WoodmenLife,ISSUE_AGE,163.73,163.73,,,147.36,147.36,1-866-236-0029,https://www.woodmenlife.org/insurance/medicare-supplement-insurance/,"1700 Farnam Street, Omaha, NE 68102"
GA,31501,G,FEMALE,Atlantic Capital Life Assurance Company (Standard),ISSUE_AGE,163.86,163.86,,,152.39,152.39,866-458-1430,https://bankersfidelity.com/,"4370 Peachtree Road, NE Atlanta, GA  30319"
GA,31501,G,FEMALE,American Benefit Life Insurance Company,ISSUE_AGE,174.54,174.54,,,157.09,157.09,833-504-0331,https://lbig.com/,"1605 LBJ Freeway, Suite 700 Dallas, Texas 75234"
GA,31501,G,FEMALE,Bankers Life (Underwritten by Washington National Insurance Company),ISSUE_AGE,175.07,175.07,,,,,800-446-5018,https://www.bankerslife.com/medicare-supplement-insurance/?src=medicaregov&medium=listing,"11299 Illinois Street, Suite 200, Carmel, IN 46032"
GA,31501,G,FEMALE,Insurance Company of North America,ISSUE_AGE,176.92,176.92,,,164.54,164.54,215-640-1000,https://www.chubb.com/microsites/ace-medicare-supplement.html,436 Walnut Street
GA,31501,G,FEMALE,AFLAC,ISSUE_AGE,179.22,179.22,,,161.3,161.3,866-990-2668,https://www.aflac.com/individuals,"Aflac Tier One, PO Box 14863, Lexington, KY 40512-4863"
GA,31501,G,FEMALE,Lumos Insurance,ISSUE_AGE,180.58,180.58,,,167.94,167.94,800-752-8328,https://www.lumosinsurance.com/life-health,"2701 North Main Street, Crossville, TN 38555"
GA,31501,G,FEMALE,USAA Life Insurance Company,ISSUE_AGE,181.39,181.39,,,,,800-531-8722,https://www.usaa.com/inet/wc/insurance-health-medicare,"9800 Fredericksburg Rd. San Antonio, TX 78288"
GA,31501,G,FEMALE,Anthem Blue Cross and Blue Shield - Georgia,ISSUE_AGE,182,182,163.6,163.6,,,888-211-9817,https://www.anthem.com/medicare/,"220 VIRGINIA AVENUE INDIANAPOLIS, IN  46204-3709"
GA,31501,G,FEMALE,Humana (Emphesys Insurance Company),ISSUE_AGE,186.13,186.13,,,163.55,163.55,877-426-1269,https://www.humana.com/medicare/medicare-supplement-plans?kc=0321046030,"P.O. Box 14611 Lexington, KY 40512-4613"
GA,31501,G,FEMALE,Medico Insurance Company (Preferred),ISSUE_AGE,192.37,192.37,,,169.29,169.29,800-228-6080,https://www.gomedico.com/,"P.O. Box 10386 Des Moines, IA 50306-0386"
GA,31501,G,FEMALE,HealthSpring National Health Insurance Company,ISSUE_AGE,198.12,198.12,158.5,158.5,186.24,186.24,877-607-6002,https://www.cigna.com/medicare/shop-plans/supplemental/,"PO Box 5700, Scranton PA 18505-5700"
GA,31501,G,FEMALE,State Farm Mutual Automobile Insurance Company,ISSUE_AGE,198.73,198.73,,,,,800-782-8332,https://www.statefarm.com/insurance/health/medicare-supplemental,"One State Farm Plaza, Bloomington, IL 61710"
GA,31501,G,FEMALE,"Continental Life Insurance Company of Brentwood, Tennessee (Aetna)",ISSUE_AGE,199.09,199.09,185.15,185.15,,,800-358-8749 ,https://www.aetnamedicare.com/,"PO Box 14088 Lexington, KY 40515"
GA,31501,G,FEMALE,Physicians Life Insurance Company,ISSUE_AGE,204.49,204.49,,,181.77,181.77,800-325-6300,https://www.physiciansmutual.com/cs/products/medsup/medsup.html,"2600 Dodge Street, Omaha, Nebraska 68131"
GA,31501,G,FEMALE,AARP - UnitedHealthcare Insurance Company (Standard),ISSUE_AGE,205.25,205.25,184.53,184.53,,,888-378-0849,https://www.aarpmedicaresupplement.com/,PO Box 9003; Huntingdon Valley PA 19006
GA,31501,G,FEMALE,Medico Insurance Company (Standard I),ISSUE_AGE,211.61,211.61,,,186.22,186.22,800-228-6080,https://www.gomedico.com/,"P.O. Box 10386 Des Moines, IA 50306-0386"
GA,31501,G,FEMALE,Bankers Life (Underwritten by Washington National Insurance Company) (Substandard),ISSUE_AGE,215.89,215.89,,,,,800-446-5018,https://www.bankerslife.com/medicare-supplement-insurance/?src=medicaregov&medium=listing,"11299 Illinois Street, Suite 200, Carmel, IN 46032"
GA,31501,G,FEMALE,Medico Insurance Company (Standard II),ISSUE_AGE,240.47,240.47,,,211.61,211.61,800-228-6080,https://www.gomedico.com/,"P.O. Box 10386 Des Moines, IA 50306-0386"
GA,31501,G,FEMALE,Mutual of Omaha (Omaha Supplemental Insurance Company),ISSUE_AGE,255.71,255.71,,,,,855-977-6312,https://www.mutualofomaha.com/medicaregov/,"3300 Mutual of Omaha Plaza, Omaha, NE 68175"
GA,31501,G,FEMALE,GPM Health and Life Insurance Company,ISSUE_AGE,269.17,269.17,,,250.33,250.33,866-242-7573,https://www.gpmhealthandlife.com/wps/portal/home/products/medicare-supplement,"2211 N.E. Loop 410 San Antonio, TX 78217-4630"
GA,31501,G,FEMALE,Guarantee Trust Life Insurance Company,ISSUE_AGE,276.54,276.54,,,257.18,257.18,800-338-7452,https://www.gtlic.com/,"1275 Milwaukee Avenue Glenview, IL 60025"
GA,31501,G,FEMALE,HealthSpring National Health Insurance Company (Standard II),ISSUE_AGE,297.19,297.19,237.75,237.75,279.36,279.36,877-607-6002,https://www.cigna.com/medicare/shop-plans/supplemental/,"PO Box 5700, Scranton PA 18505-5700"
GA,31501,G,FEMALE,United American Insurance Company,ISSUE_AGE,332,332,,,,,800-331-2512,https://www2.unitedamerican.com/,"3700 S Stonebridge Dr, McKinney, TX 75070"
GA,31501,G,FEMALE,AARP - UnitedHealthcare Insurance Company (Level 2),ISSUE_AGE,487.11,487.11,438.2,438.2,,,888-378-0849,https://www.aarpmedicaresupplement.com/,PO Box 9003; Huntingdon Valley PA 19006
GA,31501,N,MALE,New Era Life Insurance Company,ISSUE_AGE,111.23,111.23,,,,,877-417-7555,http://www.neweralife.com/,"P.O. Box 4884, Houston, TX 77210-4884"
GA,31501,N,MALE,Atlantic Capital Life Assurance Company (Preferred),ISSUE_AGE,113.4,113.4,,,105.46,105.46,866-458-1430,https://bankersfidelity.com/,"4370 Peachtree Road, NE Atlanta, GA  30319"
GA,31501,N,MALE,Insurance Company of North America,ISSUE_AGE,130.33,130.33,,,121.21,121.21,215-640-1000,https://www.chubb.com/microsites/ace-medicare-supplement.html,436 Walnut Street
GA,31501,N,MALE,Lumos Insurance,ISSUE_AGE,130.7,130.7,,,121.55,121.55,800-752-8328,https://www.lumosinsurance.com/life-health,"2701 North Main Street, Crossville, TN 38555"
GA,31501,N,MALE,WoodmenLife,ISSUE_AGE,132.4,132.4,,,119.16,119.16,1-866-236-0029,https://www.woodmenlife.org/insurance/medicare-supplement-insurance/,"1700 Farnam Street, Omaha, NE 68102"
GA,31501,N,MALE,LifeShield National Insurance Company,ISSUE_AGE,135.24,135.24,,,125.77,125.77,800-851-5041,https://www.lifeshieldnational.com/,"5500 N Western Avenue, Suite 200, Oklahoma City, OK 73118"
GA,31501,N,MALE,AFLAC,ISSUE_AGE,137.7,137.7,,,123.93,123.93,866-990-2668,https://www.aflac.com/individuals,"Aflac Tier One, PO Box 14863, Lexington, KY 40512-4863"
GA,31501,N,MALE,Atlantic Capital Life Assurance Company (Standard),ISSUE_AGE,141.3,141.3,,,131.41,131.41,866-458-1430,https://bankersfidelity.com/,"4370 Peachtree Road, NE Atlanta, GA  30319"
GA,31501,N,MALE,HealthSpring National Health Insurance Company,ISSUE_AGE,147.73,147.73,118.18,118.18,138.87,138.87,877-607-6002,https://www.cigna.com/medicare/shop-plans/supplemental/,"PO Box 5700, Scranton PA 18505-5700"
GA,31501,N,MALE,"Continental Life Insurance Company of Brentwood, Tennessee (Aetna)",ISSUE_AGE,149.69,149.69,139.21,139.21,139.21,139.21,800-358-8749 ,https://www.aetnamedicare.com/,"PO Box 14088 Lexington, KY 40515"
GA,31501,N,MALE,American Benefit Life Insurance Company,ISSUE_AGE,151.46,151.46,,,136.31,136.31,833-504-0331,https://lbig.com/,"1605 LBJ Freeway, Suite 700 Dallas, Texas 75234"
GA,31501,N,MALE,Bankers Life (Underwritten by Washington National Insurance Company),ISSUE_AGE,151.65,151.65,,,,,800-446-5018,https://www.bankerslife.com/medicare-supplement-insurance/?src=medicaregov&medium=listing,"11299 Illinois Street, Suite 200, Carmel, IN 46032"
GA,31501,N,MALE,USAA Life Insurance Company,ISSUE_AGE,156.57,156.57,,,,,800-531-8722,https://www.usaa.com/inet/wc/insurance-health-medicare,"9800 Fredericksburg Rd. San Antonio, TX 78288"
GA,31501,N,MALE,Humana (Emphesys Insurance Company),ISSUE_AGE,159.1,159.1,,,139.77,139.77,877-426-1269,https://www.humana.com/medicare/medicare-supplement-plans?kc=0321046030,"P.O. Box 14611 Lexington, KY 40512-4613"
GA,31501,N,MALE,Medico Insurance Company (Preferred),ISSUE_AGE,161,161,,,141.68,141.68,800-228-6080,https://www.gomedico.com/,"P.O. Box 10386 Des Moines, IA 50306-0386"
GA,31501,N,MALE,State Farm Mutual Automobile Insurance Company,ISSUE_AGE,169.75,169.75,,,,,800-782-8332,https://www.statefarm.com/insurance/health/medicare-supplemental,"One State Farm Plaza, Bloomington, IL 61710"
GA,31501,N,MALE,Medico Insurance Company (Standard I),ISSUE_AGE,177.1,177.1,,,155.85,155.85,800-228-6080,https://www.gomedico.com/,"P.O. Box 10386 Des Moines, IA 50306-0386"
GA,31501,N,MALE,Bankers Life (Underwritten by Washington National Insurance Company) (Substandard),ISSUE_AGE,186.99,186.99,,,,,800-446-5018,https://www.bankerslife.com/medicare-supplement-insurance/?src=medicaregov&medium=listing,"11299 Illinois Street, Suite 200, Carmel, IN 46032"
GA,31501,N,MALE,Physicians Life Insurance Company,ISSUE_AGE,187.04,187.04,,,166.26,166.26,800-325-6300,https://www.physiciansmutual.com/cs/products/medsup/medsup.html,"2600 Dodge Street, Omaha, Nebraska 68131"
GA,31501,N,MALE,Mutual of Omaha (Omaha Supplemental Insurance Company),ISSUE_AGE,194.02,194.02,,,,,855-977-6312,https://www.mutualofomaha.com/medicaregov/,"3300 Mutual of Omaha Plaza, Omaha, NE 68175"
GA,31501,N,MALE,Medico Insurance Company (Standard II),ISSUE_AGE,201.25,201.25,,,177.1,177.1,800-228-6080,https://www.gomedico.com/,"P.O. Box 10386 Des Moines, IA 50306-0386"
GA,31501,N,MALE,AARP - UnitedHealthcare Insurance Company (Standard),ISSUE_AGE,206,206,185.2,185.2,,,888-378-0849,https://www.aarpmedicaresupplement.com/,PO Box 9003; Huntingdon Valley PA 19006
GA,31501,N,MALE,Anthem Blue Cross and Blue Shield - Georgia,ISSUE_AGE,213,213,191.5,191.5,,,888-211-9817,https://www.anthem.com/medicare/,"220 VIRGINIA AVENUE INDIANAPOLIS, IN  46204-3709"
GA,31501,N,MALE,HealthSpring National Health Insurance Company (Standard II),ISSUE_AGE,221.59,221.59,177.28,177.28,208.3,208.3,877-607-6002,https://www.cigna.com/medicare/shop-plans/supplemental/,"PO Box 5700, Scranton PA 18505-5700"
GA,31501,N,MALE,Guarantee Trust Life Insurance Company,ISSUE_AGE,244.58,244.58,,,227.46,227.46,800-338-7452,https://www.gtlic.com/,"1275 Milwaukee Avenue Glenview, IL 60025"
GA,31501,N,MALE,GPM Health and Life Insurance Company,ISSUE_AGE,247.89,247.89,,,230.54,230.54,866-242-7573,https://www.gpmhealthandlife.com/wps/portal/home/products/medicare-supplement,"2211 N.E. Loop 410 San Antonio, TX 78217-4630"
GA,31501,N,MALE,United American Insurance Company,ISSUE_AGE,286,286,,,,,800-331-2512,https://www2.unitedamerican.com/,"3700 S Stonebridge Dr, McKinney, TX 75070"
GA,31501,N,MALE,AARP - UnitedHealthcare Insurance Company (Level 2),ISSUE_AGE,349.52,349.52,314.37,314.37,,,888-378-0849,https://www.aarpmedicaresupplement.com/,PO Box 9003; Huntingdon Valley PA 19006
GA,31501,N,FEMALE,New Era Life Insurance Company,ISSUE_AGE,98.42,98.42,,,,,877-417-7555,http://www.neweralife.com/,"P.O. Box 4884, Houston, TX 77210-4884"
GA,31501,N,FEMALE,Atlantic Capital Life Assurance Company (Preferred),ISSUE_AGE,98.89,98.89,,,91.97,91.97,866-458-1430,https://bankersfidelity.com/,"4370 Peachtree Road, NE Atlanta, GA  30319"
GA,31501,N,FEMALE,WoodmenLife,ISSUE_AGE,115.12,115.12,,,103.61,103.61,1-866-236-0029,https://www.woodmenlife.org/insurance/medicare-supplement-insurance/,"1700 Farnam Street, Omaha, NE 68102"
GA,31501,N,FEMALE,Insurance Company of North America,ISSUE_AGE,115.33,115.33,,,107.26,107.26,215-640-1000,https://www.chubb.com/microsites/ace-medicare-supplement.html,436 Walnut Street
GA,31501,N,FEMALE,LifeShield National Insurance Company,ISSUE_AGE,117.6,117.6,,,109.37,109.37,800-851-5041,https://www.lifeshieldnational.com/,"5500 N Western Avenue, Suite 200, Oklahoma City, OK 73118"
GA,31501,N,FEMALE,Lumos Insurance,ISSUE_AGE,118.83,118.83,,,110.51,110.51,800-752-8328,https://www.lumosinsurance.com/life-health,"2701 North Main Street, Crossville, TN 38555"
GA,31501,N,FEMALE,AFLAC,ISSUE_AGE,120.21,120.21,,,108.19,108.19,866-990-2668,https://www.aflac.com/individuals,"Aflac Tier One, PO Box 14863, Lexington, KY 40512-4863"
GA,31501,N,FEMALE,Atlantic Capital Life Assurance Company (Standard),ISSUE_AGE,123.17,123.17,,,114.55,114.55,866-458-1430,https://bankersfidelity.com/,"4370 Peachtree Road, NE Atlanta, GA  30319"
GA,31501,N,FEMALE,HealthSpring National Health Insurance Company,ISSUE_AGE,128.46,128.46,102.77,102.77,120.75,120.75,877-607-6002,https://www.cigna.com/medicare/shop-plans/supplemental/,"PO Box 5700, Scranton PA 18505-5700"
GA,31501,N,FEMALE,"Continental Life Insurance Company of Brentwood, Tennessee (Aetna)",ISSUE_AGE,130.2,130.2,121.09,121.09,,,800-358-8749 ,https://www.aetnamedicare.com/,"PO Box 14088 Lexington, KY 40515"
GA,31501,N,FEMALE,American Benefit Life Insurance Company,ISSUE_AGE,131.71,131.71,,,118.54,118.54,833-504-0331,https://lbig.com/,"1605 LBJ Freeway, Suite 700 Dallas, Texas 75234"
GA,31501,N,FEMALE,Bankers Life (Underwritten by Washington National Insurance Company),ISSUE_AGE,136.6,136.6,,,,,800-446-5018,https://www.bankerslife.com/medicare-supplement-insurance/?src=medicaregov&medium=listing,"11299 Illinois Street, Suite 200, Carmel, IN 46032"
GA,31501,N,FEMALE,Medico Insurance Company (Preferred),ISSUE_AGE,140,140,,,123.2,123.2,800-228-6080,https://www.gomedico.com/,"P.O. Box 10386 Des Moines, IA 50306-0386"
GA,31501,N,FEMALE,Humana (Emphesys Insurance Company),ISSUE_AGE,140.8,140.8,,,123.66,123.66,877-426-1269,https://www.humana.com/medicare/medicare-supplement-plans?kc=0321046030,"P.O. Box 14611 Lexington, KY 40512-4613"
GA,31501,N,FEMALE,State Farm Mutual Automobile Insurance Company,ISSUE_AGE,152.32,152.32,,,,,800-782-8332,https://www.statefarm.com/insurance/health/medicare-supplemental,"One State Farm Plaza, Bloomington, IL 61710"
GA,31501,N,FEMALE,Medico Insurance Company (Standard I),ISSUE_AGE,154,154,,,135.52,135.52,800-228-6080,https://www.gomedico.com/,"P.O. Box 10386 Des Moines, IA 50306-0386"
GA,31501,N,FEMALE,USAA Life Insurance Company,ISSUE_AGE,156.57,156.57,,,,,800-531-8722,https://www.usaa.com/inet/wc/insurance-health-medicare,"9800 Fredericksburg Rd. San Antonio, TX 78288"
GA,31501,N,FEMALE,Bankers Life (Underwritten by Washington National Insurance Company) (Substandard),ISSUE_AGE,168.41,168.41,,,,,800-446-5018,https://www.bankerslife.com/medicare-supplement-insurance/?src=medicaregov&medium=listing,"11299 Illinois Street, Suite 200, Carmel, IN 46032"
GA,31501,N,FEMALE,Mutual of Omaha (Omaha Supplemental Insurance Company),ISSUE_AGE,168.72,168.72,,,,,855-977-6312,https://www.mutualofomaha.com/medicaregov/,"3300 Mutual of Omaha Plaza, Omaha, NE 68175"
GA,31501,N,FEMALE,Physicians Life Insurance Company,ISSUE_AGE,169.21,169.21,,,150.41,150.41,800-325-6300,https://www.physiciansmutual.com/cs/products/medsup/medsup.html,"2600 Dodge Street, Omaha, Nebraska 68131"
GA,31501,N,FEMALE,Medico Insurance Company (Standard II),ISSUE_AGE,175,175,,,154,154,800-228-6080,https://www.gomedico.com/,"P.O. Box 10386 Des Moines, IA 50306-0386"
GA,31501,N,FEMALE,AARP - UnitedHealthcare Insurance Company (Standard),ISSUE_AGE,182.75,182.75,164.28,164.28,,,888-378-0849,https://www.aarpmedicaresupplement.com/,PO Box 9003; Huntingdon Valley PA 19006
GA,31501,N,FEMALE,HealthSpring National Health Insurance Company (Standard II),ISSUE_AGE,192.69,192.69,154.15,154.15,181.13,181.13,877-607-6002,https://www.cigna.com/medicare/shop-plans/supplemental/,"PO Box 5700, Scranton PA 18505-5700"
GA,31501,N,FEMALE,Anthem Blue Cross and Blue Shield - Georgia,ISSUE_AGE,193,193,173.5,173.5,,,888-211-9817,https://www.anthem.com/medicare/,"220 VIRGINIA AVENUE INDIANAPOLIS, IN  46204-3709"
GA,31501,N,FEMALE,GPM Health and Life Insurance Company,ISSUE_AGE,215.58,215.58,,,200.49,200.49,866-242-7573,https://www.gpmhealthandlife.com/wps/portal/home/products/medicare-supplement,"2211 N.E. Loop 410 San Antonio, TX 78217-4630"
GA,31501,N,FEMALE,Guarantee Trust Life Insurance Company,ISSUE_AGE,218.37,218.37,,,203.08,203.08,800-338-7452,https://www.gtlic.com/,"1275 Milwaukee Avenue Glenview, IL 60025"
GA,31501,N,FEMALE,United American Insurance Company,ISSUE_AGE,249,249,,,,,800-331-2512,https://www2.unitedamerican.com/,"3700 S Stonebridge Dr, McKinney, TX 75070"
GA,31501,N,FEMALE,AARP - UnitedHealthcare Insurance Company (Level 2),ISSUE_AGE,310.22,310.22,279,279,,,888-378-0849,https://www.aarpmedicaresupplement.com/,PO Box 9003; Huntingdon Valley PA 19006
GA,31601,G,MALE,Atlantic Capital Life Assurance Company (Preferred),ISSUE_AGE,150.82,150.82,,,140.26,140.26,866-458-1430,https://bankersfidelity.com/,"4370 Peachtree Road, NE Atlanta, GA  30319"
GA,31601,G,MALE,USAA Life Insurance Company,ISSUE_AGE,181.39,181.39,,,,,800-531-8722,https://www.usaa.com/inet/wc/insurance-health-medicare,"9800 Fredericksburg Rd. San Antonio, TX 78288"
GA,31601,G,MALE,LifeShield National Insurance Company,ISSUE_AGE,183.45,183.45,,,170.61,170.61,800-851-5041,https://www.lifeshieldnational.com/,"5500 N Western Avenue, Suite 200, Oklahoma City, OK 73118"
GA,31601,G,MALE,Atlantic Capital Life Assurance Company (Standard),ISSUE_AGE,188.06,188.06,,,174.9,174.9,866-458-1430,https://bankersfidelity.com/,"4370 Peachtree Road, NE Atlanta, GA  30319"
GA,31601,G,MALE,WoodmenLife,ISSUE_AGE,188.29,188.29,,,169.46,169.46,1-866-236-0029,https://www.woodmenlife.org/insurance/medicare-supplement-insurance/,"1700 Farnam Street, Omaha, NE 68102"
GA,31601,G,MALE,Bankers Life (Underwritten by Washington National Insurance Company),ISSUE_AGE,194.41,194.41,,,,,800-446-5018,https://www.bankerslife.com/medicare-supplement-insurance/?src=medicaregov&medium=listing,"11299 Illinois Street, Suite 200, Carmel, IN 46032"
GA,31601,G,MALE,HealthSpring National Health Insurance Company,ISSUE_AGE,197.46,197.46,157.97,157.97,185.62,185.62,877-607-6002,https://www.cigna.com/medicare/shop-plans/supplemental/,"PO Box 5700, Scranton PA 18505-5700"
GA,31601,G,MALE,Lumos Insurance,ISSUE_AGE,198.63,198.63,,,184.73,184.73,800-752-8328,https://www.lumosinsurance.com/life-health,"2701 North Main Street, Crossville, TN 38555"
GA,31601,G,MALE,Insurance Company of North America,ISSUE_AGE,199.92,199.92,,,185.93,185.93,215-640-1000,https://www.chubb.com/microsites/ace-medicare-supplement.html,436 Walnut Street
GA,31601,G,MALE,American Benefit Life Insurance Company,ISSUE_AGE,200.72,200.72,,,180.65,180.65,833-504-0331,https://lbig.com/,"1605 LBJ Freeway, Suite 700 Dallas, Texas 75234"
GA,31601,G,MALE,Humana (Emphesys Insurance Company),ISSUE_AGE,201.92,201.92,,,177.45,177.45,877-426-1269,https://www.humana.com/medicare/medicare-supplement-plans?kc=0321046030,"P.O. Box 14611 Lexington, KY 40512-4613"
GA,31601,G,MALE,Anthem Blue Cross and Blue Shield - Georgia,ISSUE_AGE,203,203,182.5,182.5,,,888-211-9817,https://www.anthem.com/medicare/,"220 VIRGINIA AVENUE INDIANAPOLIS, IN  46204-3709"
GA,31601,G,MALE,AFLAC,ISSUE_AGE,205.29,205.29,,,184.76,184.76,866-990-2668,https://www.aflac.com/individuals,"Aflac Tier One, PO Box 14863, Lexington, KY 40512-4863"
GA,31601,G,MALE,State Farm Mutual Automobile Insurance Company,ISSUE_AGE,219.47,219.47,,,,,800-782-8332,https://www.statefarm.com/insurance/health/medicare-supplemental,"One State Farm Plaza, Bloomington, IL 61710"
GA,31601,G,MALE,Medico Insurance Company (Preferred),ISSUE_AGE,221.23,221.23,,,194.68,194.68,800-228-6080,https://www.gomedico.com/,"P.O. Box 10386 Des Moines, IA 50306-0386"
GA,31601,G,MALE,Physicians Life Insurance Company,ISSUE_AGE,225.99,225.99,,,200.88,200.88,800-325-6300,https://www.physiciansmutual.com/cs/products/medsup/medsup.html,"2600 Dodge Street, Omaha, Nebraska 68131"
GA,31601,G,MALE,"Continental Life Insurance Company of Brentwood, Tennessee (Aetna)",ISSUE_AGE,228.99,228.99,212.96,212.96,212.96,212.96,800-358-8749 ,https://www.aetnamedicare.com/,"PO Box 14088 Lexington, KY 40515"
GA,31601,G,MALE,AARP - UnitedHealthcare Insurance Company (Standard),ISSUE_AGE,231.75,231.75,208.38,208.38,,,888-378-0849,https://www.aarpmedicaresupplement.com/,PO Box 9003; Huntingdon Valley PA 19006
GA,31601,G,MALE,Bankers Life (Underwritten by Washington National Insurance Company) (Substandard),ISSUE_AGE,239.75,239.75,,,,,800-446-5018,https://www.bankerslife.com/medicare-supplement-insurance/?src=medicaregov&medium=listing,"11299 Illinois Street, Suite 200, Carmel, IN 46032"
GA,31601,G,MALE,Medico Insurance Company (Standard I),ISSUE_AGE,243.35,243.35,,,214.15,214.15,800-228-6080,https://www.gomedico.com/,"P.O. Box 10386 Des Moines, IA 50306-0386"
GA,31601,G,MALE,Mutual of Omaha (Omaha Supplemental Insurance Company),ISSUE_AGE,268.77,268.77,,,,,855-977-6312,https://www.mutualofomaha.com/medicaregov/,"3300 Mutual of Omaha Plaza, Omaha, NE 68175"
GA,31601,G,MALE,Medico Insurance Company (Standard II),ISSUE_AGE,276.53,276.53,,,243.35,243.35,800-228-6080,https://www.gomedico.com/,"P.O. Box 10386 Des Moines, IA 50306-0386"
GA,31601,G,MALE,HealthSpring National Health Insurance Company (Standard II),ISSUE_AGE,296.2,296.2,236.96,236.96,278.42,278.42,877-607-6002,https://www.cigna.com/medicare/shop-plans/supplemental/,"PO Box 5700, Scranton PA 18505-5700"
GA,31601,G,MALE,GPM Health and Life Insurance Company,ISSUE_AGE,309.56,309.56,,,287.89,287.89,866-242-7573,https://www.gpmhealthandlife.com/wps/portal/home/products/medicare-supplement,"2211 N.E. Loop 410 San Antonio, TX 78217-4630"
GA,31601,G,MALE,Guarantee Trust Life Insurance Company,ISSUE_AGE,309.73,309.73,,,288.05,288.05,800-338-7452,https://www.gtlic.com/,"1275 Milwaukee Avenue Glenview, IL 60025"
GA,31601,G,MALE,United American Insurance Company,ISSUE_AGE,382,382,,,,,800-331-2512,https://www2.unitedamerican.com/,"3700 S Stonebridge Dr, McKinney, TX 75070"
GA,31601,G,MALE,AARP - UnitedHealthcare Insurance Company (Level 2),ISSUE_AGE,549.65,549.65,494.49,494.49,,,888-378-0849,https://www.aarpmedicaresupplement.com/,PO Box 9003; Huntingdon Valley PA 19006
GA,31601,G,FEMALE,Atlantic Capital Life Assurance Company (Preferred),ISSUE_AGE,131.47,131.47,,,122.27,122.27,866-458-1430,https://bankersfidelity.com/,"4370 Peachtree Road, NE Atlanta, GA  30319"
GA,31601,G,FEMALE,LifeShield National Insurance Company,ISSUE_AGE,159.52,159.52,,,148.35,148.35,800-851-5041,https://www.lifeshieldnational.com/,"5500 N Western Avenue, Suite 200, Oklahoma City, OK 73118"
GA,31601,G,FEMALE,WoodmenLife,ISSUE_AGE,163.73,163.73,,,147.36,147.36,1-866-236-0029,https://www.woodmenlife.org/insurance/medicare-supplement-insurance/,"1700 Farnam Street, Omaha, NE 68102"
GA,31601,G,FEMALE,Atlantic Capital Life Assurance Company (Standard),ISSUE_AGE,163.86,163.86,,,152.39,152.39,866-458-1430,https://bankersfidelity.com/,"4370 Peachtree Road, NE Atlanta, GA  30319"
GA,31601,G,FEMALE,HealthSpring National Health Insurance Company,ISSUE_AGE,171.71,171.71,137.37,137.37,161.41,161.41,877-607-6002,https://www.cigna.com/medicare/shop-plans/supplemental/,"PO Box 5700, Scranton PA 18505-5700"
GA,31601,G,FEMALE,American Benefit Life Insurance Company,ISSUE_AGE,174.54,174.54,,,157.09,157.09,833-504-0331,https://lbig.com/,"1605 LBJ Freeway, Suite 700 Dallas, Texas 75234"
GA,31601,G,FEMALE,Bankers Life (Underwritten by Washington National Insurance Company),ISSUE_AGE,175.07,175.07,,,,,800-446-5018,https://www.bankerslife.com/medicare-supplement-insurance/?src=medicaregov&medium=listing,"11299 Illinois Street, Suite 200, Carmel, IN 46032"
GA,31601,G,FEMALE,Insurance Company of North America,ISSUE_AGE,176.92,176.92,,,164.54,164.54,215-640-1000,https://www.chubb.com/microsites/ace-medicare-supplement.html,436 Walnut Street
GA,31601,G,FEMALE,Humana (Emphesys Insurance Company),ISSUE_AGE,178.68,178.68,,,157,157,877-426-1269,https://www.humana.com/medicare/medicare-supplement-plans?kc=0321046030,"P.O. Box 14611 Lexington, KY 40512-4613"
GA,31601,G,FEMALE,AFLAC,ISSUE_AGE,179.22,179.22,,,161.3,161.3,866-990-2668,https://www.aflac.com/individuals,"Aflac Tier One, PO Box 14863, Lexington, KY 40512-4863"
GA,31601,G,FEMALE,Lumos Insurance,ISSUE_AGE,180.58,180.58,,,167.94,167.94,800-752-8328,https://www.lumosinsurance.com/life-health,"2701 North Main Street, Crossville, TN 38555"
GA,31601,G,FEMALE,USAA Life Insurance Company,ISSUE_AGE,181.39,181.39,,,,,800-531-8722,https://www.usaa.com/inet/wc/insurance-health-medicare,"9800 Fredericksburg Rd. San Antonio, TX 78288"
GA,31601,G,FEMALE,Anthem Blue Cross and Blue Shield - Georgia,ISSUE_AGE,182,182,163.6,163.6,,,888-211-9817,https://www.anthem.com/medicare/,"220 VIRGINIA AVENUE INDIANAPOLIS, IN  46204-3709"
GA,31601,G,FEMALE,Medico Insurance Company (Preferred),ISSUE_AGE,192.37,192.37,,,169.29,169.29,800-228-6080,https://www.gomedico.com/,"P.O. Box 10386 Des Moines, IA 50306-0386"
GA,31601,G,FEMALE,State Farm Mutual Automobile Insurance Company,ISSUE_AGE,198.73,198.73,,,,,800-782-8332,https://www.statefarm.com/insurance/health/medicare-supplemental,"One State Farm Plaza, Bloomington, IL 61710"
GA,31601,G,FEMALE,"Continental Life Insurance Company of Brentwood, Tennessee (Aetna)",ISSUE_AGE,199.09,199.09,185.15,185.15,,,800-358-8749 ,https://www.aetnamedicare.com/,"PO Box 14088 Lexington, KY 40515"
GA,31601,G,FEMALE,Physicians Life Insurance Company,ISSUE_AGE,204.49,204.49,,,181.77,181.77,800-325-6300,https://www.physiciansmutual.com/cs/products/medsup/medsup.html,"2600 Dodge Street, Omaha, Nebraska 68131"
GA,31601,G,FEMALE,AARP - UnitedHealthcare Insurance Company (Standard),ISSUE_AGE,205.25,205.25,184.53,184.53,,,888-378-0849,https://www.aarpmedicaresupplement.com/,PO Box 9003; Huntingdon Valley PA 19006
GA,31601,G,FEMALE,Medico Insurance Company (Standard I),ISSUE_AGE,211.61,211.61,,,186.22,186.22,800-228-6080,https://www.gomedico.com/,"P.O. Box 10386 Des Moines, IA 50306-0386"
GA,31601,G,FEMALE,Bankers Life (Underwritten by Washington National Insurance Company) (Substandard),ISSUE_AGE,215.89,215.89,,,,,800-446-5018,https://www.bankerslife.com/medicare-supplement-insurance/?src=medicaregov&medium=listing,"11299 Illinois Street, Suite 200, Carmel, IN 46032"
GA,31601,G,FEMALE,Mutual of Omaha (Omaha Supplemental Insurance Company),ISSUE_AGE,233.71,233.71,,,,,855-977-6312,https://www.mutualofomaha.com/medicaregov/,"3300 Mutual of Omaha Plaza, Omaha, NE 68175"
GA,31601,G,FEMALE,Medico Insurance Company (Standard II),ISSUE_AGE,240.47,240.47,,,211.61,211.61,800-228-6080,https://www.gomedico.com/,"P.O. Box 10386 Des Moines, IA 50306-0386"
GA,31601,G,FEMALE,HealthSpring National Health Insurance Company (Standard II),ISSUE_AGE,257.56,257.56,206.05,206.05,242.11,242.11,877-607-6002,https://www.cigna.com/medicare/shop-plans/supplemental/,"PO Box 5700, Scranton PA 18505-5700"
GA,31601,G,FEMALE,GPM Health and Life Insurance Company,ISSUE_AGE,269.17,269.17,,,250.33,250.33,866-242-7573,https://www.gpmhealthandlife.com/wps/portal/home/products/medicare-supplement,"2211 N.E. Loop 410 San Antonio, TX 78217-4630"
GA,31601,G,FEMALE,Guarantee Trust Life Insurance Company,ISSUE_AGE,276.54,276.54,,,257.18,257.18,800-338-7452,https://www.gtlic.com/,"1275 Milwaukee Avenue Glenview, IL 60025"
GA,31601,G,FEMALE,United American Insurance Company,ISSUE_AGE,332,332,,,,,800-331-2512,https://www2.unitedamerican.com/,"3700 S Stonebridge Dr, McKinney, TX 75070"
GA,31601,G,FEMALE,AARP - UnitedHealthcare Insurance Company (Level 2),ISSUE_AGE,487.11,487.11,438.2,438.2,,,888-378-0849,https://www.aarpmedicaresupplement.com/,PO Box 9003; Huntingdon Valley PA 19006
GA,31601,N,MALE,New Era Life Insurance Company,ISSUE_AGE,111.23,111.23,,,,,877-417-7555,http://www.neweralife.com/,"P.O. Box 4884, Houston, TX 77210-4884"
GA,31601,N,MALE,Atlantic Capital Life Assurance Company (Preferred),ISSUE_AGE,113.4,113.4,,,105.46,105.46,866-458-1430,https://bankersfidelity.com/,"4370 Peachtree Road, NE Atlanta, GA  30319"
GA,31601,N,MALE,HealthSpring National Health Insurance Company,ISSUE_AGE,128.03,128.03,102.43,102.43,120.35,120.35,877-607-6002,https://www.cigna.com/medicare/shop-plans/supplemental/,"PO Box 5700, Scranton PA 18505-5700"
GA,31601,N,MALE,Insurance Company of North America,ISSUE_AGE,130.33,130.33,,,121.21,121.21,215-640-1000,https://www.chubb.com/microsites/ace-medicare-supplement.html,436 Walnut Street
GA,31601,N,MALE,Lumos Insurance,ISSUE_AGE,130.7,130.7,,,121.55,121.55,800-752-8328,https://www.lumosinsurance.com/life-health,"2701 North Main Street, Crossville, TN 38555"
GA,31601,N,MALE,WoodmenLife,ISSUE_AGE,132.4,132.4,,,119.16,119.16,1-866-236-0029,https://www.woodmenlife.org/insurance/medicare-supplement-insurance/,"1700 Farnam Street, Omaha, NE 68102"
GA,31601,N,MALE,LifeShield National Insurance Company,ISSUE_AGE,135.24,135.24,,,125.77,125.77,800-851-5041,https://www.lifeshieldnational.com/,"5500 N Western Avenue, Suite 200, Oklahoma City, OK 73118"
GA,31601,N,MALE,AFLAC,ISSUE_AGE,137.7,137.7,,,123.93,123.93,866-990-2668,https://www.aflac.com/individuals,"Aflac Tier One, PO Box 14863, Lexington, KY 40512-4863"
GA,31601,N,MALE,Atlantic Capital Life Assurance Company (Standard),ISSUE_AGE,141.3,141.3,,,131.41,131.41,866-458-1430,https://bankersfidelity.com/,"4370 Peachtree Road, NE Atlanta, GA  30319"
GA,31601,N,MALE,"Continental Life Insurance Company of Brentwood, Tennessee (Aetna)",ISSUE_AGE,149.69,149.69,139.21,139.21,139.21,139.21,800-358-8749 ,https://www.aetnamedicare.com/,"PO Box 14088 Lexington, KY 40515"
GA,31601,N,MALE,American Benefit Life Insurance Company,ISSUE_AGE,151.46,151.46,,,136.31,136.31,833-504-0331,https://lbig.com/,"1605 LBJ Freeway, Suite 700 Dallas, Texas 75234"
GA,31601,N,MALE,Bankers Life (Underwritten by Washington National Insurance Company),ISSUE_AGE,151.65,151.65,,,,,800-446-5018,https://www.bankerslife.com/medicare-supplement-insurance/?src=medicaregov&medium=listing,"11299 Illinois Street, Suite 200, Carmel, IN 46032"
GA,31601,N,MALE,Humana (Emphesys Insurance Company),ISSUE_AGE,152.74,152.74,,,134.17,134.17,877-426-1269,https://www.humana.com/medicare/medicare-supplement-plans?kc=0321046030,"P.O. Box 14611 Lexington, KY 40512-4613"
GA,31601,N,MALE,USAA Life Insurance Company,ISSUE_AGE,156.57,156.57,,,,,800-531-8722,https://www.usaa.com/inet/wc/insurance-health-medicare,"9800 Fredericksburg Rd. San Antonio, TX 78288"
GA,31601,N,MALE,Medico Insurance Company (Preferred),ISSUE_AGE,161,161,,,141.68,141.68,800-228-6080,https://www.gomedico.com/,"P.O. Box 10386 Des Moines, IA 50306-0386"
GA,31601,N,MALE,State Farm Mutual Automobile Insurance Company,ISSUE_AGE,169.75,169.75,,,,,800-782-8332,https://www.statefarm.com/insurance/health/medicare-supplemental,"One State Farm Plaza, Bloomington, IL 61710"
GA,31601,N,MALE,Medico Insurance Company (Standard I),ISSUE_AGE,177.1,177.1,,,155.85,155.85,800-228-6080,https://www.gomedico.com/,"P.O. Box 10386 Des Moines, IA 50306-0386"
GA,31601,N,MALE,Mutual of Omaha (Omaha Supplemental Insurance Company),ISSUE_AGE,177.33,177.33,,,,,855-977-6312,https://www.mutualofomaha.com/medicaregov/,"3300 Mutual of Omaha Plaza, Omaha, NE 68175"
GA,31601,N,MALE,Bankers Life (Underwritten by Washington National Insurance Company) (Substandard),ISSUE_AGE,186.99,186.99,,,,,800-446-5018,https://www.bankerslife.com/medicare-supplement-insurance/?src=medicaregov&medium=listing,"11299 Illinois Street, Suite 200, Carmel, IN 46032"
GA,31601,N,MALE,Physicians Life Insurance Company,ISSUE_AGE,187.04,187.04,,,166.26,166.26,800-325-6300,https://www.physiciansmutual.com/cs/products/medsup/medsup.html,"2600 Dodge Street, Omaha, Nebraska 68131"
GA,31601,N,MALE,HealthSpring National Health Insurance Company (Standard II),ISSUE_AGE,192.05,192.05,153.64,153.64,180.53,180.53,877-607-6002,https://www.cigna.com/medicare/shop-plans/supplemental/,"PO Box 5700, Scranton PA 18505-5700"
GA,31601,N,MALE,Medico Insurance Company (Standard II),ISSUE_AGE,201.25,201.25,,,177.1,177.1,800-228-6080,https://www.gomedico.com/,"P.O. Box 10386 Des Moines, IA 50306-0386"
GA,31601,N,MALE,AARP - UnitedHealthcare Insurance Company (Standard),ISSUE_AGE,206,206,185.2,185.2,,,888-378-0849,https://www.aarpmedicaresupplement.com/,PO Box 9003; Huntingdon Valley PA 19006
GA,31601,N,MALE,Anthem Blue Cross and Blue Shield - Georgia,ISSUE_AGE,213,213,191.5,191.5,,,888-211-9817,https://www.anthem.com/medicare/,"220 VIRGINIA AVENUE INDIANAPOLIS, IN  46204-3709"
GA,31601,N,MALE,Guarantee Trust Life Insurance Company,ISSUE_AGE,244.58,244.58,,,227.46,227.46,800-338-7452,https://www.gtlic.com/,"1275 Milwaukee Avenue Glenview, IL 60025"
GA,31601,N,MALE,GPM Health and Life Insurance Company,ISSUE_AGE,247.89,247.89,,,230.54,230.54,866-242-7573,https://www.gpmhealthandlife.com/wps/portal/home/products/medicare-supplement,"2211 N.E. Loop 410 San Antonio, TX 78217-4630"
GA,31601,N,MALE,United American Insurance Company,ISSUE_AGE,286,286,,,,,800-331-2512,https://www2.unitedamerican.com/,"3700 S Stonebridge Dr, McKinney, TX 75070"
GA,31601,N,MALE,AARP - UnitedHealthcare Insurance Company (Level 2),ISSUE_AGE,349.52,349.52,314.37,314.37,,,888-378-0849,https://www.aarpmedicaresupplement.com/,PO Box 9003; Huntingdon Valley PA 19006
GA,31601,N,FEMALE,New Era Life Insurance Company,ISSUE_AGE,98.42,98.42,,,,,877-417-7555,http://www.neweralife.com/,"P.O. Box 4884, Houston, TX 77210-4884"
GA,31601,N,FEMALE,Atlantic Capital Life Assurance Company (Preferred),ISSUE_AGE,98.89,98.89,,,91.97,91.97,866-458-1430,https://bankersfidelity.com/,"4370 Peachtree Road, NE Atlanta, GA  30319"
GA,31601,N,FEMALE,HealthSpring National Health Insurance Company,ISSUE_AGE,111.33,111.33,89.07,89.07,104.65,104.65,877-607-6002,https://www.cigna.com/medicare/shop-plans/supplemental/,"PO Box 5700, Scranton PA 18505-5700"
GA,31601,N,FEMALE,WoodmenLife,ISSUE_AGE,115.12,115.12,,,103.61,103.61,1-866-236-0029,https://www.woodmenlife.org/insurance/medicare-supplement-insurance/,"1700 Farnam Street, Omaha, NE 68102"
GA,31601,N,FEMALE,Insurance Company of North America,ISSUE_AGE,115.33,115.33,,,107.26,107.26,215-640-1000,https://www.chubb.com/microsites/ace-medicare-supplement.html,436 Walnut Street
GA,31601,N,FEMALE,LifeShield National Insurance Company,ISSUE_AGE,117.6,117.6,,,109.37,109.37,800-851-5041,https://www.lifeshieldnational.com/,"5500 N Western Avenue, Suite 200, Oklahoma City, OK 73118"
GA,31601,N,FEMALE,Lumos Insurance,ISSUE_AGE,118.83,118.83,,,110.51,110.51,800-752-8328,https://www.lumosinsurance.com/life-health,"2701 North Main Street, Crossville, TN 38555"
GA,31601,N,FEMALE,AFLAC,ISSUE_AGE,120.21,120.21,,,108.19,108.19,866-990-2668,https://www.aflac.com/individuals,"Aflac Tier One, PO Box 14863, Lexington, KY 40512-4863"
GA,31601,N,FEMALE,Atlantic Capital Life Assurance Company (Standard),ISSUE_AGE,123.17,123.17,,,114.55,114.55,866-458-1430,https://bankersfidelity.com/,"4370 Peachtree Road, NE Atlanta, GA  30319"
GA,31601,N,FEMALE,"Continental Life Insurance Company of Brentwood, Tennessee (Aetna)",ISSUE_AGE,130.2,130.2,121.09,121.09,,,800-358-8749 ,https://www.aetnamedicare.com/,"PO Box 14088 Lexington, KY 40515"
GA,31601,N,FEMALE,American Benefit Life Insurance Company,ISSUE_AGE,131.71,131.71,,,118.54,118.54,833-504-0331,https://lbig.com/,"1605 LBJ Freeway, Suite 700 Dallas, Texas 75234"
GA,31601,N,FEMALE,Humana (Emphesys Insurance Company),ISSUE_AGE,135.17,135.17,,,118.71,118.71,877-426-1269,https://www.humana.com/medicare/medicare-supplement-plans?kc=0321046030,"P.O. Box 14611 Lexington, KY 40512-4613"
GA,31601,N,FEMALE,Bankers Life (Underwritten by Washington National Insurance Company),ISSUE_AGE,136.6,136.6,,,,,800-446-5018,https://www.bankerslife.com/medicare-supplement-insurance/?src=medicaregov&medium=listing,"11299 Illinois Street, Suite 200, Carmel, IN 46032"
GA,31601,N,FEMALE,Medico Insurance Company (Preferred),ISSUE_AGE,140,140,,,123.2,123.2,800-228-6080,https://www.gomedico.com/,"P.O. Box 10386 Des Moines, IA 50306-0386"
GA,31601,N,FEMALE,State Farm Mutual Automobile Insurance Company,ISSUE_AGE,152.32,152.32,,,,,800-782-8332,https://www.statefarm.com/insurance/health/medicare-supplemental,"One State Farm Plaza, Bloomington, IL 61710"
GA,31601,N,FEMALE,Medico Insurance Company (Standard I),ISSUE_AGE,154,154,,,135.52,135.52,800-228-6080,https://www.gomedico.com/,"P.O. Box 10386 Des Moines, IA 50306-0386"
GA,31601,N,FEMALE,Mutual of Omaha (Omaha Supplemental Insurance Company),ISSUE_AGE,154.21,154.21,,,,,855-977-6312,https://www.mutualofomaha.com/medicaregov/,"3300 Mutual of Omaha Plaza, Omaha, NE 68175"
GA,31601,N,FEMALE,USAA Life Insurance Company,ISSUE_AGE,156.57,156.57,,,,,800-531-8722,https://www.usaa.com/inet/wc/insurance-health-medicare,"9800 Fredericksburg Rd. San Antonio, TX 78288"
GA,31601,N,FEMALE,HealthSpring National Health Insurance Company (Standard II),ISSUE_AGE,167,167,133.6,133.6,156.98,156.98,877-607-6002,https://www.cigna.com/medicare/shop-plans/supplemental/,"PO Box 5700, Scranton PA 18505-5700"
GA,31601,N,FEMALE,Bankers Life (Underwritten by Washington National Insurance Company) (Substandard),ISSUE_AGE,168.41,168.41,,,,,800-446-5018,https://www.bankerslife.com/medicare-supplement-insurance/?src=medicaregov&medium=listing,"11299 Illinois Street, Suite 200, Carmel, IN 46032"
GA,31601,N,FEMALE,Physicians Life Insurance Company,ISSUE_AGE,169.21,169.21,,,150.41,150.41,800-325-6300,https://www.physiciansmutual.com/cs/products/medsup/medsup.html,"2600 Dodge Street, Omaha, Nebraska 68131"
GA,31601,N,FEMALE,Medico Insurance Company (Standard II),ISSUE_AGE,175,175,,,154,154,800-228-6080,https://www.gomedico.com/,"P.O. Box 10386 Des Moines, IA 50306-0386"
GA,31601,N,FEMALE,AARP - UnitedHealthcare Insurance Company (Standard),ISSUE_AGE,182.75,182.75,164.28,164.28,,,888-378-0849,https://www.aarpmedicaresupplement.com/,PO Box 9003; Huntingdon Valley PA 19006
GA,31601,N,FEMALE,Anthem Blue Cross and Blue Shield - Georgia,ISSUE_AGE,193,193,173.5,173.5,,,888-211-9817,https://www.anthem.com/medicare/,"220 VIRGINIA AVENUE INDIANAPOLIS, IN  46204-3709"
GA,31601,N,FEMALE,GPM Health and Life Insurance Company,ISSUE_AGE,215.58,215.58,,,200.49,200.49,866-242-7573,https://www.gpmhealthandlife.com/wps/portal/home/products/medicare-supplement,"2211 N.E. Loop 410 San Antonio, TX 78217-4630"
GA,31601,N,FEMALE,Guarantee Trust Life Insurance Company,ISSUE_AGE,218.37,218.37,,,203.08,203.08,800-338-7452,https://www.gtlic.com/,"1275 Milwaukee Avenue Glenview, IL 60025"
GA,31601,N,FEMALE,United American Insurance Company,ISSUE_AGE,249,249,,,,,800-331-2512,https://www2.unitedamerican.com/,"3700 S Stonebridge Dr, McKinney, TX 75070"
GA,31601,N,FEMALE,AARP - UnitedHealthcare Insurance Company (Level 2),ISSUE_AGE,310.22,310.22,279,279,,,888-378-0849,https://www.aarpmedicaresupplement.com/,PO Box 9003; Huntingdon Valley PA 19006
